Num_Acc,an,mois,jour,hrmn,lum,agg,int,atm,col,com,adr,gps,lat,long,dep
201400053584,14,1,24,2020,5,2,2,1.0,3.0,120.0,"1, AVENUE DE LA PORTE DE",,,,750
200800071367,8,12,6,930,1,2,1,1.0,7.0,218.0,"01, FRANCHET D'ESPEREY M",,,,420
201500033498,15,9,29,2005,5,2,1,1.0,1.0,351.0,"12, R MICHEL DELAROCHE",M,4950065.0,10415,760
201600027335,16,1,21,1825,2,2,3,5.0,3.0,201.0,AV AEROPORT/R PIERRELOTI,M,4418600.0,59980,470
201000047600,10,7,7,955,1,2,1,1.0,3.0,549.0,CROIX BLANCHE (AVENUE DE,,,,910
201200034869,12,12,14,2030,5,2,3,3.0,3.0,445.0,25 AV DU LOUP,,,,640
201500046915,15,1,30,1440,1,1,1,1.0,4.0,692.0,RN 118,M,4867182.0,219381,910
201200059076,12,4,12,650,1,2,2,1.0,3.0,120.0,"10, BOULEVARD DAVOUT",,,,750
201100053398,11,3,14,920,1,1,1,1.0,6.0,78.0,AUTOROUTE A104,,,,930
201100056146,11,5,9,2215,5,1,1,1.0,5.0,119.0,ROUTE NATIONALE 230,,,,330
201600026521,16,6,16,1815,1,1,1,1.0,7.0,170.0,"0, R.D 504",M,4603710.0,412623,420
201000014574,10,3,26,2130,3,1,1,1.0,1.0,234.0,,M,4652690.0,221444,180
200800022759,8,2,11,1000,1,1,1,1.0,6.0,524.0,A13,,,,780
200500051461,5,8,12,2315,3,1,1,1.0,7.0,31.0,SAINT MAURICE (ROUTE DE),,,,420
200500081306,5,12,11,1720,2,2,2,1.0,3.0,184.0,"1, CHAILLON (RUE ETIENNE",,,,440
201000025029,10,8,31,1815,1,2,1,1.0,3.0,8.0,rue François  Monier,M,4794400.0,19000,720
200700008629,7,2,1,755,2,1,3,1.0,3.0,32.0,TANNE (AV. DE LA),,,,340
201600011820,16,8,29,1400,1,1,1,1.0,2.0,116.0,,M,0.0,0,830
201200040075,12,6,5,1809,1,2,2,1.0,6.0,85.0,"42, JAURES (RUE JEAN)",,,,870
200600010959,6,2,16,1200,1,2,1,1.0,3.0,388.0,"36, PAUL CAZENEUVE",,,,690
200500042593,5,7,16,230,3,1,1,1.0,1.0,39.0,,M,4345900.0,365800,340
200800034752,8,6,17,1720,1,2,2,1.0,3.0,424.0,VICTOR BORDIER (BOULEVAR,,,,950
201100013882,11,7,2,2230,3,1,1,1.0,2.0,51.0,LA RODERIE,M,4782702.0,236358,450
201400045162,14,5,22,2044,2,2,2,1.0,3.0,68.0,CAR DU 8 MAI 1945,M,4880220.0,249207,940
201600040160,16,6,4,1545,1,2,1,1.0,6.0,14.0,MAURICE AUDIN (ALLEE),,,,930
200700010670,7,2,28,1600,1,2,1,3.0,6.0,10.0,"62, MONTBELIARD (FAUBOUR",,,,900
200900070285,9,9,8,1431,1,1,1,1.0,6.0,136.0,RN 188 PARIS / A 10 PROV,,,,910
201400017349,14,9,30,845,1,1,1,1.0,6.0,331.0,,M,4814197.0,417831,100
200900054326,9,11,20,915,1,1,1,1.0,7.0,533.0,,M,0.0,0,330
201100039625,11,4,2,1550,1,2,1,1.0,6.0,256.0,"22, GEORGES DIMITROV",,,,690
201400034748,14,4,5,1750,1,1,4,9.0,3.0,486.0,AV DU CIRCUIT,M,4932174.0,99545,760
201000069055,10,7,1,830,1,1,1,1.0,3.0,11.0,LITTORAL (ROUTE 2 DU),,,,974
201000049056,10,1,18,1750,5,2,1,1.0,6.0,50.0,"54, FUSILLES DE LA RESIS",,,,920
200700083191,7,7,1,500,5,2,1,1.0,3.0,302.0,"363, RABAN (ROUTE DE)",,,,973
201100025985,11,9,1,1223,1,2,1,1.0,2.0,7.0,CACHIN (AVE  MARCEL),,,,300
200600064619,6,10,28,1930,2,2,1,1.0,3.0,63.0,"15, JUIN (AVENUE DU MARE",,,,920
200800070921,8,12,18,1450,1,1,6,1.0,2.0,218.0,"sans, RN23",,,,280
201000060690,10,2,3,1100,1,2,2,2.0,6.0,105.0,"61, BOULEVARD SAINT MICH",,,,750
200600003871,6,1,8,1445,1,2,2,1.0,3.0,81.0,YOURI GAGARINE (AV),,,,940
201100062170,11,8,30,2345,5,2,7,1.0,3.0,116.0,PLACE DE LA PORTE D AUTE,,,,750
200800022510,8,4,4,1425,1,1,1,1.0,6.0,462.0,AUTOROUTE A1,,,,590
201400050938,14,12,5,700,4,1,1,1.0,6.0,275.0,RN346   29.300 A 34.350,,,,690
200600029102,6,5,20,1200,1,2,1,2.0,4.0,1.0,"103, JEAN JAURES (AVE) 5",,,,930
201600028473,16,11,10,1715,3,2,2,2.0,6.0,454.0,RUE ERNEST RENAN,M,4926233.0,400974,510
201200008286,12,1,19,1700,1,1,1,1.0,6.0,136.0,,M,4344900.0,631500,830
201000017404,10,4,18,350,5,2,1,1.0,6.0,102.0,"294, Boulevard Charles D",,,,70
200700069191,7,11,15,1108,1,2,1,4.0,4.0,218.0,"140, FAURIEL (COURS)",,,,420
200800048707,8,9,17,1015,3,1,1,1.0,1.0,14.0,,M,5064900.0,232500,620
200600068012,6,11,29,1725,3,1,1,2.0,1.0,613.0,RD 50,,,,590
200500009707,5,2,8,740,2,2,2,1.0,6.0,20.0,", DIVISION LECLERC AVENU",,,,920
200700043426,7,7,12,1530,1,1,1,2.0,2.0,260.0,RN 165 -SENS NANTES / LO,,,,560
200600009089,6,2,13,1510,1,2,1,1.0,6.0,482.0,"10, CLAIRVIVRE (RUE DE)",,,,670
200500035806,5,6,22,605,1,1,1,1.0,6.0,363.0,CHELLES CD 34 ( ROUTE ),,,,770
201000022801,10,1,10,1420,1,2,1,1.0,2.0,55.0,"19, TRA DE LA TREVARESSE",,,,130
201100013640,11,2,17,745,1,2,2,1.0,3.0,142.0,Intersection CD21 - D85,M,4886017.0,292425,770
200700040745,7,7,27,1515,1,2,1,1.0,3.0,478.0,GRANDE RUE,M,0.0,0,890
201600017880,16,10,18,1400,1,1,1,1.0,7.0,187.0,CHAROUX,M,0.0,0,260
201500012620,15,1,20,1940,5,2,1,1.0,2.0,387.0,CHARMILLES (MAIL DES),,,,100
201300008869,13,9,3,1045,1,1,1,1.0,3.0,247.0,20137,M,0.0,0,201
200800028079,8,5,1,945,1,1,1,1.0,3.0,185.0,,M,4485600.0,-23500,330
201100065724,11,4,11,1804,5,1,1,1.0,4.0,13.0,"RN, GRAND BAIE ( RN4)",,,,971
201200001975,12,7,15,2000,1,1,2,1.0,3.0,149.0,le trésor,M,0.0,0,440
201300004243,13,9,5,1815,1,1,1,1.0,1.0,112.0,,M,0.0,0,820
200700043000,7,7,31,1723,1,2,1,1.0,4.0,202.0,"1, OCCITANIE (AVENUE DE",,,,360
200900010164,9,1,5,750,5,2,1,4.0,7.0,660.0,NATIONALE(RUE)R.SCHOENEC,,,,570
200700048917,7,8,11,1410,1,2,1,1.0,1.0,55.0,ROSIERS (TRAVERSE DES),,,,130
201600000588,16,7,25,1800,1,2,1,1.0,3.0,624.0,"545, R ROBERT LEFRANC",M,4987750.0,122917,760
201100064884,11,10,20,1500,1,2,1,1.0,2.0,117.0,PORTE D ASNIERES,,,,750
201100066834,11,5,19,640,2,2,3,1.0,3.0,16.0,"SANS, HUBERT DE LISLE(BO",,,,974
200500046703,5,7,29,1550,1,1,1,1.0,6.0,62.0,"IGNORE, QUATRE (CHEMIN)",,,,830
201100001761,11,5,22,915,1,1,1,1.0,1.0,136.0,,M,0.0,0,220
201000013043,10,11,3,1900,5,2,1,1.0,3.0,150.0,avenue Chassefières,M,4335700.0,352600,340
201000001385,10,6,1,1900,1,1,1,2.0,1.0,278.0,,M,4889960.0,145223,270
200800044959,8,8,3,1630,1,2,2,1.0,3.0,149.0,"219, GRANDE RUE",,,,690
200800064702,8,11,16,1630,1,2,1,2.0,2.0,99.0,"181, TROIS PROVINCES (AV",,,,490
201200053301,12,11,5,650,2,1,1,1.0,6.0,5.0,A50-SENS AUBAGNE*VERS MA,M,4328740.0,554037,130
200700047145,7,8,24,945,1,1,1,1.0,1.0,276.0,,M,4545800.0,156400,190
201600023621,16,1,26,1550,1,2,1,1.0,3.0,281.0,"36, AVE MARCEL DASSAULT",M,4484790.0,-68652,330
201000062475,10,8,22,857,1,2,1,1.0,6.0,111.0,"109, BOULEVARD DE MENILM",,,,750
200800070673,8,12,19,1310,1,2,2,1.0,6.0,366.0,"11, SAINTE ANNE (BOULEVA",,,,140
200700075887,7,12,4,1030,1,2,1,1.0,6.0,80.0,avenue Foch,M,4473400.0,385700,480
201400003082,14,2,21,1515,1,1,1,9.0,1.0,126.0,,M,4649400.0,78600,860
201200012677,12,7,20,430,3,1,1,1.0,2.0,202.0,,M,4683200.0,165271,360
200700064163,7,10,14,225,5,2,1,1.0,6.0,599.0,"1, HAVRE (QUAI DU)",,,,590
201400027390,14,7,25,1655,1,2,1,3.0,6.0,218.0,"32, MICHELET A PARTIR N?",M,4543471.0,438960,420
200700042313,7,7,2,1830,1,2,6,1.0,3.0,15.0,"0, SAINTES (RUE DE)",,,,160
200900029544,9,6,22,2330,3,1,6,1.0,7.0,19.0,,M,4.0,0,840
201200053699,12,9,30,1940,5,2,1,1.0,3.0,109.0,"29, BOULEVARD HAUSSMANN",,,,750
200700002098,7,1,23,1730,1,2,1,8.0,4.0,55.0,LÉON BANCAL (RUE),,,,130
200900048436,9,8,10,1240,1,2,9,1.0,6.0,109.0,"00, BOULEVARD SALVADOR A",,,,440
201200030884,12,12,8,1035,1,2,2,1.0,3.0,395.0,"43, FOCH (AVENUE 2 A 16/",M,4868751.0,617062,540
201000014268,10,7,19,715,1,1,1,1.0,1.0,144.0,,M,4877000.0,289000,770
200600026130,6,5,26,2043,1,2,9,1.0,3.0,56.0,OUEST BOULEVARD,,,,250
200900007899,9,4,23,2330,3,1,1,1.0,6.0,232.0,LD LA SABOTIï¿½RE/LA FORGE,M,4.0,0,360
201400010142,14,2,19,1230,1,2,1,1.0,3.0,123.0,"550, VESPINS ROUTE DES",,,,60
200500014109,5,3,5,1600,1,2,1,1.0,3.0,88.0,"0, SEMARD (BD PIERRE)",,,,60
200600026475,6,5,18,1320,1,2,2,2.0,3.0,63.0,RUE ESPRIT-DES-LOIS,,,,330
200800039264,8,7,26,410,5,2,1,1.0,1.0,63.0,QUAI DE BRIENNE,,,,330
200500012005,5,2,3,1845,3,1,1,1.0,5.0,196.0,,M,4379800.0,332700,340
200700000226,7,1,27,1215,1,2,1,1.0,6.0,105.0,rue Pasteur,M,4851400.0,-407200,290
201400031734,14,10,6,2130,3,1,1,2.0,7.0,65.0,RD 917,M,5040058.0,282493,620
201200026646,12,4,25,725,1,2,3,3.0,4.0,281.0,"00, MERMOZ (BOULEVARD JE",,,,350
201400003370,14,1,30,800,2,1,1,2.0,5.0,61.0,,M,0.0,0,790
200800042376,8,7,31,1026,1,2,1,1.0,3.0,115.0,PLACE DES CINQ MARTYRS D,,,,750
200900059311,9,9,24,630,5,2,2,1.0,3.0,381.0,CAPUCINS (DES),,,,690
200800014125,8,3,5,2215,5,2,3,1.0,3.0,55.0,"48, JEAN LOLIVE (AVENUE)",,,,930
201400059374,14,6,7,8,3,2,1,1.0,5.0,7.0,ROUTE NATIONALE N? 1,R,0.0,0,974
201000003265,10,8,20,145,3,1,1,1.0,2.0,129.0,,M,4742300.0,-212400,440
201500041706,15,7,26,1550,1,1,1,2.0,2.0,78.0,SAUSSET (AVENUE DU),,,,930
201600044705,16,3,25,2115,3,1,1,1.0,6.0,44.0,RN406.W,M,4875740.0,247612,940
200800054738,8,9,25,1155,1,2,2,1.0,2.0,440.0,PAUL RAOULT (AVENUE),,,,780
200900047769,9,11,30,1045,1,2,1,1.0,7.0,306.0,"0, CLEMENCEAU  GEORGES (",,,,170
201300040120,13,10,4,2000,5,2,1,1.0,2.0,51.0,"125, GENERAL KOENIG (BOU",,,,920
200800041929,8,7,23,40,5,2,1,1.0,6.0,389.0,"0, PLACE DU PORT MOUTON",,,,690
200700008615,7,2,28,1010,1,2,3,1.0,3.0,63.0,RUE BERTRAND DE GOTH,,,,330
200800056419,8,10,16,1715,1,1,1,1.0,2.0,100.0,,M,4848400.0,283900,770
200500073500,5,11,24,1930,5,2,3,2.0,3.0,69.0,RUE MOLIERE,,,,330
201400038974,14,2,16,2310,5,2,3,1.0,2.0,4.0,"NS, DOCTEUR DERVAUX  ( Q",,,,920
201000037922,10,5,14,1200,1,2,1,1.0,6.0,456.0,"9, JULES GUESDE(RUE)",,,,590
201600033329,16,7,7,1430,1,2,1,1.0,6.0,153.0,8 BD SCHNEIDER,M,4680660.0,442817,710
201400003528,14,5,9,1630,1,2,1,1.0,3.0,232.0,ave du président kennedy,M,4376095.0,130001,310
201400044790,14,12,17,930,1,2,1,2.0,6.0,38.0,"15, PAUL VAILLANT COUTUR",,,,940
201600047728,16,8,26,2012,1,1,1,1.0,3.0,617.0,AUTOROUTE A5A,M,4863244.0,253583,910
200700068485,7,11,2,1856,3,1,1,1.0,1.0,102.0,ANGOULEME,,,,240
200500067351,5,10,12,1800,1,2,1,1.0,7.0,122.0,"., HAGET HENRI (AVENUE)",,,,640
201400047338,14,6,21,1330,1,1,1,1.0,2.0,66.0,AUTOROUTE A1,M,4891930.0,235757,930
200900032962,9,11,14,1710,5,2,2,1.0,7.0,103.0,"62, RUE REAUMUR",,,,750
200600060880,6,10,17,1130,1,1,1,1.0,3.0,71.0,ROUTE NATIONALE 113 - MO,,,,130
200800008910,8,2,19,1515,1,2,1,1.0,3.0,507.0,"3, CARNOT SADI RUE",,,,590
200900013362,9,4,28,1425,1,2,1,1.0,2.0,300.0,"64, CORDELIERS   AVENUE",,,,170
201100000983,11,4,14,445,3,1,1,1.0,2.0,369.0,,M,4935900.0,273000,600
201100017108,11,5,19,1900,1,1,1,1.0,6.0,179.0,,M,4560600.0,587900,730
200800012545,8,3,16,2107,5,2,1,1.0,6.0,184.0,"1, GALLIENI JOSEPH (AVEN",,,,420
201300017711,13,2,9,1015,1,1,1,4.0,3.0,267.0,,M,0.0,0,580
200700016285,7,3,20,1850,5,2,1,2.0,6.0,19.0,54 AV SIMON BOLIVAR,,,,750
201600049098,16,3,26,200,5,2,2,1.0,3.0,388.0,BOCAGE (DU),,,,690
200700008689,7,2,1,2035,5,2,1,1.0,6.0,238.0,"28, PUITS MAUGER (DU)",,,,350
200900032971,9,11,15,700,1,2,5,2.0,7.0,118.0,RUE DE LA CHAPELLE,,,,750
201600010530,16,5,7,1152,1,2,1,1.0,3.0,29.0,"00, VALLAURIS (AVENUE DE",M,4355887.0,703041,60
201400007863,14,8,11,1200,1,1,1,1.0,1.0,86.0,,M,0.0,0,40
201600046174,16,9,21,1345,1,1,1,1.0,4.0,36.0,AUTOROUTE A86,,,,920
200800033949,8,6,6,1731,1,2,3,1.0,3.0,85.0,"66, MONTJOVIS (AVENUE)",,,,870
201100064456,11,3,8,1700,1,2,1,1.0,4.0,112.0,ECHANGEUR BERCY,,,,750
200600059257,6,10,27,1730,1,2,1,3.0,1.0,11.0,rue Vauban,M,0.0,0,540
200500057335,5,9,16,1700,1,2,1,1.0,1.0,55.0,"363, SAINT ANTOI (AVENUE",,,,130
200800062156,8,10,2,1805,1,2,1,2.0,4.0,117.0,PORTE DE CHAMPERRET,,,,750
200700042478,7,7,7,1555,1,1,1,1.0,6.0,312.0,"00,  PEYRONNET (AVENUE D",,,,240
201500023804,15,9,22,900,1,2,3,1.0,3.0,281.0,AVE DE VERDUN,M,4484130.0,-64440,330
201100020205,11,5,25,900,1,2,1,1.0,3.0,55.0,"120, AVE DE MONTOLIVET",,,,130
200900046605,9,10,14,345,3,1,1,1.0,7.0,147.0,,M,0.0,0,10
201600027177,16,10,23,1420,1,2,1,2.0,1.0,184.0,BRANDT (BOULEVARD WILLY),M,4728626.0,-221106,440
201200030070,12,4,9,1515,1,2,1,2.0,2.0,203.0,LES ROUGES TERRES,M,4961110.0,-160088,500
200900068368,9,10,22,1530,1,1,1,1.0,3.0,345.0,,M,0.0,0,890
200600070871,6,11,27,800,1,1,1,1.0,5.0,37.0,AUTOROUTE A6B,,,,940
201500033293,15,8,20,1050,1,1,6,8.0,7.0,414.0,RD 154E,M,4990719.0,110759,760
201300044172,13,9,4,740,1,2,1,1.0,3.0,58.0,PIERRE BROSSOLETTE (AV),,,,940
201500054944,15,6,14,2200,2,2,1,1.0,6.0,118.0,"253, RUE MARCADET",,,,750
200500047983,5,8,13,1830,1,1,1,1.0,1.0,368.0,,M,4948000.0,284200,600
200900047780,9,11,10,755,5,2,1,2.0,6.0,300.0,"244, GUITON   AVENUE JEA",,,,170
200700026180,7,5,7,900,1,2,3,8.0,1.0,527.0,4)  et rue du chaponnier,M,0.0,0,540
200800010892,8,2,11,950,1,2,1,1.0,4.0,112.0,QUAI DE BERCY,,,,750
201400047391,14,7,3,2140,3,1,1,1.0,3.0,78.0,AUTOROUTE A104,M,4896480.0,255435,930
200700047683,7,8,12,1815,1,1,1,1.0,6.0,420.0,,M,4989900.0,430600,80
200900024356,9,6,13,1125,1,1,1,1.0,1.0,415.0,ROCADE SUD,,,,170
201500032272,15,6,6,1155,1,2,1,1.0,6.0,482.0,"0, DRESDE (BOULEVARD DE)",M,4859918.0,776297,670
201100049023,11,9,20,1315,1,2,2,1.0,3.0,50.0,BLUM / 1945,,,,930
201100002867,11,10,16,100,3,2,1,1.0,6.0,382.0,le plessis,M,0.0,0,610
201500006688,15,11,10,1630,1,2,1,7.0,6.0,292.0,12 rue bernard laureau,M,4724109.0,521902,210
200600083458,6,12,6,315,5,1,1,1.0,6.0,127.0,,A,0.0,0,971
200500001404,5,1,8,1345,1,1,1,1.0,2.0,151.0,,M,4390900.0,719800,60
200500044537,5,7,22,1925,1,2,3,1.0,1.0,167.0,GUESDE (RUE JULES),,,,330
201200012729,12,7,3,30,3,1,1,1.0,6.0,701.0,,M,5057900.0,237600,620
200700016824,7,3,7,1145,1,2,1,1.0,3.0,586.0,CLEMENCEAU (G.) N°1 A 53,,,,780
200900054677,9,11,22,2345,3,1,1,6.0,1.0,151.0,,M,4.0,-,560
201200001110,12,12,25,1400,3,2,1,2.0,7.0,48.0,8 rue de l'hotellerie,M,4848079.0,-216378,220
200600021254,6,4,4,855,1,2,2,1.0,3.0,12.0,R DE BERCY PL LACHAMBEAU,,,,750
201200052092,12,2,9,1245,1,2,2,1.0,3.0,387.0,"0, RUE BANCEL",,,,690
200500030728,5,5,29,1955,1,2,1,1.0,3.0,621.0,DEPARTEMENTALE 912 (ROUT,,,,780
201500032764,15,4,6,1340,1,2,2,1.0,3.0,290.0,CITE BERLIET (DE LA),M,0.0,0,690
201500044019,15,12,4,1005,1,2,4,1.0,3.0,288.0,R DU DOCTEUR GOLDSTEIN,M,4898940.0,235690,950
201100016022,11,7,4,1240,1,2,1,1.0,2.0,88.0,"0, SAINT-SYLVESTRE (AV.",,,,60
201100039942,11,9,3,1050,1,2,1,1.0,1.0,282.0,CHEMIN DE CHASSIEU A MEY,,,,690
200600066307,6,11,28,1657,1,2,1,1.0,6.0,55.0,"40, EDOUARD DELANGLADE (",,,,130
201200037510,12,7,23,2330,5,1,6,1.0,7.0,108.0,RD POINT DES ROUGES TERR,M,4948296.0,113274,760
200900074550,9,12,7,45,3,1,1,1.0,1.0,9.0,RN2 SENS STE SUZANNE ST,,,,974
201100045978,11,5,30,1050,1,2,2,1.0,6.0,24.0,HUGO / LECLERC,M,4890080.0,231593,920
201400039409,14,11,8,1603,1,2,2,1.0,6.0,19.0,CLEMENT JEAN BAPTISTE (R,,,,920
200700026771,7,5,2,700,1,1,1,1.0,1.0,76.0,,M,0.0,0,280
201400012033,14,11,16,235,5,2,1,1.0,2.0,105.0,"145, DE GAULLE AVENUE",M,4977140.0,470882,80
200700041208,7,7,21,645,5,2,3,5.0,3.0,388.0,34 rue du 08 mai 1945,M,0.0,0,770
200800000675,8,1,23,2000,3,1,1,1.0,7.0,54.0,,M,0.0,0,760
200900074622,9,12,4,1945,3,1,1,1.0,6.0,13.0,ROUTE DEPARTEMENTALE 14,,,,972
200600077367,6,12,26,1750,3,1,3,2.0,1.0,224.0,RD 943,,,,620
201400010437,14,9,3,1130,1,2,1,1.0,6.0,29.0,"88, TONNER (AVENUE FRANC",,,,60
200900030605,9,6,13,825,1,2,1,1.0,6.0,205.0,"95, RTE ORLEANS",,,,180
201400028854,14,8,18,745,1,2,1,1.0,7.0,602.0,BD DE LA MANCHE,M,4964040.0,-157290,500
200800071601,8,12,17,1235,1,2,1,2.0,3.0,454.0,"03, ROMAINS (RUE)",,,,510
201500025616,15,9,8,1300,1,2,3,1.0,2.0,208.0,RUE DES CICOTTEES,M,0.0,0,370
201500007304,15,7,26,2100,2,2,2,8.0,3.0,310.0,rue des jardins,M,0.0,0,700
201600035744,16,3,30,2210,5,2,1,1.0,6.0,194.0,"24, REVOLUTION (AVENUE D",M,4658780.0,38066,860
201600019952,16,11,2,920,1,2,2,1.0,6.0,300.0,"48 bis, GUITON   AVENUE",M,4615944.0,-116416,170
201200031793,12,4,21,2230,5,2,1,1.0,2.0,616.0,FRANCE (RUE ANATOLE ),,,,590
201400031219,14,3,10,1520,1,2,2,1.0,3.0,599.0,PAPIN (CHAUSSEE DENIS),,,,590
200800011776,8,3,25,830,1,2,1,6.0,3.0,55.0,"13, REDON (BOULEVARD DU)",,,,130
200900038071,9,7,3,1000,1,2,2,1.0,3.0,602.0,RUE JEAN BOUIN/RUE DES C,M,4.0,-,500
200700017917,7,3,24,1055,1,1,1,1.0,6.0,36.0,AUTOROUTE A86,,,,920
200800026695,8,5,14,1530,1,1,1,1.0,7.0,570.0,RN 104,,,,910
201400016573,14,7,28,2250,5,2,1,1.0,6.0,117.0,ROUTE NATIONALE 113 - CA,,,,130
200900066314,9,10,3,540,5,2,2,1.0,6.0,28.0,"0, LAFERRIERE(AVENUE)",M,4.0,0,940
201500010366,15,7,26,1920,1,1,1,1.0,1.0,69.0,"141, KENNEDY (BOULEVARD",M,4366770.0,692903,60
200500014676,5,3,7,1205,1,2,1,1.0,2.0,31.0,DIX HUIT JUIN 1940 (AVEN,,,,190
201100012491,11,1,22,1345,1,1,1,1.0,5.0,139.0,"Lieu dit "" la ribaute""",M,4340220.0,323413,340
200900017406,9,7,6,1600,1,1,1,1.0,1.0,54.0,,M,0.0,0,730
201000049157,10,11,24,925,1,2,1,1.0,2.0,50.0,"208, AV FRANCOIS ARAGO",,,,920
201600004209,16,3,22,931,1,2,9,1.0,6.0,408.0,ROMANETTE (RUELLE),M,4954836.0,361491,20
201500011880,15,6,28,1200,1,1,1,1.0,6.0,88.0,LES PETITS ALLIERS LUCIA,M,4501720.0,508650,260
201600034125,16,11,6,1915,5,1,4,1.0,1.0,186.0,D606 X D142 TABLE DU ROI,M,4848371.0,266597,770
200500083914,5,12,1,2005,2,2,1,1.0,7.0,18.0,RESISTANCE (BOULEVARD DE,,,,950
200700019881,7,4,28,1900,1,1,1,1.0,1.0,149.0,,M,4324000.0,192000,110
200500036520,5,6,19,1500,1,2,2,1.0,3.0,40.0,"15 bis, ERNEST RENAN",,,,920
200700082634,7,5,25,1720,1,2,1,1.0,3.0,302.0,"544, BADUEL (ROUTE DE)",,,,973
200700019986,7,4,8,1100,1,2,1,1.0,1.0,232.0,venue du général LECLERC,M,0.0,0,910
201500013288,15,9,23,1730,1,2,1,1.0,6.0,5.0,"80, REPUBLIQUE (RUE DE L",M,4329025.0,557128,130
200700029113,7,5,11,2330,5,2,2,3.0,3.0,119.0,"1, MOULIN ( BOULEVARD JE",,,,620
201500013714,15,4,4,330,5,1,1,1.0,7.0,55.0,LAZARET (QUAI DU),,,,130
201000001253,10,10,20,1415,1,1,3,1.0,3.0,283.0,,M,4973600.0,134100,760
201600052986,16,2,8,1030,1,2,2,1.0,4.0,111.0,"100, BOULEVARD VOLTAIRE",M,4885980.0,237685,750
201600037573,16,11,5,1825,5,2,1,1.0,6.0,12.0,"204, GENERAL LECLERC (AV",,,,920
200500016243,5,3,25,840,1,2,1,1.0,6.0,181.0,"68, RHIN ET DANUBE (AV)",,,,720
201100008054,11,10,13,2230,3,1,9,1.0,6.0,194.0,,M,4520795.0,652275,730
201100007668,11,10,8,1100,1,1,1,3.0,1.0,386.0,,M,0.0,0,380
201500014069,15,2,3,1430,1,2,1,2.0,7.0,55.0,"11, RUE DE LA BOISERAIE",M,4329835.0,542138,130
200700032525,7,6,18,1700,1,1,1,1.0,5.0,36.0,lieu-dit mortefer,M,0.0,0,470
200700021137,7,4,16,1649,1,2,2,1.0,6.0,231.0,"27, CLEMENCEAU (BOULEVAR",,,,210
201300037082,13,12,16,1910,5,2,2,1.0,6.0,214.0,11 NOVEMBRE (AVENUE DU),,,,860
201100022053,11,11,15,1920,5,2,1,1.0,6.0,118.0,"202, BAYEUX (RUE DE  >=",,,,140
201600051896,16,7,13,1150,1,2,2,1.0,6.0,106.0,"8, BOULEVARD SAINT MICHE",M,4885280.0,234379,750
200800058798,8,10,24,1530,1,2,1,1.0,3.0,378.0,"38, EUROPE AVENUE DE L",,,,590
200700002439,7,1,5,1140,1,2,1,1.0,7.0,362.0,"sans n, DAUPHINE RUE",,,,260
201500023506,15,6,7,1657,1,2,1,1.0,3.0,522.0,13R.BONTEMPS AP. ZUBIETA,M,4480370.0,-57916,330
201000053856,10,8,2,1850,1,2,1,1.0,6.0,78.0,R DE PARIS,M,4873250.0,244682,940
200900053758,9,8,18,1850,1,2,1,1.0,6.0,2.0,CLOS DE L'ABBAYE (RUE DU,,,,920
201600018280,16,11,28,745,2,2,1,1.0,6.0,30.0,95 rue de Penlys,M,4744409.0,-223393,440
200500064844,5,10,15,1500,1,2,1,1.0,6.0,30.0,"11, CITE JARDIN (RUE)",,,,60
201200019489,12,7,5,1730,1,1,2,1.0,3.0,4.0,Rue des mejuteaux,M,4746523.0,-39968,490
200600025461,6,5,16,910,1,2,1,1.0,6.0,88.0,"205, MADELEINE (BD DE LA",,,,60
201000041191,10,8,14,1440,1,1,1,1.0,3.0,224.0,VOIE RAPIDE OUEST,M,4773306.0,728630,680
201400049112,14,1,2,1839,5,1,1,1.0,6.0,37.0,"sans, TOUTES RUES",M,0.0,0,202
201200043779,12,8,14,1845,1,2,1,1.0,6.0,1.0,"42, LANDY (RUE DU) 34/29",M,4891530.0,236941,930
200900023912,9,5,24,1458,1,2,2,1.0,3.0,21.0,ALSACE LORRAINE (BOULEVA,,,,800
200700025519,7,5,20,1845,1,1,1,2.0,1.0,87.0,,M,4697500.0,-181900,440
201400013467,14,6,21,2125,4,1,1,1.0,6.0,1.0,RD 17,,,,130
200800027071,8,5,27,1002,1,2,2,2.0,2.0,108.0,BOULEVARD DE COURCELLES,,,,750
200600024702,6,5,24,1100,1,1,1,1.0,6.0,18.0,,M,0.0,0,110
200800009502,8,2,26,805,1,2,3,1.0,3.0,50.0,"1, SAINT JAUME(CHEMIN)",,,,830
201600010094,16,2,8,1345,1,1,1,2.0,7.0,168.0,1 ROUTE DU PLAIX,M,4650780.0,133866,360
201000008739,10,7,8,900,1,2,1,1.0,6.0,116.0,46 belle allée,M,4598800.0,309000,630
200500043595,5,7,25,1350,1,2,2,1.0,3.0,88.0,"0, POTIERS (R. DES)",,,,60
200800045666,8,8,15,1655,1,2,2,1.0,3.0,88.0,"0, RIBOTTI (R.)",,,,60