Num_Acc,an,mois,jour,hrmn,lum,agg,int,atm,col,com,adr,gps,lat,long,dep
201300010439,13,2,25,700,2,2,1,8.0,2.0,69.0,"83, ROUQUIER (BOULEVARD",,,,60
201000067832,10,1,31,1730,1,1,1,1.0,6.0,3.0,,A,0.0,0,971
200500047847,5,7,22,1858,1,1,1,1.0,6.0,55.0,A7-Sens Lyon vers Marsei,,,,130
200700053195,7,9,8,945,1,1,1,1.0,5.0,255.0,,M,0.0,0,170
200500025741,5,5,14,1915,1,1,1,1.0,3.0,18.0,,M,4550900.0,607300,730
200700074809,7,12,3,845,1,2,1,1.0,1.0,168.0,Rue Ste Anne,M,0.0,0,560
200500052147,5,8,21,1000,1,2,1,1.0,3.0,125.0,"., BIARRITZ (AVENUE DE)",,,,640
200500009846,5,2,18,1540,1,2,2,1.0,1.0,51.0,MEDERIC (AVENUE),,,,930
201100052748,11,9,2,1610,1,2,1,1.0,2.0,4.0,HERMINIER GARE MARITIME,,,,201
201300005865,13,4,3,1815,1,1,1,1.0,2.0,320.0,,M,4886839.0,609358,540
200600034714,6,6,10,2240,5,2,1,1.0,4.0,136.0,PENETRANTE NORD,,,,660
200800016341,8,3,15,1800,1,1,1,1.0,1.0,692.0,,M,0.0,0,570
200500020038,5,4,11,1256,1,2,3,1.0,3.0,98.0,"27, JAURES (RUE  JEAN )",,,,560
201400035995,14,6,4,1950,1,2,6,7.0,6.0,242.0,REPUBLIQUE (AVENUE DE LA,,,,780
200500048343,5,8,30,2015,1,1,1,1.0,7.0,174.0,,M,4832400.0,-66500,530
201500055088,15,11,28,1340,1,2,3,1.0,2.0,118.0,"20, BOULEVARD BARBES",,,,750
200600055008,6,9,7,1710,1,1,7,1.0,3.0,606.0,"000000, HASLACH (ROUTE D",,,,570
201000058325,10,11,16,1130,1,2,1,1.0,6.0,386.0,"47, COURS FRANKLIN ROOSE",M,4576920.0,484958,690
201400057783,14,3,24,2320,5,2,1,1.0,3.0,113.0,QUAI D IVRY,,,,750
201000004334,10,8,27,700,2,1,1,1.0,1.0,91.0,,M,0.0,0,330
201600053782,16,2,9,1830,5,2,2,3.0,6.0,113.0,RUE DE LA POTERNE DES PE,M,4881760.0,235328,750
200800001640,8,1,19,1130,1,2,1,1.0,6.0,55.0,RIFLARD (RUE),,,,130
201200036954,12,5,26,700,1,2,3,1.0,6.0,10.0,AVENUE DE CRAN / NARVICK,,,,740
201300029721,13,6,11,1315,1,2,2,1.0,7.0,17.0,"146, LAGRANGE (AVENUE LE",,,,590
201400058662,14,8,28,1230,1,2,1,1.0,6.0,7.0,RUE DE LA CABRESE,G,0.0,0,973
200900039444,9,10,1,1900,1,2,1,1.0,1.0,343.0,D16,,,,210
200900039129,9,9,10,1340,1,2,1,1.0,6.0,286.0,"27, PARADIS (AVENUE DU)",,,,650
201600049493,16,10,10,1605,1,2,3,1.0,5.0,388.0,VIENNE (DE),M,4573538.0,485320,690
201600003585,16,6,8,1930,1,1,1,1.0,6.0,175.0,,M,0.0,0,190
200500025717,5,5,19,1715,1,2,1,1.0,7.0,56.0,RN 86 verlieu,M,4543700.0,474300,420
201400008644,14,2,2,1400,1,2,1,1.0,7.0,170.0,,M,4311422.0,309275,110
200800000447,8,1,19,1545,1,1,1,1.0,4.0,492.0,,M,4855300.0,377200,510
200700039167,7,6,9,645,2,2,1,1.0,6.0,110.0,"48, QUAI DE JEMMAPES",,,,750
200700048962,7,8,7,915,1,2,1,1.0,2.0,55.0,RABATAU (BOULEVARD),,,,130
200700062154,7,10,1,1545,1,2,1,1.0,2.0,4.0,"21, RN 453",,,,130
201000022429,10,11,5,2130,5,2,1,1.0,3.0,55.0,PRO GEORGES POMPIDOU,,,,130
201200051907,12,11,5,1640,1,1,1,2.0,6.0,249.0,ROCADE A 630,,,,330
200700076354,7,11,3,1115,1,1,1,1.0,4.0,140.0,A13,,,,780
201300009348,13,12,20,1815,3,1,1,1.0,5.0,142.0,,M,4791603.0,213458,450
201200047942,12,5,21,1800,1,2,1,2.0,2.0,18.0,PT D'ARGENTEUIL,M,4894030.0,225490,950
200700044304,7,7,9,2120,3,1,1,2.0,6.0,121.0,"0, VIGNARNAUD (ROUTE DE)",,,,820
201300002597,13,10,12,1815,1,2,3,1.0,6.0,393.0,route de paris,M,0.0,0,330
200500041905,5,7,12,1930,1,2,1,1.0,2.0,128.0,Rue de la république,M,4637600.0,248000,30
200500061479,5,9,7,2215,5,2,1,1.0,3.0,22.0,ALLIES (BD DES),,,,940
201200003204,12,8,31,2215,3,1,1,1.0,6.0,279.0,,M,0.0,0,640
201300027267,13,11,28,825,1,2,1,1.0,2.0,162.0,"17, RUE THEOPHILE GUILLO",,,,440
200600017221,6,4,20,1630,1,1,1,1.0,4.0,261.0,,M,4833700.0,-142000,350
200900008606,9,3,19,1230,1,1,1,1.0,7.0,377.0,,M,0.0,0,380
201100063970,11,3,30,1907,2,2,2,2.0,3.0,106.0,"12, RUE DU VIEUX COLOMBI",,,,750
200700034698,7,6,26,1210,1,2,1,1.0,6.0,55.0,"302, NATIONAL (BOULEVARD",,,,130
200600044938,6,8,25,1215,1,2,1,1.0,3.0,104.0,écoles / Rue Victor HUGO,M,0.0,0,600
200700027868,7,5,26,1035,1,2,1,1.0,6.0,138.0,"00, ROUTE DE COURSAC",,,,240
201100021015,11,10,27,2330,5,2,3,2.0,6.0,55.0,"228, AVE DU VINGT QUATRE",,,,130
200800071358,8,12,20,1730,5,2,1,1.0,5.0,71.0,DE GAULLE (BOULEVARD CHA,M,4601138.0,409632,420
201100052310,11,9,10,1730,1,2,1,1.0,3.0,210.0,R DE LA COUSSAYE,M,4896360.0,230580,950
200800070231,8,12,21,1244,1,2,1,1.0,5.0,4.0,R.N.98 BORD DE MER SIEST,,,,60
201000027264,10,5,29,1920,1,2,1,2.0,6.0,232.0,"., ERGUE ARMEL BOULEVARD",M,4798731.0,-407431,290
200600004334,6,1,12,2225,5,1,1,1.0,6.0,544.0,A7,,,,380
201400039810,14,12,24,1635,2,2,1,2.0,6.0,25.0,"60, AGENT SARRE (AV DE L",,,,920
200800031531,8,6,7,1650,1,2,3,1.0,2.0,54.0,SCHWEITZER  AVENUE DU,,,,130
200600083693,6,12,22,2255,5,2,1,1.0,6.0,407.0,OWENS JAMES,,,,974
201000023916,10,2,20,2050,5,2,2,1.0,3.0,299.0,"172990204, LA FAYETTE RU",,,,170
201400009485,14,8,11,1130,1,1,1,1.0,1.0,137.0,,M,4869200.0,327500,770
200900042071,9,8,15,1320,1,2,1,1.0,7.0,385.0,"6BIS, AVENUE DE LA PREMI",,,,690
200900005848,9,5,20,2200,5,2,2,1.0,3.0,104.0,QUAI DE L HOTEL DE VILLE,,,,750
201500000707,15,8,14,1645,1,1,2,1.0,1.0,161.0,,M,4903697.0,104103,270
200600026917,6,5,30,1530,1,2,1,1.0,3.0,42.0,"103, GAMBETTA (BOULEVARD",,,,460
201200029980,12,8,3,1445,1,2,6,1.0,1.0,328.0,MEHEL (R-P LUCIEN),M,4727498.0,-6130,490
201500011698,15,4,5,1145,1,1,1,1.0,3.0,317.0,,M,4778058.0,159201,450
200900048170,9,5,22,1150,1,2,1,1.0,6.0,109.0,"3, RUE DE TALENSAC",,,,440
201300053927,13,11,19,930,1,2,2,2.0,3.0,115.0,RUE DE VAUGIRARD,,,,750
201500035015,15,5,1,1350,1,1,1,1.0,1.0,61.0,RN7,,,,830
200800064296,8,11,14,900,1,2,1,1.0,3.0,483.0,"1, VERDUN (AVENUE DE)",,,,640
200700017772,7,3,31,1015,1,2,1,2.0,1.0,313.0,SANS PRECISION,,,,950
200500060610,5,9,8,1130,1,2,3,1.0,6.0,146.0,", MARECHAL FOCH (AVENUE",,,,780
200500075377,5,11,21,910,1,2,1,1.0,7.0,10.0,9 BD DE LA CHAPELLE,,,,750
201500014054,15,5,4,1210,1,2,1,1.0,6.0,55.0,"246, LYON (RUE DE)",M,4333233.0,536449,130
200900032806,9,11,6,40,5,2,2,1.0,6.0,105.0,"83, RUE MONGE",,,,750
200700012637,7,3,23,145,4,1,1,8.0,7.0,258.0,le pied du cret,M,0.0,0,740
200500032150,5,5,9,1705,1,2,0,1.0,6.0,147.0,BRAILLE (RUE LOUIS),,,,420
200500020047,5,4,18,2140,5,2,1,1.0,7.0,121.0,"28, JAURES ( AVE JEAN )",,,,560
200900038790,9,9,11,1915,1,2,1,1.0,3.0,22.0,43 ROUTE DE FRONTON,M,4.0,0,310
201200035086,12,8,30,645,2,2,2,1.0,3.0,440.0,MERMOZ (AVENUE JEAN),M,4324349.0,5909,650
201200039482,12,4,13,1840,1,2,1,1.0,3.0,137.0,"114, GAIE VALLEE (AVE /",M,4313714.0,588644,830
200800028820,8,5,3,1030,1,1,1,1.0,3.0,126.0,,M,4660800.0,596300,390
200700004942,7,1,7,525,5,1,1,3.0,6.0,75.0,"65, PERIGUEUX (ROUTE DE)",,,,870
200800023294,8,5,16,810,1,2,1,1.0,2.0,88.0,"0, VERDUN (AV. DE)",,,,60
201500056178,15,3,16,930,1,2,1,1.0,2.0,116.0,PORTE DAUPHINE,,,,750
201200025504,12,10,11,1255,1,2,1,1.0,3.0,318.0,"20-24, AVE DE CANTERANNE",,,,330
200700071121,7,11,24,1700,1,2,2,1.0,3.0,66.0,"""LANDY RD 20, NR IMPAIRS",,,,930
200800053335,8,9,22,1615,1,2,1,1.0,4.0,116.0,ECHANGEUR MUETTE,,,,750
201400037858,14,1,22,1745,5,2,1,1.0,2.0,160.0,"27, NEUVE-GRANGE (RUE)",M,4814967.0,645764,880
201400049330,14,2,1,1720,4,2,3,3.0,5.0,382.0,QUAI PERRACHE,,,,690
200700017594,7,3,1,1555,1,2,1,1.0,6.0,28.0,PARIS.(RUE DE),,,,940
201000030140,10,1,24,40,5,2,1,1.0,2.0,172.0,LAVERUNE (ROUTE DE,M,4359687.0,383837,340
200600002783,6,1,23,1300,1,2,1,1.0,3.0,20.0,BPE VINCENNES MONTREUIL,,,,750
201000011960,10,8,20,315,3,1,1,2.0,6.0,230.0,,M,0.0,0,40
201300042755,13,1,8,955,1,2,2,1.0,3.0,2.0,VICTOR HUGO (R),,,,940
200900057017,9,8,28,1435,1,2,1,1.0,3.0,55.0,"34, AVE DU VALLON D' OL",,,,130
200600049832,6,8,9,1955,1,2,1,1.0,6.0,160.0,"22, SCHWAB (RUE LEON-)",,,,880
200600006259,6,2,25,1700,1,1,1,2.0,7.0,462.0,,M,4858400.0,-84500,500
201400037542,14,3,13,1758,1,2,1,1.0,2.0,85.0,"95, VIGENAL (BOULEVARD D",,,,870
201300018005,13,6,8,1615,1,1,1,1.0,2.0,299.0,,M,4864894.0,-187938,350
201100019224,11,2,12,2000,2,2,1,1.0,3.0,55.0,"156, AVE DE FRAIS VALLON",,,,130
200800062792,8,11,16,1600,1,1,1,1.0,7.0,135.0,,M,0.0,0,480
200600068122,6,11,14,1035,1,2,1,1.0,6.0,70.0,BEAUMONT (AVENUE DE),,,,630
200500054334,5,9,26,730,1,2,1,1.0,1.0,99.0,CD 16,M,0.0,0,140
201000029513,10,9,15,1315,1,2,1,1.0,7.0,63.0,"19, PCE DU MARCHE DES CH",,,,330
200600075686,6,12,21,740,1,1,1,1.0,3.0,71.0,ROUTE NATIONALE 368 (PLA,,,,130
201500044787,15,8,10,550,2,1,1,1.0,2.0,73.0,A86 EXT,M,4876700.0,237874,940
200500011617,5,2,14,1030,1,1,1,1.0,1.0,294.0,,M,4416300.0,411400,300
200900031415,9,5,12,850,1,2,2,8.0,3.0,238.0,ALMA.J.CARTIER,,,,350
201600023852,16,4,29,1545,1,2,2,1.0,3.0,550.0,N.APPERT/JY.COUSTEAU,M,4478440.0,-58293,330
201400013004,14,1,6,1815,5,1,1,8.0,4.0,352.0,,M,4804462.0,-161026,350
201100007344,11,3,12,1530,1,1,9,2.0,3.0,146.0,26146,M,4442400.0,485500,260
200900004408,9,3,22,2110,5,2,3,1.0,5.0,229.0,BLD  GAMBETTA RUE JAURES,,,,270
200900011902,9,1,20,1235,1,1,1,2.0,6.0,75.0,ROCADE A 630,,,,330
200900037751,9,8,11,630,1,2,1,1.0,7.0,43.0,chemin du plan,M,0.0,0,840
200900059825,9,10,22,1630,1,2,2,1.0,1.0,142.0,CD934,M,0.0,0,770
201300036259,13,1,23,2220,5,2,1,8.0,2.0,61.0,AV DU MARECHAL LECLERC,M,4342912.0,676199,830
201500000826,15,5,2,1245,1,1,1,2.0,3.0,355.0,Brais,M,4835668.0,-148217,350
201200038155,12,8,17,905,1,2,1,1.0,2.0,423.0,RN 10,,,,780
200700075446,7,12,21,1045,1,2,1,7.0,6.0,40.0,Boulevard Docteur Devins,M,0.0,0,430
200800033729,8,6,27,845,1,2,1,1.0,4.0,490.0,PASTEUR (RUE),,,,780
201300012368,13,2,6,1315,1,1,1,4.0,5.0,161.0,,M,4382000.0,190600,310
201500006407,15,10,15,1215,1,2,1,2.0,7.0,63.0,rue de Wattwiller,M,4781055.0,715154,680
201400040112,14,3,26,830,1,2,3,1.0,3.0,40.0,GALLIENI (BOULEVARD),,,,920
201200051727,12,10,12,1600,1,2,1,1.0,6.0,384.0,"53, RUE DELEUVRE",,,,690
200600079261,6,12,20,1410,1,2,1,1.0,6.0,1.0,"31, LOPEZ ET JULES MARTI",,,,930
201500002321,15,4,16,2100,2,1,1,8.0,3.0,67.0,LE MOULIN BRUNET,M,4666230.0,-78939,850
201300053289,13,11,9,1500,1,2,2,2.0,7.0,113.0,"56, BOULEVARD KELLERMANN",,,,750
200600001794,6,1,25,1440,1,2,2,1.0,3.0,225.0,R.N. 49 VALENCIENNES,,,,590
200900044431,9,11,28,421,3,2,1,1.0,6.0,407.0,CHEMIN DE CIGARO,M,4.0,-,640
201000000282,10,7,13,1815,1,1,1,1.0,1.0,443.0,,M,0.0,0,620
201500012945,15,9,29,600,3,1,1,1.0,6.0,717.0,Autoroute A1,M,0.0,0,800
201200034701,12,6,19,1745,1,2,1,1.0,2.0,445.0,102 AV DE L' EUROPE,,,,640
201100054545,11,9,6,1518,1,1,1,1.0,2.0,217.0,A13,,,,780
200800071400,8,12,8,1210,1,2,1,1.0,2.0,55.0,HENNECART ( BOULEVARD ),,,,440
201400018977,14,10,4,2200,3,1,1,2.0,3.0,253.0,,M,0.0,0,800
201100019369,11,3,8,1355,1,2,1,1.0,6.0,55.0,"95, BD SAKAKINI",,,,130
201400007361,14,11,14,1900,3,1,1,2.0,1.0,157.0,,M,0.0,0,250
201300055747,13,10,8,1725,1,2,1,1.0,6.0,120.0,"50, AVENUE DU PROFESSEUR",,,,750
200700052126,7,8,3,2005,1,2,1,1.0,6.0,113.0,"203, BOULEVARD VINCENT A",,,,750
200800018487,8,4,16,1045,1,1,1,1.0,7.0,390.0,,M,4970800.0,244100,800
200600040365,6,7,23,1040,1,2,3,1.0,3.0,16.0,R VAN LOO AV DE VERSAILL,,,,750
200900004386,9,2,28,1600,1,2,1,1.0,1.0,49.0,Alexandre 1er,M,0.0,0,790
201100050946,11,12,3,1040,1,2,1,2.0,6.0,3.0,"38, LAPLACE (AV)",,,,940
201300056002,13,6,21,1153,1,2,5,1.0,1.0,114.0,BOULEVARD ROMAIN ROLLAND,,,,750
201400056911,14,10,28,910,1,2,1,1.0,2.0,119.0,BOULEVARD PERIPHERIQUE,,,,750
201600050501,16,2,7,1750,2,1,1,1.0,4.0,55.0,A7-Sens Lyon vers*Marsei,,,,130
201100030044,11,2,1,1545,1,2,1,1.0,6.0,208.0,"., PLANTIN (PLACE )",M,4736630.0,72641,370
200900061648,9,7,7,1645,1,2,1,8.0,6.0,95.0,"32, HUGO (RUE VICTOR)",M,4.0,0,420
200900040219,9,10,19,1150,1,2,1,1.0,3.0,113.0,"98, BIEN ASSIS (RUE DE)",,,,630
200800019157,8,4,25,230,5,2,2,1.0,3.0,55.0,DAMES (BOULEVARD DES),,,,130
200600078955,6,12,13,1820,5,2,1,1.0,4.0,24.0,"00, CHARLES DE GAULLE (A",,,,890
200600041699,6,7,16,1855,1,2,2,1.0,6.0,197.0,"01, SAINT DENIS (ROUTE D",,,,950
200500046084,5,7,13,1120,1,2,3,1.0,6.0,13.0,R VERONESE R RUBENS,,,,750
201200056137,12,7,3,1920,1,2,3,1.0,6.0,112.0,"188, AVENUE DAUMESNIL",,,,750
201000044035,10,11,30,1940,5,2,2,1.0,1.0,498.0,GAMBETTA BD,,,,780
201300013559,13,5,29,1855,1,2,1,1.0,2.0,5.0,"3551, EOURES (ROUTE D')",M,4330585.0,553584,130
201100026593,11,4,16,1900,1,2,1,1.0,3.0,555.0,"5, AV J FRANCOIS CHAMPOL",,,,310
201600039631,16,7,16,1130,1,2,2,1.0,3.0,1.0,"57, ANATOLE FRANCE  (BLD",,,,930
201400007822,14,3,27,1315,1,1,1,1.0,5.0,122.0,,M,0.0,0,40
200700057637,7,9,17,2010,5,2,2,2.0,3.0,586.0,SCHUMAN (ROBERT),,,,780
200600044655,6,7,24,115,3,1,1,1.0,3.0,32.0,,M,0.0,0,130
201400001638,14,10,18,1015,1,1,1,1.0,6.0,152.0,LES HORDOUSSEAUX,M,4887456.0,7136,610
200800025531,8,5,22,1745,1,2,1,1.0,6.0,361.0,"00, BOULEVARD SULLY 5",,,,780
200500015708,5,3,26,1540,1,2,1,1.0,6.0,666.0,FORGERON (RUE DU),,,,570
200800050218,8,9,24,740,1,2,1,1.0,1.0,413.0,"27, DELATTRE (R FRANCOIS",,,,620
201300048903,13,7,20,1328,1,1,1,1.0,4.0,303.0,Autoroute A31,,,,570
200500071824,5,11,12,2008,3,1,1,1.0,6.0,106.0,RN9,M,0.0,0,110
201000045905,10,2,4,2305,5,2,2,1.0,3.0,194.0,JEAN JAURES (RUE),,,,860
201600024725,16,7,13,2107,5,2,6,1.0,6.0,172.0,APPEL DU 18 JUIN (ROND-P,M,4363730.0,383097,340
201600037341,16,11,29,1720,1,2,1,1.0,3.0,4.0,"NS, AULAGNIER ( QUAI )",,,,920
200700049698,7,8,31,627,3,1,1,1.0,7.0,336.0,R.D 612,,,,340
201100060252,11,11,2,1700,5,2,1,1.0,3.0,111.0,"114, AVENUE PHILIPPE AUG",,,,750
200500053056,5,8,31,1715,1,1,1,1.0,3.0,69.0,FRONT DE MER (BOULEVARD),,,,830
200800038786,8,7,23,1850,1,2,1,1.0,6.0,300.0,GARGOT   RUE NICOLAS (1/,,,,170
200900023295,9,6,29,1056,1,1,1,1.0,4.0,85.0,AUTOROUTE A20,,,,870
201100026921,11,10,21,745,1,1,1,1.0,4.0,555.0,VA008482 A624,M,4360490.0,140332,310
201600052740,16,1,21,210,5,2,5,1.0,6.0,110.0,"1, RUE DU FAUBOURG SAINT",M,4886970.0,235262,750
200700031513,7,5,14,740,1,1,1,1.0,3.0,582.0,AUTOROUTE A15,,,,950
200600068358,6,11,25,1800,5,2,1,1.0,3.0,259.0,"78, AVENUE FRANCIS DE PR",,,,690
201300009169,13,11,8,945,1,1,2,3.0,3.0,338.0,,M,0.0,0,910
200700025948,7,5,4,515,3,1,1,2.0,3.0,181.0,,M,4476300.0,474500,70
201400059296,14,11,29,1625,1,2,3,1.0,3.0,2.0,"14, 14 ET 22 JUIN 1962",G,0.0,0,973
200700072710,7,11,14,1745,5,2,2,1.0,3.0,119.0,AVENUE DE LA PORTE DU PR,,,,750
200500064628,5,10,21,1215,1,1,1,2.0,1.0,131.0,CD 21,M,0.0,0,350
200600064495,6,10,21,1935,5,2,3,1.0,3.0,19.0,"295, DIVISION LECLERC (A",,,,920
200600007276,6,2,17,1220,1,1,1,1.0,7.0,10.0,PK180+600,M,0.0,0,370
200800035016,8,6,20,1700,1,1,1,1.0,6.0,397.0,AUTOROUTE A 10,,,,330
201300021173,13,9,26,2125,5,2,2,1.0,3.0,362.0,26362,M,4493010.0,489750,260
200700007703,7,2,7,1850,5,2,2,1.0,3.0,88.0,"0, BANVILLE (RUE THEODOR",,,,60
200700030432,7,5,12,1905,1,2,1,1.0,6.0,121.0,"0, ARLETTY (rue)",,,,820
200800014495,8,3,27,1110,1,1,1,1.0,2.0,116.0,A 13 W,,,,750
200700077418,7,12,4,340,5,1,1,2.0,6.0,555.0,VA001490 A621,,,,310
201100051680,11,5,2,1315,1,2,1,2.0,5.0,77.0,"31, AV LE FOLL",M,4872760.0,244066,940
201200054932,12,11,9,2120,5,2,2,2.0,7.0,108.0,"39, AVENUE DES CHAMPS EL",,,,750
201200003375,12,11,15,1900,3,1,1,1.0,6.0,213.0,La Croix de Paille,M,4573457.0,50999,160
200900050537,9,11,25,1800,3,1,1,1.0,7.0,454.0,,M,0.0,0,140
201200006991,12,5,31,430,2,1,1,1.0,6.0,260.0,,M,4981000.0,459200,80
201300057064,13,1,17,1615,1,2,1,1.0,3.0,11.0,Avenue Christophe Colomb,G,0.0,0,973
201100029335,11,6,13,1300,1,2,1,2.0,2.0,238.0,13 PLACE DES LICES,M,4811340.0,-168280,350
200800052786,8,9,14,1445,1,2,1,1.0,2.0,55.0,"19, TROIS LUCS (AVENUE D",,,,130
201300057806,13,1,29,1908,5,2,3,3.0,1.0,2.0,"38, RABAN (ROUTE DE)",G,0.0,0,973
201400022121,14,3,18,945,1,2,1,1.0,3.0,238.0,86 RTE DE CIVRIEUX,M,4590630.0,482559,10
201200046330,12,6,29,2350,5,2,1,1.0,6.0,79.0,"21, MAURICE BERTEAUX (R)",,,,940
201100065749,11,5,27,1730,1,2,1,1.0,3.0,20.0,"00, LE RAIZET(SECTEUR)",,,,971
201500047801,15,3,4,600,5,2,1,2.0,2.0,382.0,"20, QUAI DOCTEUR GAILLET",M,4575200.0,483589,690
201000057225,10,5,11,235,3,1,1,1.0,7.0,617.0,AUTOROUTE A5A,,,,910
201600046412,16,11,16,530,3,1,1,1.0,4.0,13.0,AUTOROUTE A1,,,,930
200600063439,6,10,30,740,1,2,1,1.0,7.0,13.0,2 BD ARAGO,,,,750
200500055746,5,9,1,1945,2,1,1,1.0,6.0,191.0,,M,4166500.0,900700,201
201200033761,12,1,27,1525,1,2,1,1.0,7.0,186.0,"., RHONE (BD DU)",,,,620
200600083298,6,11,7,1015,1,1,1,1.0,6.0,213.0,ROUTE DEPARTEMENTALE 3,,,,972
201000052074,10,7,3,2120,5,2,1,1.0,6.0,72.0,"00, MAXIME GORKI (BOULEV",,,,930
201500017522,15,8,15,2145,3,1,1,1.0,6.0,233.0,,M,0.0,0,580
201000064139,10,1,5,800,2,2,1,1.0,3.0,116.0,AVENUE GEORGES LAFONT,,,,750
201000011044,10,5,11,1845,1,1,1,1.0,5.0,401.0,,M,4658400.0,525200,710
200800023621,8,5,3,1820,1,1,1,1.0,1.0,56.0,GATASSE,,,,130
201600030933,16,1,6,130,5,2,1,2.0,6.0,119.0,CHURCHILL ( AVENUE ),M,5051375.0,264858,620
201200040197,12,10,7,955,1,1,1,2.0,6.0,50.0,LIMOGES (AVENUE DE),,,,870
200900035246,9,4,6,2245,5,2,1,1.0,5.0,69.0,"x, CANNES (ROUTE DE)  -R",,,,60
200900029051,9,3,22,1225,1,2,2,1.0,3.0,210.0,"138, ROMAIN ROLLAND (BOU",,,,130
201000066277,10,4,19,1400,1,2,1,1.0,7.0,118.0,"128, AVENUE DE SAINT OUE",,,,750
201100065394,11,9,24,1500,1,1,1,1.0,1.0,20.0,,R,0.0,0,974
200900065213,9,11,18,1700,1,1,1,1.0,7.0,100.0,,M,0.0,0,830
200600046181,6,8,24,1900,1,2,1,2.0,3.0,480.0,90 rue victor hugo,M,4835400.0,313800,890
201200028264,12,3,7,1330,1,2,3,1.0,3.0,187.0,"2, REIMS (BOULEVARD DE)",M,4606292.0,407584,420
200900019137,9,4,10,630,1,1,1,1.0,4.0,81.0,A86,M,4.0,0,940
201200053417,12,8,14,1029,1,1,1,1.0,2.0,56.0,A55-SENS MARSEILL* VERS,M,,,130
200800060032,8,10,14,1525,1,2,1,1.0,1.0,114.0,GASCOGNE (ALLEE DE),,,,910
201100006125,11,5,24,800,1,1,1,7.0,3.0,13.0,,M,0.0,0,320
201000041889,10,6,12,1430,1,2,1,1.0,2.0,290.0,"57, ROUTE D HEYRIEUX",,,,690
200600012526,6,3,9,1720,1,2,1,6.0,2.0,109.0,"., BOULEVARD DE CARDIFF",,,,440
200600078359,6,12,4,1325,1,2,2,2.0,6.0,11.0,R DE CHARONNE R TROUSSEA,,,,750
201300054410,13,11,16,1430,1,2,2,1.0,6.0,116.0,"48, AVENUE VICTOR HUGO",,,,750
200900021325,9,5,2,1545,1,1,1,1.0,7.0,512.0,BEAUREPAIRE (BOULEVARD),,,,590
200600008175,6,2,9,1055,1,2,2,1.0,6.0,555.0,"1, RUE DE METZ",,,,310
200600067391,6,11,8,1845,5,2,1,1.0,6.0,109.0,"15, BOULEVARD DE LA FRAT",,,,440
201600004266,16,7,20,1245,1,1,1,1.0,3.0,132.0,,M,0.0,0,820
200700015945,7,3,2,1300,1,2,3,1.0,3.0,19.0,QU DE LA CHARENTE BD MAC,,,,750
200700015583,7,3,17,1650,1,2,1,1.0,6.0,573.0,"101, GUESDE (R JULES)",,,,620
201500028934,15,12,16,2220,5,2,2,1.0,2.0,121.0,"0, BELGIQUE (RUE  DE )",M,4775976.0,-338149,560
201600005960,16,3,9,815,1,1,1,1.0,1.0,268.0,VILLENEUVE,M,4514710.0,411634,430
201400036490,14,10,4,1119,1,2,2,1.0,6.0,4.0,15EME R.I. (DU),M,4393850.0,218484,810
200700024933,7,4,9,1930,1,1,1,1.0,6.0,143.0,AUTOROUTE A25,,,,590
200800003014,8,1,11,1630,1,2,1,1.0,2.0,172.0,PIREE (AVENUE DU),M,4360462.0,388988,340
200800019339,8,4,6,1205,1,2,1,1.0,2.0,360.0,"0, Rond Point Brézillet",,,,220
200800061607,8,10,30,2000,5,2,3,2.0,6.0,109.0,"18, RUE DE CHATEAUDUN",,,,750
200500057840,5,9,14,1605,1,1,1,1.0,6.0,230.0,"ROCADE, BOUQUIERES (RUE",,,,250
200500043266,5,7,1,1530,1,1,1,1.0,7.0,207.0,,M,0.0,0,190
200600045148,6,8,24,1830,1,1,3,1.0,3.0,460.0,Le Manoir St Laurent,M,4919000.0,30000,140
200600025698,6,5,17,805,1,2,1,1.0,6.0,2.0,"00, THÉRESE OLIVIER (BOU",,,,130
201200047771,12,3,19,1640,1,2,4,1.0,6.0,81.0,"75, SAQUET/CAMELINAT",M,4879040.0,238037,940
201200060011,12,5,16,1630,1,2,1,1.0,4.0,113.0,PORTE D IVRY,,,,750
200500015036,5,3,3,1720,1,2,2,1.0,6.0,119.0,CURIE (RUE PIERRE),,,,330
201100042664,11,5,4,2045,1,2,1,1.0,3.0,21.0,"00, ALSACE LORRAINE (BOU",,,,800
201100053911,11,8,5,1405,1,1,1,1.0,6.0,494.0,AUTOROUTE A1,,,,600
200900056147,9,7,28,1740,1,1,1,1.0,4.0,181.0,A4,M,4.0,0,770
200700036008,7,6,6,1955,1,2,1,1.0,7.0,121.0,"08 BIS, TOULLEC (RUE  FR",,,,560
201100028291,11,2,1,2000,1,2,1,1.0,6.0,336.0,BEREGOVOY (AVENUE PIERRE,M,4332125.0,327360,340
201500045700,15,7,29,1410,1,1,1,1.0,7.0,66.0,AUTOROUTE A86,M,4889190.0,247316,930
200900052590,9,6,9,1215,1,2,1,1.0,3.0,207.0,"25, CORSE (AVENUE DE LA)",,,,130