Num_Acc,an,mois,jour,hrmn,lum,agg,int,atm,col,com,adr,gps,lat,long,dep
201600022788,16,3,12,2010,5,2,1,1.0,1.0,69.0,"31, CANTAYRE (RUE FRANCO",M,4363719.0,139596,310
200500060951,5,9,4,1300,1,2,1,1.0,3.0,201.0,HENRI BARBUSSE(BOULEVARD,,,,910
201500055012,15,9,12,1945,2,2,2,8.0,6.0,118.0,"3, RUE DE LA CHARBONNIER",,,,750
201500017295,15,5,14,1530,1,1,1,1.0,6.0,91.0,,M,4440501.0,552283,50
201600037208,16,3,24,930,1,2,2,1.0,2.0,4.0,"néant, AULAGNIER ( QUAI",,,,920
200700033392,7,6,10,15,3,1,1,8.0,7.0,127.0,Les châtaigniers,M,0.0,0,60
200800066265,8,11,2,2000,3,1,1,2.0,3.0,11.0,"0000000000, R.D. 6580",,,,300
200500009081,5,2,21,1515,1,2,1,1.0,3.0,8.0,26 BD MALESHERBES,,,,750
200500044524,5,7,22,1,5,2,2,1.0,3.0,63.0,VERDUN (CRS DE),,,,330
200500080696,5,12,6,1753,4,2,1,1.0,2.0,189.0,MONTPELLIER (ROUTE DE),,,,300
201300056946,13,5,11,1315,1,1,1,1.0,1.0,29.0,,A,0.0,0,971
200700010989,7,2,11,940,1,2,2,2.0,3.0,50.0,"137, PAUL ET CAMILLE THO",,,,930
201500000094,15,8,11,2300,3,1,6,1.0,6.0,482.0,,M,0.0,0,590
201000030077,10,12,8,1245,1,2,3,1.0,3.0,32.0,MALBOSC LOUIS (RUE),,,,340
200500056929,5,9,14,630,2,2,2,1.0,3.0,30.0,"00, CARIMAI (RUE)",,,,60
201400020877,14,4,3,1820,1,1,3,1.0,7.0,215.0,RUE DU  PONT NOIR,M,4848732.0,-282690,220
200700026106,7,5,2,1445,1,1,1,1.0,3.0,278.0,,M,4593900.0,314700,630
201600051095,16,2,14,1020,1,2,2,1.0,7.0,101.0,RUE DU LOUVRE,M,4886390.0,234233,750
200800003792,8,1,21,2130,5,1,1,1.0,3.0,113.0,"1, CHANTEMERLE (RUE)",,,,630
201200044319,12,5,11,1845,1,2,2,1.0,3.0,14.0,"32, PIERRE SIMON (ALLEE)",M,4889970.0,253405,930
200500055548,5,9,18,1730,1,1,1,3.0,3.0,9.0,,M,4480500.0,596500,50
200600034157,6,6,29,1825,1,1,2,7.0,3.0,448.0,Z.A.C. CHENE SAINT AMAND,,,,520
200900000280,9,1,7,1615,1,2,4,8.0,3.0,117.0,PLACE DE WAGRAM,,,,750
200500010702,5,2,2,1515,1,1,1,8.0,6.0,436.0,,M,0.0,0,140
201000060245,10,10,1,1400,1,2,2,2.0,6.0,102.0,"38, RUE DES PETITS CHAMP",,,,750
201400037935,14,12,6,215,3,1,1,2.0,1.0,519.0,RN59,,,,880
200600053005,6,6,15,1718,1,1,1,1.0,4.0,553.0,RN 104,,,,910
200700024079,7,4,13,1930,1,2,1,1.0,3.0,40.0,"28, GAMBETTA (BOULEVARD)",,,,920
200800006945,8,2,28,1300,1,1,1,1.0,6.0,257.0,,M,0.0,0,300
201300027700,13,4,10,1229,1,2,1,2.0,7.0,7.0,NID DE  PIE,M,4747196.0,-59940,490
200700062438,7,10,12,1245,1,2,2,1.0,3.0,55.0,"68, FRÉDÉRIC MISTRAL (AV",,,,130
200900015042,9,4,1,1830,1,2,1,1.0,6.0,527.0,"28, MAERTENS GEORGES RUE",,,,590
201400016186,14,7,27,550,2,2,1,1.0,7.0,55.0,"00, RTE LEON LACHAMP",,,,130
200600058697,6,10,14,600,3,1,1,5.0,1.0,66.0,,M,4424800.0,41700,470
200500001353,5,1,2,1130,1,1,1,1.0,4.0,324.0,,M,0.0,0,260
200500035794,5,6,21,1718,1,2,1,1.0,7.0,540.0,"1, CECILLE. RUE AMIRAL",,,,760
201000048026,10,8,15,940,1,2,1,2.0,2.0,12.0,"., PONT DE BILLANCOURT (",,,,920
201100014051,11,6,25,2230,2,1,1,1.0,7.0,301.0,,M,4850300.0,146800,280
201100054959,11,5,1,655,1,1,1,1.0,2.0,363.0,RN 104,,,,910
201000018767,10,1,30,945,1,1,1,1.0,3.0,255.0,,M,4368821.0,382398,340
201200059652,12,9,2,1115,1,2,2,1.0,3.0,106.0,"43, RUE DE VAUGIRARD",,,,750
200600080676,6,2,6,2315,4,1,1,1.0,6.0,101.0,PERRIN,,,,971
200600041918,6,7,20,1415,1,1,1,1.0,7.0,37.0,AUTOROUTE A6A,,,,940
200800018993,8,4,3,1505,1,1,9,1.0,6.0,47.0,"1, GEORGES GUYNEMER AVEN",,,,130
200700073961,7,11,24,130,3,1,1,1.0,6.0,353.0,,M,0.0,0,890
201300051965,13,3,24,50,5,2,2,1.0,6.0,110.0,"153, RUE LA FAYETTE",,,,750
200800031054,8,6,8,1630,1,1,1,1.0,1.0,280.0,,M,0.0,0,20
201600017416,16,1,21,730,2,1,1,5.0,1.0,36.0,,M,0.0,0,180
201100046826,11,1,26,1110,1,2,1,8.0,3.0,51.0,"02, AV SAINTE-FOY",M,4888470.0,226835,920
201400058907,14,1,4,1525,1,2,1,1.0,1.0,9.0,"2Comm, GENERAL GALLIENI",A,0.0,0,972
200700050030,7,8,12,1825,1,2,1,1.0,1.0,129.0,"00, BECQUEREL (RUE)",,,,500
201200054402,12,5,2,900,1,2,1,1.0,2.0,107.0,"28, BOULEVARD RASPAIL",,,,750
200900011986,9,2,24,1345,1,2,1,1.0,6.0,63.0,"73, AVE THIERS",,,,330
201100047396,11,6,14,320,5,2,2,2.0,3.0,46.0,BROSSOLETTE / PINARD,M,4882230.0,231414,920
200700036090,7,6,10,2210,5,2,2,1.0,3.0,221.0,LORRAINE (AVENUE DE),,,,570
201600029311,16,9,11,1559,1,2,1,1.0,7.0,121.0,"0, PONT CARRE (RUE  DE )",M,4774677.0,-335805,560
201000052011,10,3,10,1930,5,2,1,1.0,6.0,72.0,FRANCOIS BEGUE (AVENUE),M,4895170.0,238202,930
201500025011,15,9,16,1750,1,2,1,1.0,7.0,238.0,"15, PREVALAYE (QUAI DE L",M,4810897.0,-168683,350
201200052779,12,11,19,610,3,1,1,1.0,2.0,288.0,A432,,,,690
200500005539,5,1,13,1435,1,2,1,1.0,6.0,85.0,"9, CHENIEUX (RUE FRANCOI",,,,870
200900036902,9,9,9,1740,1,2,1,1.0,6.0,21.0,"6, ROUEN (RUE DE)",,,,800
201500051362,15,1,29,2115,5,2,4,2.0,3.0,107.0,"91, AVENUE DE LA BOURDON",,,,750
201200012161,12,12,9,1730,3,1,1,1.0,2.0,80.0,,M,0.0,0,620
200900040340,9,4,14,945,1,2,1,1.0,6.0,337.0,JEAN-PAUL SARTRE (ALLï¿½E),,,,770
201600034243,16,8,13,950,1,2,3,7.0,7.0,296.0,GABRIEL PERI(RUE),M,4862738.0,259223,770
200900004913,9,1,17,1605,1,2,1,1.0,7.0,31.0,"113, ROUSSEAU (AVENUE JE",M,4.0,0,190
201000012616,10,1,28,930,1,2,1,1.0,3.0,54.0,av des 4 otages,M,0.0,0,840
201100000290,11,1,11,1800,3,1,1,1.0,3.0,653.0,,M,0.0,0,620
201600049483,16,10,6,1933,5,2,3,1.0,2.0,259.0,"0, IRENE JOLIOT CURIE",,,,690
200600010826,6,2,14,852,1,2,1,1.0,6.0,33.0,TOUTES RUES,,,,202
201300006198,13,8,14,1730,1,2,9,1.0,1.0,137.0,,M,4849300.0,768300,670
201500046484,15,6,22,1735,1,1,1,3.0,5.0,545.0,A12 W,,,,780
201100023993,11,6,15,900,1,2,7,1.0,2.0,50.0,"33, PLACE DUGUESCLIN",M,4845222.0,-204465,220
201400059380,14,7,12,1620,1,2,1,1.0,6.0,7.0,ARAGON LOUIS(AVENUE),R,,,974
201500051745,15,8,11,2332,5,2,2,1.0,3.0,108.0,"51, AVENUE GEORGE V",,,,750
201200032170,12,4,8,2100,5,2,1,2.0,6.0,9.0,"241, DE VALMY BOULEVARD",,,,590
201600027126,16,1,18,1810,5,2,1,2.0,3.0,184.0,"8, LIBERT (BOULEVARD DE",M,4729352.0,-219829,440
201200046324,12,6,23,1725,1,2,1,1.0,1.0,19.0,SUCY (R DE),,,,940
200500042615,5,7,1,1215,1,1,1,1.0,6.0,269.0,,M,0.0,0,110
201300011372,13,11,25,855,1,2,1,1.0,2.0,88.0,"75, ANGLAIS (DU N? 45 AU",,,,60
201000031702,10,8,3,753,1,2,3,1.0,3.0,208.0,ROMAINS (RUE JULES),M,4735700.0,71762,370
200600041626,6,7,12,1345,1,2,1,1.0,5.0,73.0,"., ALOUETTES (R DES)",,,,940
200500073722,5,11,30,1747,5,2,1,1.0,6.0,185.0,"0, BERRIAT (COURS)",,,,380
200500073831,5,11,5,1510,1,2,1,8.0,3.0,109.0,"00, QUAI DE LA FOSSE",,,,440
201400032753,14,4,11,2037,5,2,1,1.0,3.0,189.0,CARREFOUR DES EVADES,,,,640
201400040114,14,4,15,1320,1,2,3,1.0,6.0,40.0,"32, JEAN-PIERRE TIMBAUD",,,,920
200500018241,5,3,12,2300,5,1,1,1.0,2.0,55.0,Tunnel Prado Carénage,,,,130
201300033357,13,3,4,1130,1,2,1,1.0,6.0,224.0,"01, PORTE JEUNE",M,4774961.0,733903,680
200900027580,9,6,20,2300,3,1,1,1.0,6.0,433.0,,M,0.0,0,890
200900018256,9,6,9,1800,1,2,8,1.0,3.0,224.0,KATZ (ALLEE NATHAN),,,,680
200600025781,6,5,6,1440,1,2,1,1.0,3.0,55.0,BOUQUIERE (TRAVERSE),,,,130
201400016694,14,6,12,800,1,1,1,1.0,6.0,252.0,,M,4814629.0,736885,680
201300021788,13,4,24,1,5,2,3,1.0,3.0,19.0,"0, KERJEAN VRAS (RUE ET",M,4839280.0,-447749,290
200900040664,9,12,2,2000,5,2,1,8.0,3.0,113.0,QUAI FRANCOIS MAURIAC,,,,750
201300037711,13,6,28,1300,1,2,1,2.0,6.0,21.0,JAURES JEAN (BOULEVARD),,,,910
201400052178,14,8,22,1520,1,2,2,1.0,2.0,104.0,"12, QUAI DE GESVRES",,,,750
200500080762,5,12,8,1130,1,2,3,8.0,3.0,555.0,"14, RUE PIERRE PAUL RIQU",,,,310
201200020216,12,6,16,215,3,1,1,8.0,7.0,36.0,,M,0.0,0,560
200500064056,5,10,25,1630,1,1,1,1.0,7.0,116.0,,M,0.0,0,830
201300035210,13,3,30,2120,5,2,3,1.0,3.0,373.0,CHARLES ROUXEL (AVENUE),M,4879321.0,260430,770
200900020375,9,9,7,1300,1,2,1,1.0,3.0,111.0,"127, BOULEVARD VOLTAIRE",,,,750
201400034454,14,4,16,925,1,2,4,1.0,3.0,445.0,"2, VARENNE (RUE DE LA)",,,,710
201100008118,11,4,10,1500,1,1,3,1.0,6.0,280.0,route CLUSAZ/COLOMBAN,M,0.0,0,740
200900071955,9,6,28,1245,1,2,1,1.0,3.0,526.0,"1237, HENRI DURRE",,,,590
201200015454,12,6,9,1400,1,2,1,1.0,3.0,2.0,"809, ETIENNE CUCCA-CD908",M,4336340.0,549551,130
200700056523,7,9,13,555,5,2,1,1.0,6.0,602.0,"171, GOUBERT (RUE JEAN)",,,,500
201000013940,10,3,19,1345,1,1,1,1.0,7.0,238.0,,M,4896100.0,187900,780
201600022932,16,6,1,813,1,2,3,1.0,3.0,555.0,"241, RUE DES FONTAINES",M,4360320.0,140999,310
200600020949,6,4,22,740,1,2,1,1.0,7.0,260.0,CD 912,,,,640
200700024424,7,4,23,1700,1,2,1,1.0,6.0,71.0,"06, BOUGAINVILLE (ALLEE)",,,,930
200800062508,8,11,8,1400,1,1,1,1.0,5.0,134.0,,M,4801500.0,733700,680
200700016892,7,3,21,1410,1,2,1,1.0,3.0,65.0,"98, ALBERT 1° (AV)",,,,810
200700081771,7,2,7,950,1,2,1,1.0,6.0,407.0,DOUANE(RUE),,,,974
200800065945,8,11,9,425,5,2,1,2.0,6.0,300.0,JOFFRE   BOULEVARD (27/7,,,,170
200700056241,7,9,14,1935,1,2,1,1.0,3.0,18.0,PERRIN (RUE JEAN),,,,410
201000057747,10,6,28,1551,1,2,1,1.0,3.0,33.0,"sans, GIACCOBBI - AV PAU",,,,202
201100011729,11,8,22,815,1,2,1,1.0,1.0,43.0,223 Route du Col St Roch,M,4387100.0,729400,60
200700060874,7,10,4,930,1,2,1,7.0,6.0,291.0,3 RUE LEROUX,M,0.0,0,550
201300023169,13,11,22,1745,5,2,1,9.0,1.0,555.0,"999, PL DE LA PATTE D OI",,,,310
201400008122,14,3,11,1530,1,1,1,1.0,3.0,143.0,,M,0.0,0,830
201200058272,12,10,20,2220,5,2,2,2.0,5.0,117.0,"19, AVENUE MAC MAHON",,,,750
200700056100,7,9,3,430,3,1,1,2.0,6.0,238.0,ROCADE 3-4,,,,350
201300006597,13,7,26,2100,2,1,1,1.0,7.0,468.0,,M,4978400.0,446300,80
201100003583,11,12,21,1530,1,1,1,2.0,6.0,144.0,,M,4830837.0,-51827,530
200900046843,9,12,9,1645,1,2,1,1.0,6.0,138.0,155 rue Pierre BROSSOLET,M,0.0,0,330
201300018028,13,9,23,1715,1,2,1,1.0,6.0,194.0,rue de bretagne,M,0.0,0,440
200700035985,7,6,27,1215,1,2,1,1.0,7.0,395.0,"2, CITADELLE (RUE DE LA",,,,540
200900023129,9,6,21,100,5,2,1,1.0,1.0,234.0,Place de St Ivy,M,4.0,-,560
201500034365,15,12,30,1515,1,2,5,1.0,6.0,440.0,RPUBLIQUE (RUE DE LA),,,,780
201100046112,11,1,6,1125,1,2,1,2.0,7.0,26.0,R JEAN PIERRE TIMBAUD,,,,920
200800033806,8,6,14,1215,1,2,1,2.0,2.0,21.0,"191, SAINT PIERRE (CHAUS",,,,800
201600021226,16,3,2,1735,1,2,3,1.0,5.0,198.0,ROUTE DE MARSEILLE,M,4453587.0,474616,260
201400041087,14,11,30,1815,5,2,3,2.0,3.0,22.0,"484, SALENGRO (AVENUE RO",,,,920
201000017137,10,10,18,1510,1,2,1,1.0,3.0,88.0,"93, ETATS UNIS (QUAI DES",,,,60
201600057597,16,11,18,1445,1,1,1,1.0,1.0,104.0,,A,0.0,0,971
201600013026,16,8,25,1900,1,1,1,1.0,3.0,113.0,,M,4360719.0,549449,130
201000048967,10,5,23,1935,1,2,1,1.0,6.0,49.0,"96, DORMOY AVENUE MARX N",,,,920
201100029100,11,4,30,1115,1,2,1,1.0,6.0,115.0,"13, NORMANDIE (AVENUE DE",,,,350
201200057817,12,11,5,1945,5,2,7,2.0,3.0,116.0,"02, PLACE VICTOR HUGO",,,,750
201400010268,14,10,29,800,1,2,1,1.0,3.0,27.0,"75, BESSET AVENUE CYRILL",,,,60
201300032197,13,2,2,1115,1,2,1,2.0,3.0,445.0,36 ROUTE DE BAYONNE,M,4329940.0,-39124,640
200800043642,8,8,8,1140,1,1,1,1.0,7.0,36.0,A86,,,,920
200700068204,7,11,12,2000,5,2,1,1.0,1.0,55.0,"162, TIMONE (AVENUE DE L",,,,130
201600004245,16,9,27,1130,1,1,1,1.0,6.0,219.0,,,,,810
201200020462,12,6,6,1550,1,2,1,8.0,6.0,15.0,Rampe d'Aguesseau,M,4564958.0,15972,160
201000045940,10,4,8,2116,3,2,1,1.0,6.0,194.0,Route Départementale 910,,,,860
201500028138,15,1,13,1730,5,2,1,2.0,6.0,454.0,RUE DU GENERAL KOENIG,,,,510
201200038062,12,10,18,930,1,2,1,8.0,7.0,15.0,"26, MARC (BD NOEL)",,,,780
201300051580,13,9,26,1045,1,2,7,1.0,2.0,108.0,PLACE DE LA CONCORDE,,,,750
201100020670,11,9,10,1200,1,2,1,1.0,3.0,55.0,"76, BD DE SAINT MARCEL",,,,130
201000013808,10,7,26,1915,1,2,1,1.0,6.0,50.0,lotissement les collines,M,0.0,0,202
200900017545,9,2,14,1045,1,1,9,1.0,6.0,809.0,,M,0.0,0,800
200500035341,5,6,16,2255,5,2,1,1.0,2.0,16.0,36 AV GRANDE ARMEE,,,,750
200500013028,5,3,18,1730,1,2,3,1.0,3.0,65.0,LE MALPAS,M,4603000.0,595000,740
201400048461,14,12,19,1000,1,1,1,2.0,4.0,72.0,N118,,,,920
201100002268,11,1,10,1945,3,1,1,2.0,3.0,244.0,,M,0.0,0,560
200900043558,9,9,30,820,1,1,1,1.0,4.0,266.0,RD383   3.750 A 7.640,,,,690
201100032663,11,10,14,1700,1,1,3,1.0,3.0,7.0,Bd BEAUSSIER,M,4747278.0,-59983,490
200800020882,8,4,24,1630,1,2,2,1.0,2.0,137.0,CLOQUET (RUE),,,,830
200900070758,9,12,7,1145,1,2,1,1.0,1.0,216.0,CD 117,,,,910
201000029364,10,7,23,1505,1,2,3,1.0,3.0,249.0,RUE FRANCOIS RABELAIS,,,,330
201600034436,16,2,2,2030,5,2,2,1.0,6.0,498.0,"60, ROBESPIERRE BD",M,4893341.0,205011,780
200700000390,7,1,15,2100,5,2,1,1.0,1.0,55.0,Impasse de la Houchette,M,0.0,0,850
200800068911,8,12,1,1745,2,1,1,1.0,3.0,527.0,,M,4536100.0,95500,240
201300037225,13,6,23,1032,1,2,1,1.0,6.0,85.0,"14, MAS-BOUYOL  (CITE ET",,,,870
200900050299,9,4,25,510,5,2,9,1.0,6.0,172.0,GRANIER (ROND POINT ERNE,M,4.0,0,340
201300029234,13,11,7,1810,5,2,2,2.0,3.0,83.0,"0, ALLENDE ( AV. PRES. S",,,,560
200600074851,6,12,3,2345,3,1,1,1.0,5.0,100.0,,M,0.0,0,600
200500014832,5,3,4,715,1,2,1,1.0,6.0,19.0,"., PROVENCE (AVENUE ET R",,,,290
201200010921,12,10,26,755,2,2,1,3.0,3.0,69.0,"/, CAPUCINS (CHEMIN ET I",,,,60
201400002048,14,12,14,1630,1,1,1,5.0,5.0,77.0,,M,4795433.0,-93560,530
200900067389,9,10,11,1550,1,2,1,2.0,6.0,540.0,"39, HAVRE. QUAI (HAUT) D",,,,760
200600077149,6,12,13,1350,1,1,1,1.0,1.0,295.0,CD 916,,,,590
200700039079,7,6,18,1140,1,2,3,1.0,3.0,119.0,RUE DE BELLEVILLE,,,,750
201300056572,13,8,22,620,1,2,1,1.0,4.0,118.0,PORTE DE SAINT OUEN,,,,750
201300049456,13,9,6,4,3,1,1,1.0,2.0,290.0,A43   3.865 A 9.894,,,,690
201100052501,11,1,26,1310,1,2,1,2.0,6.0,313.0,AV DU CHEMIN VERT,M,4911920.0,222520,950
200800003259,8,1,9,1720,2,1,1,7.0,5.0,109.0,ROUTE DE PARIS,,,,440
201600017949,16,12,19,1530,1,2,1,1.0,6.0,374.0,ROUTE DE SALLES,M,4611527.0,532536,10
201600002404,16,9,8,1645,1,1,1,1.0,1.0,19.0,,M,4677226.0,-140919,850
200700077569,7,12,7,2040,5,2,1,2.0,7.0,69.0,"86, AVE LEON BLUM",,,,330
201500014361,15,5,28,2050,2,2,1,1.0,6.0,55.0,"37, MADRAGUE DE MONTREDO",M,4323716.0,536335,130
200500013822,5,3,6,15,5,2,1,2.0,6.0,573.0,rue du commerce,M,0.0,0,910
200900057009,9,8,28,1200,1,2,1,1.0,3.0,43.0,"110, ROVE  AVENUE DU",,,,130
201200050034,12,3,16,1755,1,1,1,1.0,6.0,640.0,A86 DUPLEX - A86 INT,,,,780
201200020671,12,4,28,1010,1,1,1,2.0,7.0,300.0,118 PK RN137 ROCHEFORT J,,,,170
201100058990,11,2,20,1630,1,2,1,1.0,3.0,108.0,"78, AVENUE DES CHAMPS EL",,,,750
200600045760,6,8,7,1845,2,1,2,1.0,3.0,10.0,,M,4527400.0,486200,260
201000025378,10,4,27,1706,1,2,1,1.0,6.0,617.0,"45, TROYES (DE) (BOULEVA",M,4733690.0,501216,210
201000046282,10,6,27,505,5,2,1,1.0,6.0,114.0,"38, PALAIS-SUR-VIENNE (A",,,,870
200700037408,7,6,29,1255,1,2,1,1.0,3.0,36.0,"51, GENERAL DE GAULLE (A",,,,920
200700080542,7,12,9,1030,1,1,1,1.0,5.0,19.0,A51-Sens Aix en Provence,,,,130
201600035981,16,3,12,2311,5,2,1,1.0,6.0,85.0,"1.500, GEORGES GUINGOUIN",M,4590730.0,129747,870
200800024198,8,5,31,2040,1,2,1,8.0,3.0,69.0,"191-193, AVE DE LA LIBER",,,,330
200800058630,8,10,18,1143,1,2,6,1.0,6.0,260.0,"., ROHAN(SQUARE DE)",,,,560
201200008613,12,4,9,1045,1,1,1,1.0,7.0,110.0,,M,0.0,0,840
201000042829,10,2,11,1823,5,2,1,1.0,3.0,540.0,"1, LECANUET. RUE JEAN",,,,760
200700079628,7,12,2,2110,5,2,1,3.0,6.0,46.0,"96, GABRIEL PERI",,,,920
200900030972,9,7,10,1540,1,2,1,1.0,6.0,270.0,LYON (ROUTE DE),,,,710
200600068150,6,11,28,735,1,2,1,1.0,6.0,113.0,"XX, BRUGIERE (BD AMBROIS",,,,630
201300019704,13,1,18,1800,3,1,1,3.0,2.0,153.0,,M,0.0,0,370
200700046541,7,8,17,1945,1,1,1,1.0,6.0,366.0,,M,0.0,0,600
201400000767,14,10,3,2345,3,1,1,1.0,6.0,624.0,,M,4912300.0,106500,270
201200015520,12,6,20,1020,1,2,1,8.0,4.0,55.0,"66, BD DE SAINT MARCEL",M,,,130
201000016912,10,8,7,1820,1,2,3,1.0,6.0,88.0,"0, GAMBETTA (A PARTIR DU",,,,60
200700034173,7,6,19,535,5,2,1,1.0,7.0,29.0,"4, BIVOUAC NAPOLEON (RUE",,,,60
200500073207,5,11,24,2301,5,2,1,1.0,6.0,19.0,"82, SAINT MARC (DE 64 A",,,,290
200500073938,5,11,29,913,1,2,1,1.0,1.0,201.0,PONT DE BARROY (ROUTE DU,,,,470
201400057719,14,2,10,630,5,2,1,1.0,2.0,117.0,PORTE MAILLOT,,,,750
200700060425,7,10,26,1430,1,2,1,1.0,1.0,182.0,Voie Communale n° 10,M,0.0,0,160
201400003665,14,5,18,1700,1,2,1,1.0,6.0,239.0,route de toulouse,M,0.0,0,310
201100061616,11,6,22,1205,1,2,2,2.0,6.0,115.0,"94, BOULEVARD LEFEBVRE",,,,750
201600054225,16,6,10,1924,1,2,1,1.0,6.0,114.0,"148, AVENUE DU MAINE",M,4883420.0,232423,750
201000063527,10,5,12,1800,1,2,1,1.0,6.0,114.0,"91, RUE VERCINGETORIX",,,,750
201600054287,16,8,29,1740,1,2,7,1.0,3.0,114.0,PLACE VICTOR ET HELENE B,M,4882810.0,232689,750
200900028426,9,2,24,751,1,1,1,1.0,3.0,689.0,AUTOROUTE A6A,,,,910
201200054429,12,6,4,1615,1,2,5,8.0,3.0,107.0,"42, RUE DU BAC",,,,750
201100047737,11,5,30,1845,1,2,1,1.0,2.0,5.0,RTE DE MITRY,,,,930
201000022540,10,11,22,1700,1,2,1,1.0,6.0,55.0,"00, BD MICHELET",,,,130
201400028980,14,9,25,1800,1,2,1,1.0,6.0,165.0,ROUTE DE COUTANCES,M,4884500.0,-158399,500
201100059409,11,5,1,815,1,2,3,1.0,7.0,109.0,"77, BOULEVARD DE CLICHY",,,,750
200500034108,5,6,13,1050,1,2,2,1.0,3.0,454.0,VENISE (RUE),,,,510
201200040757,12,2,4,1530,1,2,1,1.0,2.0,114.0,ROUTE NATIONALE 6,,,,910
200900047023,9,10,14,1415,1,2,1,1.0,3.0,16.0,route de Cognac,M,0.0,0,170
200900064702,9,11,5,1730,5,2,3,1.0,6.0,631.0,", VOSGES (RUE DES) C3-C4",,,,570
200600061961,6,10,29,555,4,2,2,5.0,3.0,109.0,"., QUAI MAGELLAN",,,,440
200800024147,8,5,21,430,5,2,1,1.0,6.0,63.0,"56, CRS VICTOR HUGO",,,,330
200500084203,5,12,4,2135,3,1,1,1.0,2.0,64.0,RN 118,,,,910
201400013934,14,1,13,1510,5,2,1,2.0,2.0,55.0,AVE DES PEINTRES ROUX,,,,130
201400030488,14,9,3,1030,1,2,2,1.0,3.0,172.0,"., CARAMAN (BD)",,,,590
200800041522,8,7,20,625,2,2,1,1.0,7.0,78.0,HUIT MAI 1945 (AV DU),,,,940
201100049275,11,12,7,1720,5,2,1,1.0,7.0,55.0,"6, ESTIENNE D'ORVES (1 A",,,,930
201600015981,16,11,18,40,5,2,1,1.0,6.0,55.0,"1, MENDES FRANCE (AVENUE",M,4326156.0,537491,130
200900021985,9,7,3,1145,1,1,1,1.0,7.0,22.0,,M,0.0,0,430
200700013685,7,3,7,1500,1,2,1,1.0,6.0,88.0,"0, RAYBAUD JOSEPH",,,,60
200500035719,5,6,17,1850,1,2,1,1.0,2.0,16.0,BPE DAUPHINE MUETTE,,,,750
200500009205,5,2,25,920,1,2,1,1.0,6.0,322.0,ROOSEVELT. AVENUE FRANKL,,,,760
201000010761,10,7,25,1800,1,1,1,1.0,1.0,210.0,,M,4723580.0,457648,210
200700045506,7,7,26,1635,1,1,1,1.0,3.0,550.0,ROCADE A 630,,,,330
201500027651,15,11,5,2135,5,2,2,1.0,6.0,7.0,BEDIER BOULEVARD,M,4745259.0,-54057,490
201200004778,12,8,23,100,5,2,1,8.0,1.0,4.0,Avenue Painlev?,M,0.0,0,10
200700018617,7,4,28,1600,1,1,1,1.0,1.0,239.0,,M,0.0,0,220
201500023481,15,6,3,1020,1,2,1,1.0,2.0,281.0,AVE DE LA MARNE,M,4483280.0,-64743,330
200700049898,7,8,10,1530,1,2,2,1.0,2.0,218.0,JANIN JULES (BD) JUSQU'A,,,,420
201600003427,16,3,2,1130,1,1,1,2.0,1.0,183.0,,M,4561398.0,-83279,170
201200058678,12,12,26,2145,5,2,4,2.0,3.0,118.0,"/, BOULEVARD BARBES",,,,750
200900015823,9,5,22,37,3,1,1,1.0,6.0,35.0,CHATEAUX-VC27 (CHEMIN DE,,,,840
201100036291,11,12,2,945,1,2,1,1.0,2.0,599.0,LILLE (RUE DE),,,,590
200900006338,9,3,5,1900,3,1,1,1.0,1.0,211.0,,M,4.0,-,850
200500054722,5,9,28,1445,1,1,1,1.0,1.0,187.0,,M,0.0,0,870
201600038201,16,10,29,2020,5,2,1,1.0,5.0,35.0,"3, NATIONAL ( BOULEVARD",,,,920
200500048587,5,8,17,1800,1,1,1,1.0,1.0,215.0,La prune,M,0.0,0,170
200700006459,7,2,1,945,1,1,1,2.0,3.0,28.0,,M,4482800.0,-30800,330
201100035195,11,6,20,1300,1,2,2,8.0,3.0,324.0,"28, BRIQUETTERIE (RUE)",,,,590
201000041822,10,3,17,820,1,2,2,1.0,6.0,275.0,"3/4, RUE DE LA REPUBLIQU",,,,690
200800066224,8,11,7,2025,5,2,1,1.0,4.0,189.0,ALLENDE SALVADOR (RUE),M,4383047.0,438021,300
201600023710,16,3,5,125,5,2,1,2.0,1.0,63.0,"165, PESSAC (RUE DE)",M,4482793.0,-58503,330
201400031507,14,4,8,1650,1,2,1,7.0,6.0,159.0,BAYARD (CLEMENT),,,,600
200500022473,5,4,8,1930,1,1,1,3.0,2.0,377.0,AUTOROUTE A10,,,,910
200500004681,5,1,6,1410,1,2,2,1.0,3.0,15.0,R ABBE GROULT R CROIX NI,,,,750
201200010852,12,6,24,1855,1,2,1,1.0,7.0,69.0,"50, CANNES (ROUTE DE)  -",,,,60
200900069642,9,12,12,1045,1,1,1,1.0,5.0,64.0,A86 - ROSNY SOUS BOIS,,,,930
201300025762,13,2,27,1310,1,2,1,1.0,6.0,261.0,6 RUE DES HALLES,,,,370
201400058934,14,2,20,715,1,2,1,1.0,1.0,9.0,"1Comm, AMILCAR CABRAL (B",A,0.0,0,972
200500047167,5,7,29,1415,1,2,1,1.0,3.0,51.0,MONT D'EST (BD),,,,930
200900005012,9,3,12,1239,1,2,1,1.0,3.0,99.0,"2, POITOU (BOULEVARD DU)",,,,490