Num_Acc,an,mois,jour,hrmn,lum,agg,int,atm,col,com,adr,gps,lat,long,dep
201300000383,13,1,28,430,3,1,1,1.0,6.0,372.0,,M,0.0,0,20
201400053631,14,3,9,1820,1,2,2,1.0,3.0,111.0,"205, BOULEVARD VOLTAIRE",,,,750
201500018430,15,4,15,715,1,1,1,1.0,6.0,248.0,,M,0.0,0,690
200800047863,8,8,23,2215,3,1,1,1.0,2.0,100.0,,M,4326400.0,612900,830
201300033518,13,7,17,1720,1,2,1,1.0,7.0,34.0,"21, MONTEE DES SOLDATS",,,,690
201100065925,11,8,26,1950,5,2,1,1.0,6.0,9.0,"RD 41, RD 41",,,,972
200500011667,5,2,14,930,1,1,1,8.0,1.0,9.0,,M,4846000.0,189000,780
200500015295,5,3,11,1225,1,2,1,1.0,3.0,18.0,DUGAY-TROUIN (RUE)  N° I,,,,410
201300045623,13,10,21,200,5,1,1,1.0,6.0,28.0,A86 INT,M,4877990.0,244089,940
200500011602,5,2,27,1500,1,2,1,1.0,3.0,281.0,Grand rue,M,4327400.0,203800,110
201400009766,14,9,14,1315,1,1,1,1.0,7.0,67.0,,M,4648170.0,128480,360
201400015259,14,8,4,1645,1,1,1,1.0,6.0,55.0,"68, RTE DES CAMOINS",M,4329655.0,549586,130
201500033760,15,10,13,745,2,1,1,1.0,2.0,497.0,,M,4936598.0,103950,760
200600060905,6,10,17,240,3,1,1,1.0,7.0,304.0,CD 144 A,,,,140
201100045051,11,9,5,1715,1,2,2,1.0,3.0,345.0,"1, rue Maurice",,,,910
201600016418,16,4,27,1800,1,2,1,1.0,2.0,117.0,"x, ROUTE NATIONALE 113 -",M,4343084.0,525921,130
200500061196,5,9,12,1835,1,2,1,1.0,7.0,73.0,"21, POMPIDOU (AVENUE GEO",,,,920
201000047141,10,3,2,1500,1,2,1,1.0,5.0,223.0,RN 191,,,,910
201200013923,12,12,7,1600,1,1,1,2.0,3.0,1.0,EGUILLES (ROUTE D'),,,,130
201600013237,16,9,7,830,1,1,1,1.0,3.0,169.0,,M,4378336.0,429875,300
201600042538,16,5,4,1800,1,2,1,1.0,6.0,28.0,AV DU MARECHAL FOCH,M,4877250.0,243922,940
201200051870,12,9,27,900,1,1,1,8.0,6.0,162.0,ROCADE A 630,,,,330
201000026724,10,7,23,410,5,2,1,1.0,6.0,220.0,"21, VOVES (RUE DE)",M,4843050.0,147934,280
200500064780,5,10,16,425,5,2,1,1.0,7.0,155.0,RN.7,,,,60
201300042669,13,4,7,1810,1,2,6,1.0,3.0,78.0,SAUSSET (AVENUE DU),,,,930
200900067626,9,9,14,1735,1,2,1,1.0,2.0,88.0,"0, VOIE RAPIDE",,,,60
201000013430,10,9,15,1000,1,1,1,1.0,7.0,122.0,,M,4388746.0,424759,300
201000005793,10,6,22,730,1,2,1,1.0,6.0,10.0,AV GEORGES CLEMENCEAU,M,4509334.0,193064,190
200600042058,6,7,28,1700,1,1,1,1.0,4.0,365.0,Autoroute A.35,,,,670
201300002558,13,10,7,915,1,1,1,1.0,3.0,490.0,,M,0.0,0,330
201000064844,10,4,29,1510,1,2,5,1.0,6.0,117.0,"72, AVENUE DE WAGRAM",,,,750
201200059579,12,7,2,1945,1,2,3,1.0,2.0,116.0,"46, AVENUE GEORGES MANDE",,,,750
200700068355,7,11,7,915,1,2,1,1.0,6.0,306.0,"13, ROBIN (CHEMIN)",,,,170
200600043269,6,7,22,1515,1,2,1,1.0,3.0,249.0,grande rue,M,0.0,0,10
201500012119,15,9,16,900,1,1,1,1.0,5.0,27.0,,M,0.0,0,60
201100043285,11,3,9,1430,1,2,1,1.0,2.0,62.0,PAULINE (CHEMIN DE LA),,,,830
200700014858,7,3,14,1720,1,2,6,1.0,6.0,261.0,VERDUN (CARREFOUR DE),,,,370
201600059023,16,5,3,1750,2,2,1,1.0,3.0,409.0,"121, PENTE SASSY (chemin",,,,974
201300018199,13,1,7,1845,3,1,1,5.0,6.0,213.0,,M,0.0,0,860
201300028563,13,4,9,1245,1,2,3,1.0,3.0,323.0,ANATOLE FRANCE (RUE),M,4952545.0,576186,540
200800006958,8,2,8,1315,1,2,1,1.0,3.0,212.0,Avenue Geoffroy Perret,M,4394200.0,455900,300
200800068466,8,11,6,1250,1,1,9,8.0,7.0,266.0,RD383   3.750 A 7.640,,,,690
201200041989,12,5,2,1350,1,2,6,2.0,2.0,23.0,R DE MEUDON,,,,920
200600000292,6,1,24,405,3,1,1,1.0,6.0,69.0,RD 118,,,,110
201300047930,13,1,2,1250,1,2,1,2.0,6.0,33.0,CHANOINE LESCHI - RUE,M,0.0,0,202
200600077302,6,12,11,1745,2,2,1,3.0,6.0,41.0,"111, D 266 AVENUE WINSTO",,,,620
200700029932,7,5,24,1050,1,2,1,1.0,6.0,14.0,5 AV MAURICE D OCAGNE,,,,750
200600054176,6,9,29,450,5,2,1,1.0,6.0,555.0,"101, RTE DE REVEL",,,,310
201600056325,16,10,4,2045,5,2,3,1.0,6.0,119.0,"12, RUE HENRI RIBIERE",M,4887670.0,239551,750
200600075939,6,12,9,1050,1,2,1,2.0,7.0,375.0,"04bis, FOCH (RUE DU ML)",,,,270
200700026802,7,5,25,1645,1,1,1,8.0,3.0,249.0,,M,4749100.0,51700,370
201100036012,11,9,10,2225,5,2,1,1.0,2.0,650.0,"14, PHILIPPOT (RUE GEORG",,,,590
201300014882,13,5,16,1045,1,2,3,1.0,7.0,55.0,"68, RUE PAUL LUCCHESI",M,4327685.0,540835,130
200600043537,6,7,28,2200,5,1,1,1.0,6.0,257.0,,M,4505200.0,371600,430
200500050903,5,8,13,2250,5,2,1,1.0,6.0,306.0,"0, PAPIN DENIS",,,,170
201200053467,12,1,19,935,1,2,2,2.0,3.0,101.0,"12, QUAI FRANCOIS MITTER",,,,750
200600078980,6,12,1,1210,1,2,1,1.0,7.0,514.0,CD 33,,,,910
201600050330,16,10,15,1915,2,1,1,1.0,7.0,256.0,A42     0.560 A 4.020,,,,690
201100045143,11,12,14,940,1,2,1,1.0,6.0,691.0,MARECHAL JUIN (RUE),,,,910
200900021548,9,5,22,545,2,1,1,1.0,6.0,372.0,,M,0.0,0,240
200500061676,5,9,3,240,3,1,1,1.0,5.0,363.0,A104,,,,770
201000049975,10,1,11,835,1,2,2,9.0,6.0,5.0,SEVERINE (RUE),M,4892650.0,248642,930
200900056237,9,11,24,1845,5,2,1,1.0,6.0,285.0,"6, JEAN  JAURES (AVENUE)",,,,700
201200055672,12,5,14,1350,1,2,5,1.0,5.0,111.0,"101, BOULEVARD RICHARD L",,,,750
200500008898,5,2,11,2010,5,2,1,2.0,3.0,16.0,52 R DE LA POMPE,,,,750
201300032594,13,9,3,1235,1,2,1,1.0,1.0,286.0,"1, JULOS (CHEMIN DE)",M,4311321.0,-2866,650
200900073087,9,3,7,1945,5,1,1,1.0,6.0,20.0,,A,0.0,0,972
200600072123,6,11,4,1630,1,2,2,1.0,5.0,268.0,Route des Rouleyres,M,0.0,0,630
200800038690,8,7,18,110,5,2,2,1.0,3.0,55.0,"20, ROME (RUE DE)",,,,130
201000061126,10,6,9,1320,1,2,1,3.0,3.0,107.0,"40, AVENUE DE LA MOTTE P",,,,750
200800043688,8,8,19,1000,1,1,1,2.0,6.0,550.0,AUTOROUTE A 62,,,,330
200800012844,8,3,1,1830,2,2,1,6.0,3.0,672.0,MERLIN (ROND POINT),,,,570
201400026725,14,2,24,1610,1,2,6,1.0,2.0,53.0,CD 522,,,,380
200700080424,7,12,9,1420,1,1,1,2.0,7.0,39.0,ROCADE A 631,,,,330
200600030132,6,6,4,2200,2,2,1,1.0,7.0,617.0,6 rue de Beaurains,M,0.0,0,600
201200059680,12,9,28,1720,1,2,3,1.0,4.0,111.0,"43, AVENUE PHILIPPE AUGU",,,,750
201200002367,12,7,12,1100,1,1,1,1.0,6.0,13.0,,M,0.0,0,850
200700008503,7,2,18,1910,5,2,1,2.0,3.0,555.0,"999, R-PT EUGENE CLAUDIU",,,,310
201100050789,11,3,21,1635,1,2,1,1.0,7.0,76.0,R ROMAIN ROLLAND,M,4879350.0,236189,940
200600012234,6,3,15,1810,1,2,3,1.0,3.0,281.0,AVE DE LA GARE,,,,330
201500055285,15,11,5,940,1,2,3,1.0,6.0,119.0,"140, AVENUE JEAN JAURES",,,,750
201600007385,16,9,2,1930,2,1,1,1.0,6.0,394.0,,M,0.0,0,710
200600070048,6,11,14,1730,2,2,1,1.0,3.0,20.0,"10, VANVES BOULEVARD DE",,,,920
200900066668,9,11,29,1630,2,1,1,1.0,6.0,449.0,,M,0.0,0,380
200500023751,5,4,22,1445,1,1,1,1.0,5.0,97.0,,M,4916500.0,648400,570
201500013154,15,5,19,2240,3,1,1,1.0,2.0,4.0,RTE N113 MARSEILLE A BOR,,,,130
200500037001,5,6,30,740,1,2,6,1.0,3.0,18.0,BELIN (RUE AG),,,,950
201100042284,11,1,5,1752,2,2,1,1.0,2.0,586.0,RD 308,M,4894440.0,215910,780
200600035071,6,6,2,1515,1,2,4,1.0,6.0,20.0,R F LEMAITRE AV TAILLADE,,,,750
200900035204,9,4,22,355,5,2,2,1.0,6.0,88.0,"0, SAINT-PHILIPPE (R.)",,,,60
200800044954,8,8,30,1855,1,2,3,1.0,7.0,224.0,"30, HIRSINGUE (RUE DE)",,,,680
200800039085,8,7,19,955,1,2,2,1.0,3.0,189.0,SAUVE (ROUTE),M,4384016.0,431917,300
201600004336,16,3,15,1830,1,1,1,1.0,6.0,127.0,,M,0.0,0,690
200500033585,5,6,3,1912,1,1,1,1.0,7.0,172.0,LIBERTE (AVENUE DE LA,,,,340
201500053248,15,9,11,1700,1,2,7,1.0,3.0,113.0,"1, BOULEVARD DE L HOPITA",,,,750
201200003340,12,4,17,2345,4,2,1,8.0,7.0,73.0,,M,4527543.0,2757,160
200800013347,8,3,10,1930,5,2,6,2.0,3.0,181.0,ISAAC (RUE) N° IMP 1 A 1,,,,720
201000041799,10,10,11,820,1,2,1,1.0,2.0,266.0,"1, BOULEVARD LAURENT BON",,,,690
200600030036,6,6,17,30,3,2,1,1.0,6.0,57.0,459 RUE EDMOND DUPONT,M,5088100.0,207600,620
200800035064,8,6,12,1710,1,1,1,1.0,2.0,34.0,RD383   0.000 A 1.165,,,,690
201600013886,16,1,12,1115,1,2,1,1.0,6.0,55.0,"3, MARCHAL DE LATTRE (A",M,4325041.0,540397,130
200800067661,8,11,29,2244,5,1,1,4.0,6.0,2.0,AUTOROUTE A10,,,,920
200500055439,5,9,1,1630,1,1,1,1.0,7.0,330.0,,M,0.0,0,710
201400031415,14,2,14,1300,1,2,1,1.0,6.0,112.0,rue du 4 F?vrier,M,4790555.0,721462,680
201100008790,11,6,26,1645,1,1,1,7.0,6.0,247.0,x,M,4535100.0,321600,430
201500002622,15,1,5,1330,1,1,1,1.0,6.0,120.0,LES GR?ZAUDOUX,M,4527650.0,111513,240
201300003862,13,8,7,1245,1,1,1,1.0,6.0,312.0,LD LE CROS,M,4361690.0,67579,320
201400045596,14,10,25,1445,1,2,1,2.0,7.0,81.0,", HENRI BARBUSSE (AV)",,,,940
200700044522,7,7,9,1920,1,2,1,1.0,6.0,10.0,"1, DEFERRE (RUE GASTON)",,,,900
201000060309,10,3,11,1500,1,2,5,1.0,3.0,102.0,"62, RUE DU LOUVRE",,,,750
200900072097,9,7,20,920,1,1,1,7.0,1.0,389.0,"PV, INTERSECTION RD37/63",M,4.0,0,670
201600017471,16,11,12,1615,1,1,1,2.0,6.0,179.0,,M,4778137.0,170468,450
200500050653,5,8,5,1430,1,2,1,1.0,6.0,55.0,", NOTRE DAME (PLACE)",,,,130
200700007610,7,2,14,1240,1,2,1,1.0,2.0,123.0,CURIE PIERRE ET MARIE AV,,,,60
201500048828,15,10,7,1615,1,2,3,1.0,3.0,387.0,"., TONY GARNIER",M,4572784.0,482399,690
200900070602,9,11,25,800,1,2,1,1.0,7.0,223.0,RN 191,,,,910
201600011927,16,8,1,1045,1,1,1,1.0,3.0,400.0,,M,0.0,0,380
201000051056,10,9,26,1910,2,2,2,2.0,3.0,46.0,LUCIEN MICHARD ALLEE,,,,930
200800048197,8,9,9,1545,1,1,1,1.0,3.0,47.0,,M,0.0,0,10
201500058090,15,1,16,1220,1,1,1,1.0,7.0,409.0,"2356, PATELIN (chemin)",R,2097301.0,5568603,974
201100042701,11,6,10,1220,1,2,1,2.0,1.0,21.0,"240, FRANKLIN ROOSEVELT",,,,800
200700013667,7,3,23,915,1,2,1,1.0,1.0,83.0,"166, CAREI (VAL DU)",,,,60
200600051182,6,9,19,1730,1,2,2,1.0,1.0,128.0,Rogade Nord de LUCON,M,4647200.0,-115200,850
200500001217,5,1,21,845,1,1,1,8.0,7.0,305.0,,M,4849500.0,402600,100
201600059159,16,5,3,600,3,2,1,2.0,7.0,416.0,"D400, RN2 (2)",R,,,974
201200026891,12,10,22,1710,1,2,2,8.0,6.0,238.0,ST MALO/W.LOTH,M,4812420.0,-168490,350
201200014551,12,2,7,1230,1,2,3,1.0,3.0,55.0,AVE LOUIS MALOSSE,M,,,130
201400046271,14,6,5,1720,1,2,1,1.0,3.0,607.0,R D'HERBLAY,M,4901580.0,220880,950
201000036255,10,8,6,640,2,2,6,1.0,3.0,260.0,"., KERGRAIN(GIRATOIRE DE",M,4766564.0,-279461,560
200700063248,7,10,27,1236,1,2,1,1.0,3.0,249.0,"33, RUE MICHEL MONTAIGNE",,,,330
200500072825,5,11,4,1320,1,2,1,8.0,7.0,55.0,SAVARY (ROND POINT ALAIN,,,,130
201000041294,10,4,9,1655,1,2,1,1.0,6.0,34.0,"103, RUE PASTEUR",,,,690
200600026959,6,5,20,1100,1,2,2,1.0,3.0,7.0,"00, PATTON AVENUE",,,,490
200900013932,9,4,13,1630,1,1,1,1.0,2.0,172.0,,M,0.0,0,202
200700005821,7,1,13,635,2,1,1,2.0,6.0,65.0,AUTOROUTE A106,,,,940
201600016334,16,1,5,930,1,1,1,1.0,6.0,117.0,STADIUM (CD9),M,4345149.0,530296,130
200600068186,6,11,3,1140,1,2,1,1.0,6.0,348.0,CHARLES DE GAULLE,,,,640
201100029817,11,1,31,1924,5,2,2,1.0,3.0,122.0,"., JAURES (BOULEVARD JEA",M,4734690.0,65110,370
200900071898,9,7,28,1700,1,1,1,1.0,1.0,516.0,,M,4.0,0,880
201000039940,10,5,23,1610,1,2,1,1.0,3.0,260.0,CD 912,M,4336400.0,-177065,640
200500081248,5,12,2,1715,2,2,1,6.0,3.0,162.0,"1, RUE DE LA RIVAUDIERE",,,,440
201100013314,11,12,6,1815,1,1,1,1.0,2.0,143.0,,M,0.0,0,202
201100024443,11,4,2,1512,1,2,3,1.0,1.0,56.0,"6, GAIFFE RUE",,,,250
200700010987,7,2,7,1345,1,2,3,9.0,2.0,50.0,PAUL VAILLANT COUTURIER,,,,930
201000007221,10,1,13,600,5,2,1,8.0,1.0,320.0,,M,0.0,0,10
200700000069,7,1,10,1830,3,1,1,2.0,1.0,721.0,,M,0.0,0,20
200500060544,5,9,17,1000,1,2,3,1.0,7.0,642.0,MEULAN ROUTE DE CD154,,,,780
200700061475,7,10,25,2045,3,1,1,1.0,6.0,296.0,,M,0.0,0,410
201100063117,11,11,19,815,1,2,2,1.0,3.0,118.0,"53, RUE DUHESME",,,,750
201600030382,16,7,19,2325,5,1,1,1.0,3.0,650.0,TOUL (RUE DE),,,,590
200700030739,7,5,5,1355,1,2,1,1.0,6.0,12.0,"240, JEAN JAURES (BOULEV",,,,920
201300020062,13,1,18,2000,3,1,1,2.0,4.0,183.0,,M,0.0,0,480
200500014298,5,3,4,1910,3,2,1,6.0,3.0,43.0,POMPIDOU  AVENUE,,,,130
201000036983,10,7,18,1905,1,1,1,1.0,7.0,359.0,RD 601,,,,590
200500014418,5,3,20,1830,2,2,3,1.0,3.0,55.0,LESSEPS (BD FERDINAND DE,,,,130
200500057900,5,9,3,1215,1,2,3,1.0,2.0,554.0,ROUEN (AVENUE DE),,,,270
200600016906,6,3,7,1710,1,1,1,2.0,7.0,277.0,ens Toulouse - Bordeaux,M,0.0,0,470
200700048478,7,8,12,945,1,1,1,1.0,2.0,454.0,,M,4516000.0,536000,380
201000004104,10,4,17,1745,1,1,1,1.0,3.0,422.0,,M,0.0,0,330
200500028837,5,5,10,823,1,2,1,1.0,3.0,15.0,"00, RD 122",,,,490
200500054824,5,9,26,1330,1,1,1,1.0,7.0,233.0,,M,4344500.0,17700,320
200500030667,5,5,19,800,1,2,1,1.0,7.0,124.0,"125, BEZONS (RUE DE)",,,,780
201100066761,11,2,4,1830,3,1,1,1.0,6.0,16.0,RN02,,,,974
201100042807,11,10,3,1600,1,2,1,1.0,2.0,21.0,"227, ABBEVILLE (RUE D')",,,,800
201200013472,12,9,28,12,5,2,1,1.0,6.0,69.0,"4, BARBES BD IMPAIR",,,,110
201200055690,12,6,5,950,1,2,1,1.0,3.0,111.0,"114, AVENUE PHILIPPE AUG",,,,750
201000011421,10,6,27,1100,1,1,1,1.0,3.0,109.0,,M,4661600.0,573500,390
201600008168,16,4,15,1415,1,1,1,1.0,7.0,231.0,,M,4426130.0,597405,40
201100001253,11,7,13,2045,2,1,1,1.0,2.0,708.0,D926,M,4974600.0,41046,760
200500083530,5,12,6,1320,1,2,3,1.0,3.0,49.0,"30, PERI RUE GABRIEL N°2",,,,920
200500032586,5,6,16,1845,1,2,3,1.0,1.0,5.0,BEAUDINARD (CHEMIN DE ),,,,130
201200058940,12,11,17,425,5,2,3,2.0,6.0,119.0,"159, RUE DE CRIMEE",,,,750
200600041574,6,7,7,1407,1,2,3,1.0,3.0,28.0,"0, LATERALE.(RUE)",,,,940
200800069953,8,12,8,1315,1,1,1,1.0,7.0,103.0,,M,0.0,0,440
201400029690,14,11,20,1845,5,2,2,1.0,3.0,545.0,MIRIBEL ( AVENUE ),,,,550
201600027205,16,2,5,1120,1,2,2,2.0,3.0,68.0,AV J JAURES/R GAMBETTA,M,4801304.0,273129,450
200600064963,6,10,11,1745,1,2,1,1.0,3.0,11.0,RHIN ET DANUBE(RUE DU),,,,940
201200050958,12,11,2,1928,4,1,1,1.0,4.0,161.0,AUTOROUTE A6,,,,910
200500086077,5,7,21,1100,1,2,1,1.0,6.0,107.0,"51, EMBOUCHURE ( RUE DE",,,,971
201100007941,11,12,7,1430,1,1,1,3.0,7.0,339.0,,M,4589007.0,377088,420
201100036876,11,6,9,2225,5,2,1,1.0,6.0,250.0,"84, SALENGRO (R ROGER)",,,,620
200800062386,8,11,27,1530,1,2,1,1.0,6.0,165.0,Route de Flayat,M,0.0,0,630
200800010820,8,2,15,855,1,2,1,8.0,6.0,109.0,"34, RUE BLANCHE",,,,750
200700023900,7,4,13,1230,1,2,2,1.0,3.0,10.0,KENNEDY (BOULEVARD),,,,900
200700026927,7,5,31,2345,5,2,9,1.0,6.0,253.0,les Nigritelles,M,4502500.0,612700,380
201500017077,15,3,21,2115,3,1,6,1.0,6.0,224.0,,M,4534803.0,630639,730
201200003597,12,9,22,1445,1,1,1,1.0,1.0,49.0,,M,0.0,0,790
201200009343,12,8,28,545,3,1,1,1.0,6.0,123.0,,M,4201000.0,942500,202
201300023876,13,7,8,840,1,2,3,1.0,3.0,63.0,"49, RUE MILLIERE",,,,330
201500037319,15,2,17,1400,1,2,1,8.0,3.0,4.0,"106, ARGENTEUIL AV D'",,,,920
201000064642,10,11,16,810,1,2,4,1.0,7.0,116.0,ALLEE DU BORD DE L EAU,,,,750
200600017994,6,4,17,1000,1,1,1,1.0,1.0,20.0,,M,4529000.0,409000,430
201000022787,10,1,6,1600,1,2,1,1.0,3.0,211.0,"2, CARTONNERIE (BOULEVAR",,,,130
201000014095,10,7,27,315,3,1,1,1.0,7.0,579.0,,M,0.0,0,910
201000058754,10,7,15,820,1,1,1,1.0,2.0,498.0,Autoroute A30,,,,570
200900031404,9,5,6,1115,1,2,1,8.0,6.0,238.0,14 RUE E.DEPREZ,,,,350
201300030724,13,5,4,1900,1,2,2,1.0,3.0,421.0,LORTHIOIS (RUE)2A60-1A61,,,,590
200500085180,5,3,26,1040,1,2,3,1.0,3.0,414.0,"SANS, SARDA GARRIGA(RUE)",,,,974
200800048517,8,9,19,1130,1,1,2,1.0,5.0,93.0,,M,0.0,0,510
201100015621,11,2,14,705,1,2,1,1.0,3.0,88.0,"5, AUNE (RUE FRANCOIS)",,,,60
200600008914,6,2,4,1705,1,2,1,1.0,6.0,1.0,"00, MARTIN LUTHER KING (",,,,610
200600039410,6,7,11,1045,1,2,1,1.0,6.0,350.0,"Sans objet, GARE RUE DE",,,,590
201500007571,15,5,15,1615,1,2,1,1.0,1.0,22.0,RD559*,M,0.0,0,130
200700075004,7,12,4,1500,1,1,1,1.0,1.0,437.0,,M,4487100.0,-8900,330
201000064254,10,4,5,1715,1,2,5,1.0,3.0,116.0,PLACE DE LA PORTE MAILLO,,,,750
201400020281,14,2,17,1715,1,2,1,1.0,1.0,43.0,AVENUE CAMINAT,M,0.0,0,830
200800055413,8,10,13,1115,1,2,1,1.0,6.0,100.0,,M,4393700.0,-23700,400
200800059097,8,10,9,1000,1,2,2,1.0,3.0,122.0,"., LARREGUY (RUE)",,,,640
201400050898,14,11,2,1830,2,1,1,1.0,4.0,266.0,RD383 2.321 A 3.750,,,,690
201000052352,10,3,12,1830,1,2,1,1.0,3.0,17.0,"277, GENERAL DE GAULLE (",M,4882730.0,251582,940
201300026816,13,6,10,1335,1,2,2,1.0,3.0,330.0,"ignor?, CYCLOTOURISTES (",M,4546259.0,435932,420
200800064146,8,11,15,1030,1,2,1,1.0,1.0,545.0,RD810,,,,640
201600052419,16,8,5,1830,1,2,2,1.0,7.0,108.0,"36, AVENUE MATIGNON",M,4887260.0,231476,750
201200038093,12,10,8,1615,1,2,1,8.0,6.0,168.0,VOIE LATERALE SUD,M,4874965.0,192785,780
201400020760,14,8,14,2042,2,2,2,1.0,3.0,231.0,CHARLES POISOT (RUE),,,,210
201200059421,12,2,22,120,5,2,5,1.0,3.0,118.0,"/, BOULEVARD NEY",,,,750
201000045727,10,9,13,2130,3,1,1,1.0,1.0,7.0,MORIERES (Route de ),,,,840
201000066724,10,4,4,745,1,2,1,2.0,6.0,119.0,PORTE DE LA VILLETTE,,,,750
200600024817,6,5,2,1915,1,1,1,1.0,3.0,453.0,,M,4855100.0,277200,770
201100054564,11,9,17,355,5,1,1,2.0,2.0,64.0,A13,,,,920
201600009662,16,11,1,1645,1,1,1,1.0,1.0,351.0,RD 317,M,4903330.0,250440,950
200800047000,8,8,28,1045,1,2,3,1.0,3.0,282.0,COTE DE MORLANNE,M,0.0,0,400
200600022596,6,4,14,1815,1,2,1,1.0,3.0,44.0,"1 BIS, GABRIEL PERI (AV)",,,,940
200800057034,8,10,20,1725,1,2,1,1.0,7.0,262.0,MISTRAL (BOULEVARD FREDE,,,,110
201600037113,16,2,8,1345,1,2,1,2.0,3.0,589.0,"15, GENESTRIERE (ALLEE D",M,4868333.0,233333,910
200700015882,7,3,10,1615,1,2,1,1.0,6.0,10.0,"56, SOMMEILLER",,,,740
200800002921,8,1,20,1430,1,2,2,1.0,5.0,63.0,BD PIERRE 1ER,,,,330
201400005574,14,11,16,1845,5,1,1,8.0,1.0,194.0,route du Puy (r garenne),M,4583301.0,332949,630
200500001630,5,1,17,830,1,2,1,5.0,1.0,534.0,C.V. 02,M,4875100.0,218000,910
201500043108,15,9,24,1730,1,2,1,1.0,3.0,46.0,"149, REPUBLIQUE (AV DE L",,,,940
201600001072,16,4,14,945,1,2,1,2.0,6.0,46.0,1 rue yann d'argent,M,4808753.0,-432432,290
200500035426,5,6,16,2235,5,2,1,1.0,6.0,19.0,L5903 R BOTZARIS,,,,750
201200032015,12,5,16,830,1,2,1,1.0,6.0,273.0,"/, RD 601",,,,590
201500008163,15,11,24,1845,3,1,2,1.0,5.0,88.0,,M,4401240.0,507292,840
200700009502,7,2,20,830,1,1,1,5.0,2.0,224.0,VOIE RAPIDE OUEST,,,,680
201500031663,15,3,17,720,1,2,1,1.0,2.0,260.0,BOULEVARD DE L EMPEREUR,,,,640
200800049218,8,9,18,1315,1,1,1,1.0,3.0,110.0,,M,4592700.0,104800,870
201400007732,14,8,23,1530,1,1,1,1.0,7.0,4.0,,M,0.0,0,130
201400030125,14,12,16,1720,5,2,1,2.0,6.0,751.0,"00, BRIEY (RUE DE )",M,4915326.0,614428,570
200900024823,9,8,29,2300,3,1,1,1.0,1.0,146.0,LES BREMAILLES,M,0.0,0,450
200900055631,9,11,19,1205,1,2,1,1.0,6.0,454.0,28TER RUE DE COURLANCY,M,4.0,0,510
200900038475,9,9,15,1615,1,1,1,1.0,3.0,96.0,,M,0.0,0,530
200500037503,5,6,4,1715,1,1,1,1.0,7.0,256.0,A42,,,,690
200600019330,6,4,7,240,5,2,1,1.0,6.0,55.0,MONTREDON (AVENUE DE),,,,130
200800041197,8,7,1,1738,1,2,1,7.0,2.0,27.0,"13, CACHIN (AVENUE MARCE",,,,930
201400017185,14,4,9,1630,1,1,1,1.0,7.0,227.0,,M,4922500.0,40200,270
200700065176,7,10,25,1000,1,2,1,1.0,6.0,413.0,"111, Rue d'ALSACE",,,,880
201600057152,16,4,2,1608,1,2,1,1.0,6.0,117.0,SOUTERRAIN ASNIERES,M,4888920.0,229562,750
200600042284,6,7,12,1800,1,2,1,1.0,6.0,166.0,"77, route nationale",M,5033000.0,360000,590
201400059581,14,8,21,1600,1,2,2,2.0,1.0,11.0,3EGLISE (DE),R,,,974
201500034943,15,9,22,1500,1,1,1,1.0,6.0,121.0,"1584, AUCH (ROUTE D')",M,4399921.0,132304,820
201500025890,15,5,28,1315,1,2,1,1.0,6.0,151.0,NORMANDIE NIEMEN RUE),M,4514678.0,571970,380
201100026937,11,11,12,1100,1,1,1,1.0,3.0,555.0,VA007598 LESPINET A620 S,,,,310
201600039916,16,2,4,1140,1,2,1,2.0,6.0,8.0,"17, LENINE (BOULEVARD)",,,,930
200600075246,6,12,14,1220,1,2,1,1.0,6.0,88.0,GALLIENI (AV.),,,,60
200500084172,5,12,9,1255,1,1,1,1.0,5.0,51.0,N13,,,,920
200600075807,6,12,14,755,1,2,3,5.0,3.0,231.0,JOLIET (ANTOINE) (RUE),,,,210
200500040060,5,6,25,2330,3,1,9,1.0,7.0,61.0,,M,4340200.0,-54800,640
201600003281,16,10,22,1145,1,2,1,1.0,6.0,376.0,le bourg,M,4584615.0,64100,160
201000052545,10,1,18,1455,1,2,1,8.0,4.0,60.0,GENERAL DE GAULLE (R DU),M,4878170.0,257069,940
201600035840,16,9,22,940,1,2,1,1.0,2.0,194.0,"418, NANTES (AVENUE DE)",M,4659650.0,32734,860
201400031951,14,11,15,1345,1,2,1,1.0,2.0,498.0,"322, BETHUNE (RTE DE)",M,5044145.0,280606,620
201400001610,14,12,2,1720,5,2,2,2.0,2.0,53.0,"0, MARBOZ (AVENUEDE   IM",M,4622100.0,522826,10
200800013742,8,3,10,2105,5,2,6,1.0,6.0,194.0,SOLFERINO (BOULEVARD),,,,860
201300002218,13,6,6,1645,1,1,2,1.0,3.0,153.0,BELLEVUE,M,0.0,0,850
200600069659,6,11,21,900,1,2,3,1.0,3.0,7.0,PIERRE SEMARD (avenue),,,,840
201400022100,14,7,25,1200,1,1,6,1.0,6.0,71.0,,M,4631800.0,606429,10