Num_Acc,an,mois,jour,hrmn,lum,agg,int,atm,col,com,adr,gps,lat,long,dep
201400041519,14,3,16,1600,1,2,3,1.0,1.0,5.0,EUGENE VARLIN (RUE),,,,930
201500007277,15,10,25,2045,3,1,1,1.0,6.0,390.0,,M,4760853.0,631943,700
201100013189,11,12,11,1415,1,2,1,1.0,3.0,247.0,La Trinit? de PORTO VECC,M,0.0,0,201
200800035999,8,6,2,930,1,2,1,8.0,3.0,251.0,CARREFOUR,,,,770
201300033005,13,4,20,620,5,2,2,1.0,5.0,482.0,ROMAINS (ROUTE DES),,,,670
201300007483,13,10,18,2230,3,1,1,1.0,2.0,252.0,26252,M,0.0,0,260
200800017842,8,4,24,1830,1,1,1,1.0,3.0,129.0,,M,4537500.0,468300,420
200500016954,5,3,29,1815,1,2,1,1.0,4.0,220.0,RN 10,,,,780
201100047320,11,5,24,1820,1,2,3,1.0,3.0,73.0,SELLIER / L'HIPPODROME,M,4886010.0,221487,920
201600015559,16,9,17,305,5,2,2,1.0,3.0,55.0,"00,RUE DE GRANOUX",M,4329873.0,539958,130
201300019141,13,11,5,1815,5,2,1,1.0,6.0,352.0,AV DU MARECHAL JOFFRE,M,4911870.0,242330,950
200600078216,6,12,9,1230,1,2,2,1.0,6.0,8.0,R FRANCOIS 1ER AV MONTAI,,,,750
200500073368,5,11,27,1505,1,2,1,2.0,2.0,555.0,"10, RUE DES FRERES LION",,,,310
200800074124,8,12,30,1800,5,2,1,8.0,3.0,112.0,ECHANGEUR BERCY,,,,750
201600034682,16,10,30,2110,3,1,1,1.0,6.0,551.0,RD 190,,,,780
200700056466,7,9,6,1934,1,2,1,8.0,2.0,7.0,"137, LIZE",,,,490
201300003168,13,9,22,1000,1,1,1,1.0,5.0,439.0,,M,4632200.0,-83600,170
201000024194,10,7,21,2315,5,2,1,1.0,2.0,300.0,"1, JOFFRE   BOULEVARD (1",,,,170
201000011667,10,3,18,1500,1,1,1,1.0,5.0,362.0,,M,0.0,0,260
200500023165,5,4,24,700,2,2,2,3.0,3.0,260.0,CD140,M,4794300.0,25900,720
200600080445,6,1,23,1220,1,2,1,1.0,3.0,209.0,"19, MAURICE BISHOP (RUE)",,,,972
200800020550,8,4,4,1825,1,2,6,1.0,3.0,66.0,"25, CURIE (RUE)",,,,680
201400037594,14,4,30,1944,1,2,1,1.0,2.0,85.0,"11, CEREZ (RUE DU GENERA",,,,870
200800016726,8,3,15,500,3,1,1,5.0,1.0,315.0,,M,4395500.0,470800,300
200500000505,5,1,16,1100,1,1,1,1.0,6.0,46.0,,M,4528200.0,115500,240
201300002059,13,3,8,1700,1,1,1,1.0,1.0,246.0,,M,4838324.0,-13886,530
201500013160,15,6,28,2050,1,2,2,1.0,3.0,4.0,"45, RTE DE CRAU",M,4367153.0,464206,130
200900064395,9,8,6,1715,1,2,1,1.0,3.0,540.0,AVENUE JEAN RONDEAUX.,,,,760
201600015510,16,9,14,215,5,2,1,1.0,7.0,55.0,"00, HENRI FRENAY (ROND-P",M,4325440.0,537639,130
201600056057,16,11,11,1825,5,2,1,1.0,6.0,118.0,"12, RUE CARPEAUX",M,4889150.0,233257,750
201300009011,13,8,2,1620,1,2,3,1.0,3.0,61.0,JEAN JAURES ( AVENUE ),M,4455351.0,607300,50
201100026871,11,10,4,916,1,2,3,1.0,2.0,555.0,"., RUE JEAN MICOUD",,,,310
201100015173,11,2,21,1140,1,2,1,1.0,6.0,69.0,"44, VICTOR HUGO  (BD)",,,,60
201500029363,15,2,7,1510,1,2,1,1.0,6.0,306.0,"30, VERDUN (RUE DE)",M,4932854.0,605906,570
201100050051,11,7,1,1800,1,2,1,1.0,2.0,44.0,AV GABRIEL PERI,M,4875440.0,248473,940
200500015874,5,3,28,1430,1,2,1,2.0,6.0,665.0,", R.N 131",,,,600
201400005442,14,10,11,1630,1,1,9,1.0,3.0,307.0,,M,0.0,0,630
201000006291,10,8,20,1200,1,1,1,1.0,1.0,86.0,,M,0.0,0,120
201300049947,13,9,4,1115,1,1,1,1.0,6.0,22.0,A50-Sens Toulon vers Aub,,,,130
201400027121,14,9,17,1740,1,2,1,1.0,4.0,186.0,"49, REPUBLIQUE DU N?1 AU",M,4553091.0,461226,420
201400056649,14,1,11,1755,5,2,1,1.0,3.0,119.0,BOULEVARD PERIPHERIQUE,,,,750
200600044053,6,7,13,2210,5,2,1,8.0,5.0,49.0,rue de la Feraillette,M,0.0,0,830
200600015451,6,3,9,1645,1,2,1,2.0,6.0,90.0,Route de Neuilly,M,0.0,0,20
200700060971,7,10,25,1815,1,1,1,1.0,7.0,37.0,,M,0.0,0,100
201500057054,15,12,7,1630,1,1,1,1.0,7.0,612.0,,Y,0.0,0,976
200500007776,5,2,9,750,2,2,3,5.0,6.0,238.0,"00, LE DANTEC",,,,350
200900001904,9,3,23,845,1,2,3,1.0,3.0,116.0,QUAI LOUIS BLERIOT,,,,750
200800043965,8,8,2,55,5,2,1,1.0,7.0,21.0,ABBEVILLE (RUE D'),,,,800
200900032110,9,7,10,1530,1,1,1,1.0,1.0,367.0,,A,0.0,0,80
201500004941,15,2,21,1230,1,1,1,4.0,1.0,172.0,,M,4536627.0,445348,420
200500026876,5,5,1,715,1,1,1,1.0,7.0,415.0,,M,0.0,0,770
201000012094,10,7,16,745,1,1,1,1.0,7.0,48.0,,M,0.0,0,60
201100060577,11,8,11,1310,1,2,1,1.0,4.0,112.0,QUAI DE LA RAPEE,,,,750
201000052479,10,5,19,1200,1,2,3,1.0,3.0,18.0,"73, PARIS (R DE)",M,4882100.0,241459,940
200700083877,7,10,5,2030,3,1,1,1.0,6.0,414.0,,R,0.0,0,974
201100037205,11,3,16,1420,1,2,1,1.0,6.0,32.0,"1, HOTEL DE VILLE (RUE D",,,,630
201200033450,12,11,23,1255,1,2,2,8.0,3.0,516.0,HOUDAIN (rue),,,,620
200900051361,9,2,10,1900,3,1,1,1.0,7.0,492.0,,M,4.0,0,140
200700016488,7,3,30,1840,1,2,1,1.0,6.0,13.0,28 R BRILLAT SAVARIN,,,,750
200600066065,6,11,27,1650,2,1,1,1.0,3.0,281.0,C.D. 279 (VERS TOULAUD),,,,70
200900021820,9,4,4,1930,1,2,2,1.0,3.0,721.0,VCXVC CANADIENSXROSSIGNY,M,0.0,0,800
200600010134,6,2,17,825,1,2,1,1.0,3.0,387.0,"55, GENERAL DE GAULLE (R",,,,890
201100050796,11,3,31,650,5,2,2,2.0,6.0,38.0,STALINGRAD / TREMBLAY,M,4877940.0,236720,940
200700048104,7,8,3,2300,5,2,1,1.0,6.0,17.0,INTERMARCHE,M,4444000.0,320300,480
201100039006,11,7,14,1755,1,2,1,1.0,6.0,447.0,"0, LAMARTINE (RUE)",,,,670
201100005473,11,9,8,700,1,1,1,1.0,1.0,123.0,,M,0.0,0,790
200800018555,8,4,25,2220,5,2,1,1.0,2.0,5.0,"59, SEVRAN (CD44) (RUE D",,,,930
201500005911,15,7,20,1945,1,1,1,1.0,3.0,477.0,,M,4902175.0,591232,540
200500062824,5,10,16,1000,1,1,1,8.0,6.0,133.0,,M,4713900.0,-176500,440
201300013504,13,1,23,1740,5,2,3,2.0,3.0,5.0,LAKANAL (BOULEVARD),M,4328934.0,556841,130
200800031135,8,6,14,2245,3,1,1,1.0,2.0,453.0,,M,0.0,0,770
200700066593,7,10,18,1420,1,1,1,1.0,3.0,126.0,A50,,,,830
201500055123,15,1,4,903,1,2,5,1.0,6.0,118.0,"1, RUE DE CLIGNANCOURT",,,,750
200800023288,8,5,14,1000,1,2,1,1.0,3.0,88.0,"195, MADELEINE (BD DE LA",,,,60
201600034907,16,3,16,815,1,2,3,1.0,3.0,21.0,RUE DE LA VALLEE,M,4989124.0,231188,800
200700073158,7,11,7,1615,1,2,2,1.0,1.0,486.0,Rues des Biots,M,4899100.0,-22400,140
201400021146,14,5,27,11,5,2,5,2.0,3.0,56.0,LECLERC   PLACE MA,,,,250
201600025191,16,6,19,1400,1,2,2,1.0,3.0,238.0,H.FRÉVILLE/UKRAINE,M,4808370.0,-167516,350
201300035318,13,8,27,1940,1,2,1,1.0,3.0,208.0,"INDETERM, DIX NEUF MARS",,,,780
200800058370,8,10,4,1435,1,2,3,1.0,3.0,302.0,ROUTE NATIONALE 20,,,,450
201200023853,12,9,23,1139,1,1,1,1.0,6.0,189.0,FAITA VINCENT (RUE),M,4384278.0,436889,300
201200060093,12,6,28,525,2,2,1,1.0,6.0,119.0,PORTE DU PRE SAINT GERVA,,,,750
200600001461,6,1,13,1700,1,2,1,1.0,6.0,95.0,FOIRAIL (PLACE DU),,,,480
201200036887,12,9,6,1738,1,2,3,1.0,3.0,181.0,JAURES CHURCHILL (ECHANG,,,,720
201100006823,11,1,14,1945,5,2,1,1.0,7.0,224.0,"Lieu-dit ""Le Bourg""",M,0.0,0,690
201300005902,13,6,25,2000,1,1,1,1.0,1.0,109.0,,M,4851844.0,614083,540
201200024453,12,10,24,1415,1,2,1,1.0,6.0,555.0,"0, CHE DE BASSO CAMBO",,,,310
201200012219,12,7,14,1730,1,1,7,1.0,3.0,7.0,,M,0.0,0,840
200800004219,8,1,15,930,1,1,1,1.0,2.0,517.0,D 150,,,,780
201000001502,10,8,24,1030,1,2,6,1.0,6.0,469.0,R CACHELEU PL ARI BRIANT,M,4930310.0,115511,270
200800003493,8,1,26,30,5,2,3,1.0,3.0,62.0,"00, GENERAL DE GAULLE (A",,,,920
201200020458,12,4,12,1205,1,2,1,1.0,6.0,15.0,RAMPE D'AGUESSEAU,M,4564949.0,15993,160
201500010244,15,12,11,1755,5,2,1,1.0,6.0,30.0,REPUBLIQUE (RUE DE LA),,,,60
201600006324,16,8,27,1645,1,1,1,1.0,3.0,386.0,,M,4894086.0,575091,550
200500057004,5,9,4,1815,2,2,1,1.0,3.0,88.0,"30, DIABLES BLEUS (AV. D",,,,60
201600055414,16,3,27,1140,1,2,4,1.0,6.0,117.0,PORTE D ASNIERES,M,4889180.0,230158,750
201000062234,10,12,31,1852,5,2,1,1.0,6.0,110.0,"147, BOULEVARD DE MAGENT",,,,750
200800067068,8,11,20,1915,5,2,1,1.0,1.0,437.0,"0, PARIS (ROUTE DE)",,,,140
200900051144,9,4,7,1530,1,2,1,1.0,1.0,66.0,100 R HENRI BARBUSSE,M,4.0,0,930
201100011235,11,9,20,2200,3,1,1,1.0,7.0,117.0,,M,0.0,0,700
201100002241,11,9,24,1645,1,1,1,1.0,3.0,130.0,,M,0.0,0,560
200900069462,9,11,2,1005,1,2,1,2.0,7.0,46.0,95 AV ARISTIDE BRIAND,M,4.0,0,930
200700010328,7,2,12,1305,1,2,1,1.0,5.0,126.0,ROUTE NATIONALE 186,,,,780
200800024753,8,5,27,1500,1,2,4,1.0,6.0,463.0,"00, PLANTIERES (AVENUE D",,,,570
200900047302,9,12,26,1845,5,1,1,1.0,1.0,90.0,,M,0.0,0,10
201600002048,16,4,20,1245,1,1,2,1.0,3.0,192.0,,M,4701533.0,-74417,490
200700038761,7,6,12,1959,1,2,3,1.0,2.0,111.0,"25, RUE POPINCOURT",,,,750
201100030930,11,5,31,1220,1,2,1,3.0,1.0,127.0,"98, DE GAULLE (AVENUE CH",M,4605149.0,406613,420
201500013234,15,6,8,730,1,1,2,1.0,3.0,5.0,Ancien Chemin de Saint-J,M,4330868.0,560809,130
200900019392,9,4,29,1350,1,2,1,2.0,3.0,447.0,"SPV,23 DE LATTRE TASSIGN",M,0.0,0,670
200800039076,8,7,12,1015,1,1,1,1.0,5.0,189.0,SAINT GILLES (ROUTE),M,4375720.0,440611,300
200500074971,5,11,15,1813,5,2,2,2.0,6.0,1.0,R ETIENNE MARCEL R DE TU,,,,750
200900047228,9,2,18,1830,5,2,3,1.0,7.0,66.0,LEGION D'HONNEUR / LEGIO,M,4.0,0,930
201000008498,10,2,9,1930,5,2,1,4.0,7.0,243.0,7 chemin de Certoux,M,0.0,0,740
201100047573,11,7,23,2030,1,2,1,1.0,7.0,1.0,AV DU PRESIDENT ROOSEVEL,,,,930
201000007788,10,1,9,2040,3,1,9,4.0,5.0,738.0,D1/D32,,,,20
200900028319,9,9,28,815,2,2,1,7.0,4.0,51.0,rue voltaire,M,0.0,0,850
200900061824,9,5,29,302,5,1,1,1.0,7.0,540.0,"1, A 150",,,,760
201500032022,15,12,1,1811,2,2,1,1.0,6.0,136.0,SAINT-ASSISCLE (BOULEVAR,M,4269100.0,288111,660
200700013128,7,3,25,1230,1,1,1,1.0,3.0,58.0,,M,0.0,0,300
201500045984,15,10,27,1625,1,1,1,1.0,2.0,277.0,AUTOROUTE A1,,,,950
200600040524,6,7,4,1620,1,2,1,1.0,3.0,16.0,BPI DAUPHINE MAILLOT,,,,750
201000060621,10,8,25,1500,1,2,1,1.0,2.0,104.0,"32, RUE DE RIVOLI",,,,750
200600027141,6,5,22,1145,1,2,1,1.0,6.0,463.0,"29, PAIXHANS (BOULEVARD",,,,570
201500018256,15,6,6,1200,1,1,2,1.0,2.0,409.0,,M,4836492.0,65067,610
200900045970,9,5,29,1010,1,2,1,1.0,2.0,185.0,MADAME DE STAEL ( RUE ),A,0.0,0,30
200700004454,7,1,28,1630,1,2,1,1.0,6.0,15.0,296 R LECOURBE,,,,750
201600025241,16,7,17,1450,1,2,2,1.0,2.0,238.0,ARMORIQUE/M.BRÛLON,M,4813150.0,-167260,350
200800052887,8,9,25,1810,1,2,1,1.0,3.0,55.0,"13, MONTRICHIER (BOULEVA",,,,130
200800058910,8,10,22,2325,5,2,1,1.0,6.0,606.0,", HORNE (AVENUE GENERAL)",,,,590
201200028061,12,8,4,1540,1,2,1,1.0,7.0,18.0,CHATEAUDUN (AVENUE DE),,,,410
200900020264,9,9,2,1710,5,2,1,1.0,4.0,116.0,PORTE DE PASSY,,,,750
200700066304,7,10,15,959,1,1,1,1.0,2.0,589.0,AUTOROUTE A6,,,,910
201600019301,16,1,9,1350,1,1,2,1.0,3.0,99.0,D40 X D207A,M,4816267.0,270567,770
200700065469,7,10,18,1745,1,2,4,1.0,6.0,62.0,"60, JAURES (RUE JEAN) DU",,,,920
201200005424,12,6,27,30,5,2,1,1.0,6.0,200.0,,M,4564617.0,425221,420
200700052488,7,8,31,1815,1,2,1,1.0,6.0,75.0,FRÉDÉRIC CHEVILLON (AVEN,,,,130
201000045135,10,12,9,1755,5,2,1,6.0,6.0,69.0,"26, BREST (RUE DE)",,,,830
201200056180,12,8,11,1820,1,2,1,1.0,3.0,112.0,"263, AVENUE DAUMESNIL",,,,750
200700077315,7,12,10,1415,1,2,1,8.0,6.0,19.0,"., EUROPE (DE 201 A 215)",,,,290
201000029111,10,5,11,1445,1,2,1,1.0,3.0,281.0,"174, AVE MARCEL DASSAULT",,,,330
201300040561,13,12,4,1630,2,2,3,1.0,3.0,73.0,"37, LIBERTE (RUE DE LA)",,,,920
200700047822,7,8,4,2330,5,2,1,1.0,1.0,227.0,Grande Rue,M,4784800.0,656500,700
201600041038,16,9,4,1910,1,2,1,1.0,2.0,51.0,"6, MARNOIS (NR 1 A 19)",,,,930
201200060703,12,11,11,200,5,2,1,1.0,1.0,4.0,Avenue G?n?ral de Gaulle,G,0.0,0,973
200800077551,8,12,1,1425,1,2,1,1.0,2.0,411.0,"., BOIS DE NEFLES (RUE D",,,,974
201000021385,10,6,18,1815,1,2,2,1.0,2.0,55.0,"179, BD BAILLE",,,,130
201500036964,15,4,17,1645,1,2,1,1.0,6.0,377.0,"7, ROME (RUE DE)",,,,910
201100040073,11,1,21,1810,2,2,1,1.0,2.0,76.0,"1, BLUM (AVENUE LEON)",M,,,710
201200050927,12,10,21,815,1,1,1,2.0,6.0,21.0,A106,M,4876450.0,234355,940
200800056008,8,10,10,1330,1,2,1,1.0,2.0,535.0,RUE DE BROYES,M,4873000.0,372000,510
201500000303,15,7,2,1700,1,2,1,1.0,1.0,14.0,rue du doyen,M,5063973.0,239581,620
201100047747,11,12,13,1935,5,2,9,1.0,3.0,71.0,PEUPLIERS (ALLEE DES),,,,930
200800026778,8,5,22,640,1,1,1,1.0,6.0,665.0,AUTOROUTE A25,,,,590
201000063718,10,12,31,1618,1,2,3,1.0,3.0,114.0,"12, AVENUE DE LA PORTE D",,,,750
201300017742,13,2,23,1845,5,1,1,4.0,6.0,219.0,,M,0.0,0,700
200700006017,7,1,17,745,1,1,1,2.0,3.0,259.0,RD383   11.0044 A 11.460,,,,690
200800051429,8,9,26,345,4,1,1,1.0,6.0,181.0,BONNETABLE STOC (RTE),,,,720
200600065515,6,10,15,1140,1,1,1,1.0,6.0,386.0,ROUTE NATIONALE 352,,,,590
200700004795,7,1,25,1205,1,2,1,1.0,2.0,65.0,"INCONNU, CASSIN (AV.RENE",,,,810
201000010836,10,7,17,1700,1,1,1,1.0,7.0,232.0,,M,4700900.0,343800,580
201400022869,14,4,7,630,2,1,1,1.0,2.0,33.0,26033,M,0.0,0,260
200700055978,7,9,26,745,2,2,1,2.0,3.0,75.0,"42, RUE DE LA TOUR DE GA",,,,330
200500034381,5,6,15,1650,1,2,9,2.0,6.0,378.0,"457, MARNE AVENUE DE LA",,,,590
201400031979,14,7,7,2140,2,2,1,1.0,6.0,628.0,"1, DESSINGES (IMP)",M,5042098.0,287501,620
201300055687,13,8,1,1520,1,2,2,1.0,3.0,120.0,"0, BOULEVARD DAVOUT",,,,750
200800022191,8,4,24,2000,5,2,1,2.0,7.0,111.0,"12, RUE DE MONTREUIL",,,,750
201300025135,13,2,18,840,1,2,4,1.0,3.0,55.0,BONNIN ANDRE (AVENUE),,,,350
201300001527,13,10,29,1700,1,2,1,7.0,6.0,78.0,RUE DU BOURG,M,4926080.0,-163214,500
200900067805,9,10,17,950,1,2,6,1.0,3.0,329.0,"148, RUE DE VILLER",M,4.0,0,540
200600045080,6,8,8,1915,1,2,9,1.0,3.0,46.0,PENNITY,M,0.0,0,290
201000016360,10,2,15,1330,1,2,1,1.0,2.0,88.0,"0, MONT-BORON (BD DU) (J",,,,60
200600051137,6,9,22,1520,1,1,1,1.0,6.0,217.0,"""la roussière""",M,0.0,0,490
200600049199,6,8,13,1630,1,2,2,2.0,4.0,16.0,RTE DES MOULINS  RTE DE,,,,750
200500025837,5,5,11,1845,1,1,1,1.0,2.0,118.0,,M,0.0,0,30
201100002519,11,8,13,1815,1,1,1,3.0,3.0,579.0,,M,4903100.0,-69200,140
200500025586,5,5,17,300,3,1,1,1.0,6.0,125.0,,M,0.0,0,10
201200036630,12,1,21,1500,1,2,1,2.0,3.0,290.0,"0, ROUTE DE GRENOBLE",,,,690
201000067984,10,9,4,1115,1,2,1,1.0,3.0,5.0,"21, AMEDE FENGAROL (RUE)",,,,971
201200029242,12,1,18,1845,1,2,2,1.0,3.0,234.0,FG BANNIER/R 131 REGIMEN,M,4791763.0,189872,450
200900003898,9,2,5,1245,1,2,2,1.0,3.0,304.0,"1, RESISTANCE (AV. DE LA",,,,540
201600036645,16,1,7,1855,5,2,2,1.0,3.0,657.0,ROGER SALENGRO (RUE),M,4870325.0,243452,910
201600046551,16,12,17,308,3,1,1,1.0,2.0,66.0,AUTOROUTE A1,,,,930
200800003205,8,1,9,1535,1,2,2,1.0,3.0,187.0,"20, HUGO (PLACE VICTOR )",,,,420
200900036168,9,5,22,2230,5,1,1,1.0,7.0,66.0,,M,4.0,0,60
201400000915,14,11,7,715,1,1,1,2.0,3.0,30.0,,M,0.0,0,350
200800061500,8,10,13,1850,5,2,1,1.0,6.0,106.0,RUE D ASSAS,,,,750
200600008169,6,2,7,1805,5,1,1,1.0,3.0,555.0,"7, RUE DE QUEVEN",,,,310
201100041545,11,10,31,835,1,2,2,1.0,3.0,445.0,MANOUCHIAN (AVENUE MISSA,M,4858531.0,258056,770
201400019544,14,8,6,955,1,2,1,1.0,6.0,15.0,Voie de l'Europe,M,4564402.0,16165,160
200500036834,5,6,21,2035,1,2,3,1.0,1.0,44.0,"0, GENERAL LECLERC (AV D",,,,940
201600048266,16,1,18,2030,5,2,1,2.0,1.0,34.0,BOUCLE (DE LA),M,,,690
200900071684,9,11,13,1717,5,2,2,1.0,6.0,29.0,GIDE / BARBUSSE,M,4.0,0,930
200600026370,6,5,16,1710,1,2,1,1.0,3.0,555.0,"126, RTE D ESPAGNE",,,,310
201200042494,12,2,23,1615,1,2,1,2.0,3.0,40.0,BD GALLIENI,,,,920
201100029835,11,5,23,2215,5,2,6,1.0,7.0,261.0,TANNEURS (RUE DES),M,4739540.0,67745,370
200500087146,5,11,12,2145,5,1,1,1.0,3.0,210.0,"Lieudit ""Chopotte""",A,0.0,0,972
201600043750,16,10,8,1900,1,2,2,1.0,3.0,78.0,"00, PAIX (BD DE LA)",,,,940
201600058381,16,4,17,1319,1,2,1,1.0,6.0,209.0,"3, RD 41 (ROCADE)",A,0.0,0,972
200800074374,8,12,1,1040,1,1,1,1.0,2.0,23.0,RN186,,,,920
201100012623,11,11,4,1445,1,1,2,1.0,1.0,418.0,,M,0.0,0,110
201300004716,13,1,13,730,3,1,1,1.0,6.0,85.0,26085,M,0.0,0,260
200500055266,5,9,18,1625,1,1,1,1.0,3.0,119.0,CD 263,M,0.0,0,670
201000004188,10,5,26,1900,1,1,1,1.0,7.0,454.0,,M,4462500.0,50200,330
200800004865,8,1,30,940,1,1,1,2.0,3.0,22.0,A86,,,,940
201500018383,15,7,21,1645,1,1,1,1.0,1.0,21.0,,M,4649881.0,429669,710
200900021709,9,4,28,1730,1,1,2,1.0,3.0,243.0,,M,4.0,0,720
200500006607,5,1,4,1930,5,2,2,1.0,6.0,388.0,", AUDIBERT ET LAVIROTTE",,,,690
200800031564,8,6,8,621,2,2,3,1.0,5.0,55.0,JEAN MOULIN (BOULEVARD),,,,130
200500021269,5,4,12,1115,1,2,1,1.0,6.0,681.0,"1, HOTEL DE VILLE. PLACE",,,,760
201500001448,15,7,3,1130,1,1,1,1.0,1.0,637.0,LA BRETONNIERE,M,4895910.0,-118682,500
201000020019,10,9,2,1040,1,2,1,1.0,6.0,4.0,GENERAL LECLERC AVENUE D,,,,130
200600038940,6,7,4,1740,1,2,1,1.0,7.0,55.0,HALLALI ( AVENUE DE L' ),,,,440
201500033079,15,5,21,2112,1,1,1,1.0,6.0,497.0,1 rue MONT RICHARD,M,4633781.0,481852,710
201000043440,10,8,21,2025,1,1,1,1.0,1.0,296.0,DENIS PAPIN (RUE),,,,770
200500030254,5,5,2,1210,1,2,1,1.0,6.0,13.0,BPI GARE IVRY,,,,750
200900029029,9,3,17,1400,1,2,1,1.0,6.0,211.0,"48, DOCTEUR HECKEL (RUE",,,,130
201600039170,16,10,4,850,1,2,3,1.0,5.0,63.0,"****, HUGO (AVENUE VICTO",,,,920
200600061207,6,10,15,500,5,2,1,1.0,6.0,151.0,"07, DE GAULLE (PLACE DU",,,,290
201300031539,13,2,5,1351,1,2,1,1.0,6.0,32.0,"96, MONT-DORE (AVENUE DU",M,4574771.0,307355,630
200900065403,9,11,23,1755,5,2,2,2.0,6.0,351.0,"Nï¿½ant, JEAN JACQUES ROUS",,,,760
201000037175,10,5,17,1350,1,2,2,1.0,3.0,350.0,"90, METZ BOULEVARD",,,,590
201000016540,10,4,17,1615,1,2,1,1.0,5.0,88.0,"0, GRENOBLE (ROUTE DE)",,,,60
200900068694,9,10,4,2115,5,2,2,1.0,3.0,77.0,FALLAY / FRANKLIN,M,4.0,0,930
201200018246,12,10,30,600,3,1,1,2.0,3.0,566.0,,M,0.0,0,600
200800067088,8,11,21,1320,1,2,1,2.0,3.0,374.0,DE GAULLE (AVENUE DU GEN,,,,160
201200025233,12,6,29,1115,1,2,6,1.0,3.0,63.0,QUAI DE LA SOUYS,,,,330
201100061847,11,1,19,120,5,2,5,1.0,7.0,116.0,AVENUE DU PRESIDENT WILS,,,,750
200500021949,5,4,6,1310,1,2,2,2.0,6.0,62.0,"157, REPUBLIQUE (RUE DE",,,,920
200600080110,6,12,16,645,5,1,1,5.0,6.0,550.0,ROCADE A 630,,,,330
201000054440,10,10,21,730,1,2,6,1.0,3.0,127.0,2 rue CHEMIN DE FER,M,4904890.0,203120,950
200500052435,5,8,3,440,5,2,3,1.0,6.0,16.0,AV VICTOR HUGO SQ LAMART,,,,750
200800006978,8,2,18,2130,3,1,1,1.0,7.0,279.0,,M,4228200.0,869300,201
201100007140,11,9,19,100,3,1,1,1.0,6.0,322.0,,M,4468100.0,424300,70
200600008870,6,2,8,1,5,2,2,1.0,1.0,512.0,VOLTAIRE (RUE),,,,590
201400015632,14,10,9,2300,5,2,1,1.0,6.0,55.0,"08, RUE GORDE",M,4328572.0,539924,130
200700043945,7,7,14,1725,1,2,7,1.0,6.0,149.0,"38, JEAN JAURES",,,,690
200800064437,8,11,29,1030,1,2,1,1.0,3.0,93.0,"49, FEART (BOULEVARD)",,,,350
201000064689,10,12,15,1300,1,2,5,1.0,6.0,116.0,"1, PLACE DE BARCELONE",,,,750
200800029434,8,6,9,2100,1,1,1,1.0,6.0,496.0,,M,0.0,0,590
201300017514,13,11,6,2015,3,1,1,1.0,1.0,214.0,,M,4297707.0,121189,90
200800051002,8,9,11,1445,1,2,2,8.0,6.0,26.0,"---, ARISTIDE BRIAND",,,,920
200600066312,6,11,9,1400,1,2,3,1.0,6.0,55.0,"57, JOLIETTE (RUE DE LA)",,,,130
201100002512,11,12,13,1500,1,2,1,1.0,6.0,762.0,rue du g?n?ral LECLERC,M,0.0,0,140
201400029018,14,8,5,1050,1,2,1,1.0,3.0,502.0,AVENUE DES HETRES,M,4911110.0,-106416,500
200800066807,8,11,28,720,2,2,1,2.0,6.0,1.0,"/, EUROPE (AV )",,,,130
201200062100,12,5,5,45,3,2,2,1.0,2.0,16.0,CAYENNE (RUE DE LA),,,,974
200800028973,8,5,18,2230,5,2,6,1.0,6.0,150.0,RD 612 RP DU RANCH,M,0.0,0,340
200500019910,5,4,10,1515,1,2,1,1.0,3.0,203.0,PREVERT (AVENUE JACQUES),,,,500
200800023713,8,5,11,1600,1,2,1,1.0,2.0,380.0,"32, SOURCE (AVENUE DE LA",,,,170
200800046178,8,8,26,1945,1,2,1,1.0,6.0,192.0,RUE DE LA MODE,M,0.0,0,10
201300044014,13,6,28,1520,1,2,1,1.0,7.0,41.0,MARCEL CACHIN (PL),,,,940
201400042307,14,11,22,500,5,2,4,1.0,6.0,31.0,"00, JEAN JAURES (AVENUE)",,,,930
200800033298,8,6,25,2030,1,2,1,1.0,2.0,113.0,"4, DUMAS (BD J.BAPTISTE)",,,,630
201100039672,11,1,5,700,2,2,3,1.0,1.0,276.0,"0, ROUTE DE VIENNE",,,,690
201600012259,16,1,23,1545,1,1,1,8.0,1.0,308.0,,M,5071515.0,195064,620
201000046292,10,7,8,2012,1,1,1,1.0,6.0,65.0,AUTOROUTE A20,M,4580890.0,129782,870
200600060191,6,10,27,2045,3,2,1,1.0,1.0,56.0,route de Grenade,M,4366500.0,137600,310
201000024983,10,7,10,1450,1,2,9,1.0,6.0,279.0,"1, SEMARD ( RUE PIERRE )",M,4722480.0,206219,180
200500029168,5,5,21,1350,1,2,3,1.0,3.0,122.0,NAVES (RUE DE),,,,590
201600018712,16,12,1,15,3,1,1,9.0,7.0,223.0,,M,0.0,0,630
200700031294,7,5,9,900,1,2,1,1.0,6.0,52.0,"nc, STRASBOURG (BD DE)",,,,940
200500055930,5,9,24,1645,1,1,1,1.0,6.0,29.0,,M,0.0,0,410
201300003542,13,3,7,1345,1,2,1,1.0,6.0,44.0,RD 50 RTE DE MONS,M,4360986.0,149992,310