Num_Acc,an,mois,jour,hrmn,lum,agg,int,atm,col,com,adr,gps,lat,long,dep
201500049165,15,9,29,1750,1,1,1,1.0,2.0,119.0,ROUTE NATIONALE 230,M,4486547.0,-50383,330
201000042614,10,4,9,550,5,2,3,1.0,3.0,351.0,"néant, EDMOND ROSTAND (I",,,,760
200800045524,8,8,2,220,5,2,1,1.0,6.0,95.0,"64, CHARMEIL (ROUTE DE)",,,,30
200800057772,8,10,4,635,5,1,1,1.0,6.0,555.0,VA007553 A61,,,,310
201400022744,14,9,3,1240,1,2,1,1.0,3.0,189.0,FAITA VINCENT (RUE),,,,300
200800073009,8,12,18,930,1,2,1,8.0,6.0,57.0,JAURES (AV. JEAN) 76 A 1,,,,930
200600079829,6,12,18,2115,5,1,1,1.0,2.0,252.0,AUTOROUTE A115,,,,950
201500039404,15,6,17,1800,1,2,3,1.0,3.0,73.0,"21, RIVIERE (RUE DU COMM",,,,920
200700045645,7,7,16,2020,4,2,1,3.0,2.0,101.0,"99, RUE DE RIVOLI",,,,750
200900012491,9,7,8,2000,1,2,1,1.0,6.0,120.0,BOULEVARD PERIPHERIQUE I,,,,750
201500009465,15,5,23,1200,1,1,1,1.0,6.0,162.0,,M,0.0,0,180
200500002333,5,1,30,2000,5,2,1,2.0,1.0,202.0,BOURRAN (AVENUE DE),,,,120
201500029217,15,1,3,615,5,1,1,2.0,2.0,616.0,"40, PAUL LANGEVIN (AVENU",M,4914353.0,620106,570
201100025132,11,2,26,752,2,2,1,1.0,6.0,229.0,"sans, RESISTANCE (AVENUE",M,4845060.0,146381,280
200600023884,6,5,12,2030,1,1,1,8.0,7.0,150.0,"""la Côte""",M,0.0,0,190
201500017685,15,7,17,1430,1,2,1,1.0,6.0,575.0,rue Pasteur,M,0.0,0,20
201500055918,15,7,31,1120,1,2,1,1.0,2.0,112.0,BOULEVARD PERIPHERIQUE I,,,,750
201100052350,11,5,11,1620,2,2,2,1.0,3.0,574.0,AV DU GENERAL LECLERC,M,4900430.0,226050,950
200800051453,8,9,2,1820,1,1,1,2.0,4.0,565.0,RD 915,,,,760
201000019617,10,11,24,1000,2,1,1,4.0,6.0,471.0,,M,0.0,0,390
201200041227,12,2,2,1920,3,1,1,1.0,1.0,477.0,CD 36,,,,910
200800025922,8,5,10,655,1,2,6,1.0,3.0,12.0,PONT DE BILLANCOURT (PLA,,,,920
200900046647,9,11,3,1330,1,1,1,2.0,5.0,390.0,,M,0.0,0,10
201000068692,10,9,26,955,1,1,1,1.0,6.0,2.0,ROUTE NATIONALE III,,,,973
201400009850,14,7,17,1030,1,2,2,1.0,3.0,281.0,RUE  LEON BRULE,M,0.0,0,370
201100053981,11,9,7,1510,1,1,1,1.0,6.0,18.0,A15,,,,950
200900005611,9,5,14,1915,1,2,1,1.0,4.0,118.0,PORTE DE CLIGNANCOURT,,,,750
201500027449,15,2,7,1913,5,2,6,1.0,7.0,7.0,rue RABELAIS,M,4746468.0,-54873,490
200700041921,7,7,30,1840,1,2,1,1.0,6.0,88.0,"38, CYRNOS (AV. ET ESC.)",,,,60
200800046859,8,8,17,830,1,1,1,1.0,7.0,161.0,,M,4749900.0,-204700,440
200600057623,6,9,29,1400,1,2,3,1.0,6.0,381.0,"1, JEAN MOULIN",,,,690
200900001393,9,1,2,1730,1,2,1,7.0,6.0,80.0,AVENUE CONTURIE,,,,480
200700019706,7,4,1,1830,1,2,1,1.0,3.0,546.0,route d'Arbois,M,0.0,0,390
200700005269,7,1,17,1002,1,2,1,8.0,2.0,1.0,"43, FELIX FAURE (BLD) =>",,,,930
200700016841,7,3,3,1917,5,2,1,1.0,6.0,158.0,"néant, SPORTS (RUE DES)",,,,780
200700031000,7,5,30,1500,1,2,1,1.0,6.0,29.0,"24, MARCEAU (AVENUE) N°",,,,930
201500024089,15,12,15,840,1,2,1,1.0,6.0,192.0,RUE DU MOULINEAU,M,4477240.0,-60174,330
200600037398,6,6,23,1325,1,2,1,1.0,3.0,383.0,"36, DAUPHINE (DU)",,,,690
200900033374,9,6,5,1625,1,2,1,1.0,6.0,672.0,"0, MERLIN (AVENUE) - IMP",,,,570
201600052037,16,5,17,1740,1,2,1,1.0,3.0,107.0,"37, QUAI D ORSAY",M,4886280.0,231230,750
201400038356,14,9,30,1520,1,2,2,1.0,3.0,174.0,LEON BLUM (av),,,,910
200900046610,9,10,29,1800,3,1,1,1.0,3.0,54.0,,M,0.0,0,10
200600078916,6,12,14,900,1,2,1,1.0,6.0,85.0,"15, CHURCHILL WINSTON (P",,,,870
201400036815,14,1,17,1535,1,2,1,1.0,6.0,62.0,FRERES LUMIERES (RUE DES,M,4314117.0,603166,830
201500008497,15,5,25,845,1,1,1,1.0,6.0,341.0,,M,0.0,0,300
201200043186,12,11,30,915,1,2,1,1.0,2.0,62.0,"27, DE DION BOUTON (QUAI",,,,920
201500009397,15,11,14,1145,1,1,2,1.0,3.0,199.0,D 150/VC 3,M,4788539.0,292197,450
201000045011,10,8,20,1300,1,1,3,1.0,1.0,50.0,RD 54,,,,830
201100001694,11,5,13,1800,1,1,9,1.0,3.0,68.0,,M,0.0,0,350
201000064745,10,2,2,855,1,2,3,2.0,6.0,117.0,"168, RUE CARDINET",,,,750
201300046238,13,7,9,1235,1,1,1,1.0,2.0,351.0,RN 104,,,,950
201000048831,10,6,29,1700,1,2,3,1.0,5.0,44.0,"45, VILLIERS(RUE DE)  2A",,,,920
200900043738,9,5,26,920,1,2,2,1.0,3.0,549.0,REPUBLIQUE (AVENUE DE LA,,,,910
200800067516,8,11,27,1225,1,1,1,1.0,3.0,751.0,Autoroute A31,,,,570
200600068931,6,11,20,1140,1,2,1,2.0,6.0,19.0,184 AV JEAN JAURES,,,,750
200800064083,8,11,6,2030,5,2,1,2.0,7.0,570.0,PRIN (AVENUE JEANNETTE),,,,620
201400037526,14,2,17,835,1,1,1,1.0,4.0,85.0,"38, RD941 (OUEST)",,,,870
200900034222,9,3,28,1800,1,2,1,2.0,6.0,40.0,"17, AUGUSTE GERVAIS",,,,920
200600016129,6,3,28,1630,1,2,1,1.0,1.0,363.0,CD519,M,4535100.0,508800,380
200500078740,5,12,11,1215,1,1,1,1.0,1.0,364.0,,M,0.0,0,540
201400053146,14,3,6,1900,2,2,1,1.0,3.0,108.0,PLACE DE LA CONCORDE,,,,750
200900072057,9,5,24,1810,1,2,1,1.0,1.0,45.0,"PV, RUE DES MOUTONS",M,0.0,0,670
200600033763,6,6,28,1127,1,2,1,1.0,7.0,63.0,"15, THOREZ (AV MAURICE)",,,,360
201300022581,13,7,7,445,3,1,1,1.0,7.0,186.0,,M,0.0,0,230
200600079546,6,12,3,1325,1,2,1,1.0,2.0,38.0,PAUL HOCHART (R),,,,940
201600020545,16,7,25,900,1,1,1,1.0,3.0,200.0,,M,0.0,0,720
200900061478,9,12,19,2155,5,1,1,1.0,6.0,7.0,"6, Andrï¿½ RICHAUD (rue)",,,,840
201000063943,10,6,25,1155,1,2,1,1.0,2.0,115.0,"S-8401, QUAI D ISSY LES",,,,750
201600032345,16,2,11,1345,1,2,1,1.0,1.0,482.0,"8, RICHARD WAGNER (RUE)",M,4858790.0,777362,670
200600068455,6,11,15,2320,5,2,1,1.0,6.0,12.0,VERDUN (AVENUE DE),,,,740
201000031203,10,12,3,1500,1,2,3,1.0,3.0,55.0,RD 463,,,,350
201400049183,14,5,29,2100,5,2,6,1.0,3.0,33.0,CAPITAINE THEN,M,0.0,0,202
200600052114,6,9,23,400,3,1,1,1.0,7.0,308.0,,M,4819400.0,344600,890
200900065100,9,12,16,815,5,2,3,1.0,2.0,238.0,PAPU/L.GUILLOUX,M,4.0,-,350
200500046719,5,7,13,1950,1,2,1,1.0,6.0,7.0,SAINT MICHEL (Boulevard),,,,840
201500052655,15,3,5,1025,1,2,1,1.0,6.0,112.0,"50, RUE DE PICPUS",,,,750
201500041546,15,3,1,1800,1,2,3,1.0,3.0,71.0,"0, RONSARD (IMPASSE)",,,,930
201400059609,14,1,5,1410,1,2,1,1.0,2.0,16.0,"SANS, DELISLES (ROUTE HU",R,0.0,0,974
200900060846,9,8,30,1007,1,2,1,1.0,1.0,563.0,"., BETHUNE (CHE DE)",,,,620
201100037980,11,2,26,2245,5,2,3,2.0,3.0,348.0,AV JEAN MERMOZ/PAIX,M,4332460.0,-37953,640
200800036078,8,7,9,1045,1,1,1,7.0,3.0,33.0,,M,4990000.0,286100,800
200700051072,7,8,4,1250,1,2,2,1.0,3.0,9.0,"NR, CHARLES-DE-GAULLE (",,,,920
201400034250,14,10,18,1255,1,2,2,1.0,6.0,266.0,"211, COURS EMILE ZOLA",,,,690
201000048625,10,1,27,2105,5,2,2,1.0,3.0,36.0,"0, VICTOR HUGO (RUE) (1)",,,,920
200600060253,6,10,1,1820,2,1,1,8.0,3.0,61.0,RN 85,,,,50
201400051982,14,1,25,1050,1,2,2,8.0,7.0,103.0,"24, RUE BEAUBOURG",,,,750
201100017213,11,8,31,1930,2,1,4,2.0,3.0,43.0,,M,0.0,0,690
201100027695,11,7,1,1555,1,2,1,1.0,4.0,249.0,"9, AVE DE PARIS",,,,330
201200045561,12,6,9,1125,1,2,1,1.0,1.0,66.0,MOULIN JEAN (AVENUE) NR,M,4893990.0,236278,930
201200021875,12,5,29,1545,1,2,3,1.0,2.0,113.0,Rues E. RENAN/BUTTES,M,4873264.0,-346079,220
200500060553,5,9,9,1610,1,2,3,1.0,5.0,498.0,EISENHOWER AV DU GENERAL,,,,780
200900062772,9,8,7,1210,1,2,3,1.0,3.0,646.0,R ETATS GENERAUX/GENDARM,M,4.0,0,780
201100039083,11,9,14,1205,1,2,3,1.0,3.0,482.0,"0, PALERME (RUE DE)",,,,670
200600039322,6,7,12,1320,1,1,3,1.0,3.0,143.0,KENNEDY (RUE DU PRESIDEN,,,,590
200900046014,9,10,7,1945,5,2,1,2.0,3.0,5.0,RUE FLORIMONT ROBERTET,M,4.0,0,280
200500033417,5,6,24,1748,1,2,3,1.0,3.0,555.0,"20, BONAMY (RUE PAUL) DU",,,,310
200500063765,5,10,29,1915,3,1,1,1.0,1.0,362.0,,M,0.0,0,680
200700078513,7,12,9,1910,5,2,3,3.0,3.0,270.0,"109, REPUBLIQUE (RUE DE",,,,620
201000006385,10,7,28,1630,1,1,1,1.0,7.0,462.0,,M,4374700.0,33955,320
201000011275,10,8,15,200,5,2,1,3.0,6.0,220.0,34 rue de l'eglise,M,4712100.0,602500,250
200700065562,7,10,1,1625,1,2,3,1.0,1.0,8.0,"23, STALINGRAD (IMPASSE",,,,930
200500044821,5,7,14,725,1,2,2,1.0,1.0,187.0,"20, PAPIN (RUE DENIS)",,,,420
200900072189,9,6,28,2025,1,2,1,1.0,6.0,482.0,"SPV, 113 RTE DES ROMAINS",M,0.0,0,670
200800068570,8,12,15,1640,2,1,1,1.0,3.0,39.0,,M,0.0,0,20
200900010625,9,3,6,1309,1,2,1,1.0,3.0,431.0,"1382, ARMENTIERES  (RUE",,,,590
200700018521,7,4,10,1220,1,1,1,1.0,4.0,213.0,RN330,M,0.0,0,600
200500074479,5,11,30,1850,5,2,1,1.0,6.0,427.0,MONTPENCHER (R),,,,620
201600024928,16,12,14,1418,1,2,1,1.0,6.0,55.0,"10, BREIL (RUE DU)",M,4809491.0,-162927,350
200800005527,8,1,16,1934,2,2,1,2.0,2.0,111.0,BOULEVARD VOLTAIRE,,,,750
201100051686,11,5,12,420,5,1,1,1.0,2.0,77.0,R CHARLES NUNGESSER,M,4873270.0,240016,940
201200034538,12,7,23,2345,5,2,1,1.0,6.0,122.0,35 BIS AV DE LA MARNE,,,,640
200500022024,5,4,25,2000,1,2,4,1.0,6.0,29.0,PAUL VAILLANT COUTURIER,,,,930
200700057616,7,9,19,1618,1,2,9,1.0,3.0,498.0,"07, PONT ANCIEN RUE DU",,,,780
201100005636,11,5,14,1345,1,1,1,2.0,5.0,61.0,TUNNEL DE BONNEL,M,4520620.0,167501,190
200700068609,7,11,28,1830,5,2,1,3.0,6.0,19.0,"., EUROPE (DE 161 A 199)",,,,290
201500029265,15,6,15,1820,1,2,3,1.0,6.0,463.0,"20, COETLOSQUET (RUE DU",M,4911544.0,617391,570
200900023035,9,5,27,1911,1,1,1,1.0,3.0,69.0,BERRIAC -ROUTE DE-,,,,110
200800038578,8,7,23,1300,1,2,6,1.0,3.0,2.0,"16, LEI RIMA (AVENUE)",,,,130
201000046398,10,9,29,1206,1,2,1,1.0,6.0,85.0,"12, SEMARD (RUE PIERRE)",,,,870
201000031590,10,3,23,1340,1,2,2,1.0,1.0,208.0,CARNOT (QUAI SADI),M,4736830.0,73338,370
201200026259,12,9,27,720,2,2,1,1.0,3.0,172.0,"sans, TOULOUSE (AVENUE D",M,4359524.0,386195,340
201200010602,12,3,12,2000,5,2,1,1.0,3.0,30.0,"325, BUFFON (RUE DE)",,,,60
201100048147,11,5,3,1235,1,2,2,1.0,3.0,14.0,GAGNY / AUDIN,,,,930
201000055650,10,5,20,2350,4,1,1,1.0,3.0,277.0,AUTOROUTE A3,,,,950
200500009189,5,2,5,2200,3,2,1,1.0,6.0,351.0,LOUIS BLERIOT,,,,760
200600050194,6,8,14,1855,1,2,1,1.0,7.0,43.0,"25, CHARLES GIDE (AV)",,,,940
201400045428,14,5,15,2110,1,2,3,1.0,3.0,80.0,PARIS / MARIGNY,M,4884460.0,243875,940
200900068571,9,8,7,930,1,2,1,1.0,2.0,217.0,GAMBETTA (AVENUE),,,,760
200600057084,6,9,13,805,2,2,1,1.0,3.0,36.0,"125, LOUIS ROCHE (AVENUE",,,,920
201600040064,16,7,2,1410,1,2,3,1.0,3.0,57.0,HUGO (AV. VICTOR),,,,930
201000042107,10,6,29,1150,1,2,1,1.0,2.0,306.0,"3, CLUNY (RUE DE)",,,,710
201100013006,11,12,2,1700,1,1,1,1.0,1.0,86.0,,M,4465000.0,389500,480
201600034749,16,5,10,1600,1,2,2,2.0,6.0,646.0,MARECHAL FOCH (RUE DU),M,4880810.0,213219,780
201100057262,11,6,26,1120,1,2,1,1.0,3.0,389.0,"22, RUE DU CHAPEAU ROUGE",,,,690
201600039270,16,10,24,1410,1,2,1,2.0,7.0,64.0,"6/8, FRANCIS CHAVETON",,,,920
200700034651,7,6,11,1630,1,2,1,1.0,3.0,55.0,FENOUIL (BOULEVARD),,,,130
200900044958,9,5,15,2155,5,2,3,1.0,3.0,24.0,"34, LANDY (RUE DU) DE (1",,,,920
201000023331,10,1,26,840,2,2,2,8.0,3.0,271.0,"0, HARCOURT (ROUTE D')",M,4914500.0,-37386,140
201400029141,14,3,28,1000,1,2,1,1.0,3.0,448.0,"1, LOUBERT (AVENUE DE)",M,4864726.0,496531,520
200600001784,6,1,31,810,1,2,1,8.0,6.0,350.0,BEETHOVEN AVENUE,,,,590
200600014386,6,3,4,2115,5,2,1,1.0,6.0,27.0,BRIAND (AVENUE ARISTIDE),,,,910
200700064622,7,10,13,1535,1,2,1,1.0,3.0,181.0,PIFFAULT PIERRE (AV) BES,,,,720
201200044726,12,5,14,2015,1,2,1,1.0,3.0,63.0,KERAUTRET AVENUE PIERRE,,,,930
200900021807,9,4,12,1215,1,2,1,1.0,3.0,21.0,"00, PHILEAS LEBESGUE (RU",,,,800
201200006902,12,5,7,2015,1,1,1,1.0,5.0,200.0,D10,M,0.0,0,510
201100057805,11,2,2,2020,1,2,1,1.0,7.0,101.0,SOUTERRAIN TRANSIT HALLE,,,,750
201000030293,10,4,29,140,5,2,2,1.0,1.0,172.0,"sans, LIBERTE (AVENUE DE",M,4361134.0,382862,340
201300022568,13,7,10,2230,1,2,1,1.0,6.0,116.0,129 avenue etienne cl?me,M,4598387.0,308739,630
201200029518,12,3,9,1805,1,2,1,1.0,6.0,7.0,"115, PATTON AVENUE",M,4747339.0,-59197,490
201100013756,11,7,10,2030,1,1,1,1.0,3.0,239.0,,M,0.0,0,770
201100007150,11,7,16,1830,1,1,1,1.0,1.0,291.0,,M,0.0,0,70
201100049148,11,6,12,1600,1,2,2,1.0,3.0,53.0,PARC / GROUX,,,,930
201300052198,13,12,9,900,1,2,1,1.0,6.0,110.0,"130, RUE DU FAUBOURG SAI",,,,750
201100012822,11,7,12,200,3,1,1,1.0,6.0,223.0,,M,4421273.0,414867,300
201100021579,11,10,3,1045,1,1,1,1.0,6.0,39.0,RN 268,,,,130
200500008913,5,2,12,615,2,2,1,1.0,3.0,10.0,26 BD DE STRASBOURG,,,,750
201100012760,11,1,29,730,2,1,1,1.0,5.0,6.0,,M,4365667.0,420303,300
200900050471,9,9,24,1000,1,1,1,1.0,6.0,68.0,,M,4.0,-,140
201200007216,12,4,13,1215,1,2,1,1.0,6.0,154.0,Avenue de la gare,M,4787100.0,457400,210
200900032982,9,11,15,1930,5,2,1,1.0,6.0,116.0,ROUTE DE LA PTE DAUPHINE,,,,750
201200027030,12,1,11,105,5,2,1,1.0,7.0,44.0,PLACE ST CYRAN,M,4681220.0,169419,360
200800028952,8,5,10,1700,1,1,1,1.0,3.0,154.0,,M,4359300.0,395400,340
201500010129,15,5,6,1300,1,2,1,1.0,2.0,29.0,"71, JUIN (AVENUE MARECHA",,,,60
201600031531,16,2,8,1530,1,2,2,1.0,3.0,335.0,RUE MAURICE COUSTEAU,M,4333380.0,-42404,640
200900068309,9,12,9,1245,1,2,1,1.0,2.0,339.0,"53, CARNOT (RUE SADI)",,,,540
201400042439,14,8,2,2045,2,2,3,8.0,3.0,6.0,", LAHAYE ADELAIDE RUE",,,,930
200700028575,7,5,24,1345,1,1,1,1.0,3.0,162.0,"1, BOULEVARD CHARLES DE",,,,440
200800036537,8,7,30,1645,1,1,2,1.0,3.0,182.0,,M,4410900.0,-112300,400
200900010544,9,6,29,1800,1,1,1,1.0,3.0,24.0,,M,0.0,0,850
200700015760,7,3,30,700,1,2,1,1.0,1.0,482.0,"face au 62, STAEDEL (RUE",,,,670
200800063332,8,11,12,1615,1,1,1,2.0,6.0,95.0,,M,4294100.0,103200,90
200700000556,7,1,11,800,2,1,1,1.0,1.0,462.0,,M,4367700.0,152400,310
200600059548,6,10,7,2030,3,1,1,1.0,3.0,97.0,CD24,M,0.0,0,130
201200036469,12,10,29,910,1,2,1,1.0,6.0,264.0,ZOLA EMILE  R,,,,690
201300025933,13,7,5,1005,1,2,3,1.0,3.0,261.0,"8, GRAMMONT (AVENUE DE)",,,,370
200700035446,7,6,6,1845,1,2,1,1.0,4.0,172.0,"423, MENDE (ROUTE DE)",,,,340
201600019715,16,12,14,1505,1,2,1,1.0,6.0,299.0,"., QUATRE ANES CENTRE CI",M,4595664.0,-97746,170
201000046723,10,5,26,330,4,2,1,1.0,6.0,10.0,"1, STROLZ (RUE)",,,,900
200700045441,7,7,19,2100,2,1,1,1.0,6.0,907.0,AUTOROUTE A1,,,,620
201600001575,16,12,2,815,2,1,1,5.0,3.0,554.0,RUE DE LA PALORETTE,M,4869460.0,-133087,500
200700011741,7,2,24,2105,3,1,1,1.0,6.0,71.0,A7-Sens Marseille vers L,,,,130
200900027772,9,5,28,1415,1,2,6,1.0,3.0,210.0,Route de St Pol,M,0.0,0,290
201600030240,16,1,15,2310,5,2,1,2.0,3.0,512.0,BRAME (AVENUE JULES),,,,590
201100037522,11,10,29,1145,1,2,1,1.0,6.0,113.0,"., POMPIDOU (BD GEORGES)",,,,630
201400052194,14,10,6,1725,1,2,1,2.0,7.0,104.0,"21 bis, BOULEVARD BOURDO",,,,750
201400005655,14,5,8,1845,1,1,1,1.0,6.0,220.0,,M,0.0,0,30
200800026728,8,5,1,1500,1,2,1,1.0,2.0,33.0,"48, GRAZIANI - BLD",,,,202
201300000556,13,10,24,1145,1,1,1,1.0,3.0,79.0,,M,0.0,0,600
200700054738,7,9,28,2020,2,2,1,1.0,3.0,30.0,MIGRANIERS (CHEMIN DES),,,,60
200500054420,5,9,5,1400,1,2,1,1.0,3.0,201.0,RUE DU MANOIR,M,4740800.0,-27200,490
200700061890,7,10,22,1735,1,2,1,7.0,6.0,69.0,"x, ARENE (AVENUE PAUL )",,,,60
201300051282,13,1,19,2100,5,2,5,1.0,7.0,108.0,PLACE SAINT AUGUSTIN,,,,750
201500009991,15,7,13,925,1,2,1,1.0,1.0,123.0,"3348, ST JEANNET ROUTE D",,,,60
200700060072,7,10,5,730,2,2,1,5.0,6.0,112.0,BOULEVARD DES ALLIES,M,4883800.0,91800,270
200900055968,9,11,3,2015,3,1,1,2.0,6.0,95.0,,M,0.0,0,450
201600056488,16,4,17,1400,1,2,1,2.0,3.0,120.0,"260, RUE DE BELLEVILLE",M,4887580.0,240117,750
201400016838,14,8,13,1015,1,1,3,1.0,3.0,327.0,"1, CD N  226 B",M,4920780.0,-31728,140
201200017447,12,7,7,1930,1,1,1,1.0,6.0,288.0,?,M,4842612.0,539317,520
201500053354,15,12,18,1630,2,2,5,2.0,6.0,113.0,"43, BOULEVARD SAINT MARC",,,,750
201300002677,13,9,25,1000,1,1,3,1.0,1.0,93.0,,M,4536400.0,48600,240
201100016952,11,1,23,2010,3,1,1,1.0,6.0,580.0,RD 16,M,4909020.0,253810,950
201200002846,12,5,6,1230,1,1,1,1.0,3.0,451.0,,M,4551900.0,64700,240
200600006318,6,2,9,930,1,1,1,1.0,1.0,347.0,,M,4760400.0,-48100,490
201400051692,14,2,14,1250,1,2,3,2.0,7.0,101.0,"158, RUE DE RIVOLI",,,,750
201600008593,16,9,28,945,1,1,1,1.0,6.0,20.0,,M,0.0,0,840
200700065005,7,10,6,1445,1,2,1,1.0,6.0,62.0,"1360, DE LATTRE DE TASSI",,,,830
200700034488,7,6,1,930,1,2,3,1.0,6.0,55.0,CAVAIGNAC (RUE),,,,130
200800058752,8,10,10,1630,2,2,1,1.0,3.0,527.0,"96, LECLERC RUE DU GENER",,,,590
200500033923,5,6,25,920,1,2,1,1.0,6.0,109.0,LAURIOL ( BD GABRIEL ),,,,440
200700042197,7,7,2,1945,1,1,1,1.0,7.0,2.0,PASQUIERS (RUE DES),,,,130
200500004723,5,1,11,1005,1,2,1,1.0,6.0,8.0,48 AV GEORGE V,,,,750
200900007374,9,1,8,2035,5,1,1,1.0,4.0,544.0,RN7   5.180 A 10.000,,,,380
200500027773,5,5,24,1731,1,2,1,1.0,5.0,55.0,"2, CAILLOLS (AVENUE DES)",,,,130
201600045997,16,7,23,1120,1,1,1,1.0,7.0,5.0,AUTOROUTE A3,M,4894521.0,247691,930
200600033498,6,6,27,2045,2,2,1,2.0,3.0,555.0,"81, ALL CHARLES DE FITTE",,,,310
200900000564,9,1,15,1930,3,1,1,9.0,3.0,297.0,,M,0.0,0,730
201100026242,11,9,30,1827,1,2,1,1.0,3.0,189.0,DAYAN GEORGES (AVENUE),M,4382179.0,434398,300
200900026292,9,9,21,1545,1,1,1,1.0,3.0,529.0,,M,0.0,0,510
200900028066,9,5,1,1515,1,1,3,1.0,3.0,14.0,LA BASSE LANDE,M,0.0,0,220
201200049264,12,3,31,520,5,1,1,1.0,7.0,63.0,AUTOROUTE A3,M,4888100.0,245292,930
201600025448,16,11,25,1652,1,2,2,1.0,3.0,238.0,"00, DUCHESSE ANNE (BLD D",M,4811249.0,-166625,350
201600001570,16,5,8,1615,1,1,3,1.0,2.0,616.0,R DES MARES/BOIS GUERIN,M,4867450.0,-136240,500
200800021797,8,4,7,845,1,2,2,1.0,3.0,108.0,BOULEVARD HAUSSMANN,,,,750
201400005482,14,10,27,1815,5,2,2,1.0,3.0,455.0,Rue farday / Rue Dutroch,M,4568819.0,317241,630
200600061919,6,10,4,930,1,2,6,1.0,6.0,109.0,RUE PAUL BELLAMY,,,,440
200600031786,6,6,24,2045,1,1,1,1.0,1.0,351.0,,M,0.0,0,201
201500036163,15,12,21,1530,1,1,1,1.0,4.0,85.0,AUTOROUTE A20,M,4591910.0,129742,870
201000059549,10,12,23,1940,5,1,1,2.0,5.0,199.0,RD383   14.250 A 18.000,,,,690
201500025975,15,3,7,905,1,2,1,1.0,3.0,544.0,17 r VICTOR HUGO,M,4552507.0,487731,380
201500021593,15,8,3,1420,1,2,1,1.0,1.0,19.0,EUROPE (DE 201 A 215),M,4841319.0,-448750,290
200600001416,6,1,2,910,1,2,3,8.0,3.0,235.0,CHATAIGNIERS (RUE DES),,,,450
200600054249,6,9,8,915,1,2,1,1.0,7.0,39.0,"55, CRS VICTOR HUGO",,,,330
201500036767,15,3,10,1230,1,1,1,1.0,7.0,223.0,RN20,,,,910
201500021799,15,1,22,1000,1,1,1,1.0,2.0,232.0,VOIE EXPRESS QUIMPER - B,M,4799801.0,-404891,290
201100015374,11,12,4,1120,1,2,1,1.0,1.0,69.0,"X, RENOIR (AVENUE AUGUST",,,,60
200600068580,6,11,6,1945,5,2,1,1.0,3.0,2.0,54 R SAINTE ANNE,,,,750
200700043255,7,7,4,1820,1,2,1,1.0,7.0,7.0,"4, BAUDELAIRE",,,,490
201300047741,13,9,21,1530,1,1,1,1.0,2.0,34.0,AUTOROUTE A86,M,4876100.0,231808,940
200500027051,5,4,30,2320,5,2,1,1.0,2.0,189.0,"., BRUXELLES (BOULEVARD)",,,,300
200900061507,9,2,17,1800,1,2,1,1.0,2.0,63.0,JEAN MOULIN AVENUE,,,,130
200700071361,7,11,3,2225,5,2,2,1.0,6.0,80.0,"01, FRANCE (R DE)",,,,940
201200049244,12,3,18,50,4,1,1,2.0,6.0,27.0,AUTOROUTE A86,M,4892610.0,240094,930
201300003062,13,9,18,730,2,1,1,2.0,1.0,268.0,,M,4652300.0,53200,860
201000021309,10,6,3,1700,1,2,1,1.0,3.0,55.0,"76, RUE ALPHONSE DAUDET",,,,130
201600031664,16,7,26,1755,1,2,1,1.0,1.0,445.0,AVENUE DES LILAS,M,4330486.0,-35233,640
201600045360,16,1,30,1525,1,1,1,2.0,6.0,394.0,AUTOROUTE A115,,,,950
201000011833,10,6,18,545,2,2,1,1.0,6.0,100.0,CD571 PK 15+050,M,4380080.0,483283,130
201000061630,10,10,30,615,5,2,5,2.0,6.0,108.0,AVENUE DES CHAMPS ELYSEE,,,,750
201100066319,11,10,21,2210,5,2,1,1.0,1.0,2.0,"176, MONTABO (ROUTE DE)",,,,973
201500021351,15,4,25,1000,1,1,1,8.0,7.0,182.0,,M,4853148.0,-293209,220
201600013836,16,1,4,2210,5,2,1,2.0,6.0,55.0,"268, CAPELETTE (AVENUE D",M,4327913.0,541251,130
201600037179,16,12,23,900,1,2,2,1.0,6.0,2.0,MAURICE LABROUSSE (RUE),,,,920
200500006462,5,1,18,2325,3,1,1,8.0,3.0,182.0,AUTOROUTE A6,,,,910
201400047821,14,12,3,850,1,1,1,8.0,4.0,18.0,AUTOROUTE A15,,,,950
200900027067,9,10,15,910,1,2,2,1.0,3.0,116.0,CARREFOUR DES CASCADES,,,,750
201500052200,15,7,8,1250,1,2,1,1.0,2.0,110.0,"16, RUE BICHAT",,,,750
201400027664,14,4,25,1950,2,2,1,1.0,6.0,143.0,RUE DE LA ROBINIERE,,,,440
200700055123,7,9,14,1650,1,2,1,1.0,3.0,55.0,SAINT PIERRE (RUE),,,,130
201500025463,15,1,17,2230,5,2,1,1.0,7.0,122.0,80 BD JEAN JAURES,,,,370
201500009708,15,6,11,100,3,1,1,1.0,6.0,118.0,,M,0.0,0,370
201600034803,16,4,2,1005,1,2,1,1.0,3.0,191.0,BOULEVARD DE L'EUROPE,M,4633674.0,-46396,790
201100009056,11,11,26,2030,5,2,1,1.0,6.0,474.0,,M,0.0,0,570
201000066218,10,3,3,1715,1,2,1,1.0,6.0,120.0,"30, RUE LOUIS LUMIERE",,,,750