Num_Acc,an,mois,jour,hrmn,lum,agg,int,atm,col,com,adr,gps,lat,long,dep
200600043321,6,7,2,1630,1,1,1,1.0,1.0,250.0,,M,0.0,0,260
200700033845,7,6,25,1600,1,1,1,1.0,7.0,116.0,,M,0.0,0,830
200500077209,5,11,21,2030,3,1,1,1.0,6.0,339.0,RN 104,,,,910
201200026671,12,5,17,245,5,2,2,1.0,2.0,238.0,GINGUEN?/CH?TILLON,M,4809990.0,-167217,350
200800032011,8,6,22,1645,1,2,1,1.0,7.0,278.0,"0, CHARNER (BD)",,,,220
200600035787,6,6,22,1157,1,2,1,1.0,3.0,540.0,"1, LECANUET. RUE JEAN",,,,760
201500026139,15,11,10,1605,1,2,2,1.0,3.0,295.0,TAILLES  (RUE DES),M,4759509.0,138910,410
200900046728,9,9,15,1745,1,2,3,1.0,3.0,187.0,LE PONT TOURNANT,M,0.0,0,220
200900003699,9,2,28,1730,1,1,1,1.0,3.0,228.0,,M,4.0,0,120
201000030631,10,11,16,55,5,2,2,1.0,3.0,172.0,OBSERVATOIRE (BOULEVARD,M,4360623.0,387728,340
201100031419,11,11,29,1400,1,2,1,1.0,6.0,55.0,"72, BERTHO ( RUE HENRI )",,,,440
201600045637,16,4,24,1700,1,1,1,2.0,2.0,53.0,AUTOROUTE A3,M,4888561.0,247267,930
200700041859,7,7,16,1650,1,2,1,1.0,5.0,88.0,"265, GINESTIERE (CH. DE",,,,60
201100041731,11,12,19,1730,5,2,3,2.0,2.0,92.0,AV DRIONNE/MAL JOFFRE,,,,780
201600036447,16,3,1,1308,1,2,1,2.0,3.0,21.0,MARCHE (PLACE DU),M,4858830.0,224999,910
200700051513,7,8,20,1930,1,1,1,1.0,6.0,33.0,A86.EXT,,,,940
201100037676,11,3,7,1305,1,2,1,1.0,3.0,24.0,"69, AV DE L'ADOUR",M,4350880.0,-149852,640
201000012551,10,7,29,1945,2,1,1,9.0,6.0,101.0,,M,4338100.0,609100,830
201500001046,15,8,20,1600,1,1,2,1.0,3.0,272.0,,M,4857244.0,-313525,220
200900031364,9,5,8,1610,1,2,3,1.0,3.0,288.0,"000, SAINT MICHEL DES SA",,,,350
200600004595,6,1,3,645,2,1,1,2.0,6.0,273.0,,M,4858100.0,-249900,220
200900004385,9,2,13,2100,3,1,1,8.0,1.0,5.0,,M,0.0,0,790
201400023861,14,10,22,1914,5,2,1,1.0,6.0,9.0,"., REGUE VERTE (AVE)* BA",,,,330
201100058678,11,9,23,1330,1,2,3,1.0,6.0,106.0,"52, RUE SAINT ANDRE DES",,,,750
200600010040,6,2,1,550,5,2,2,1.0,3.0,7.0,SOURCES (Avenue des),,,,840
201400050544,14,11,6,1815,3,1,1,1.0,2.0,44.0,RN88,M,4539524.0,433879,420
200700054186,7,9,5,800,1,1,1,1.0,3.0,17.0,,M,4201500.0,874000,201
201300048830,13,8,15,1930,1,2,1,1.0,3.0,385.0,"215, AVENUE BARTHELEMY B",,,,690
201400011301,14,8,14,2220,5,2,1,1.0,3.0,88.0,"57, CESSOLE (BD DE) (A P",,,,60
201600038199,16,10,20,1000,1,2,3,2.0,6.0,35.0,CHÂTEAU ( RUE DU ),,,,920
200700002612,7,1,11,720,2,2,1,1.0,2.0,555.0,"999, AV DU GENERAL EISEN",,,,310
201600015952,16,11,14,1730,2,2,1,1.0,1.0,55.0,"151, CROIX ROUGE (AVENUE",M,4333459.0,544255,130
201600054905,16,4,4,1020,1,2,1,1.0,2.0,116.0,"/, AVENUE DE NEW YORK",M,4886350.0,229717,750
201400003414,14,10,25,2000,3,1,1,1.0,6.0,160.0,,M,0.0,0,870
200900022785,9,3,4,1555,1,2,1,2.0,3.0,27.0,GAUDE AVENUE DE LA,,,,60
200500013033,5,3,3,800,2,1,1,7.0,1.0,127.0,,M,4635900.0,657200,740
200800057635,8,10,31,1425,1,2,1,1.0,2.0,562.0,INDUSTRIE (RUE DE L'),,,,270
201000050502,10,3,26,2000,5,2,1,1.0,6.0,27.0,BD PASTEUR,M,4892470.0,238454,930
201300001680,13,4,20,1815,1,2,1,1.0,3.0,293.0,43 FAUBOURG SAINT ELOI,M,4852300.0,54039,610
200700044806,7,7,23,1115,1,2,6,2.0,2.0,8.0,"01, PLACE SAINT JUSTE",,,,930
201200010849,12,6,20,1230,1,2,1,1.0,3.0,69.0,"321, DRAGUIGNAN (ROUTE D",,,,60
200600057314,6,9,18,1355,1,2,8,1.0,6.0,51.0,MONT D'EST (BD),,,,930
201600054376,16,11,18,1831,5,2,1,1.0,6.0,114.0,"141, RUE D ALESIA",M,4882990.0,232101,750
201500001323,15,4,24,745,1,1,1,1.0,6.0,747.0,,M,4911480.0,-45119,140
200800066935,8,11,12,1720,5,2,1,1.0,3.0,55.0,"44, CAPITAINE GEZE (BOUL",,,,130
201500003179,15,7,5,2100,1,2,1,1.0,6.0,197.0,boulevard rené gautret,M,4544877.0,-43367,170
200700055788,7,9,19,1825,1,2,3,1.0,3.0,555.0,"999, RTE DE REVEL",,,,310
201600039950,16,6,1,530,2,2,1,2.0,2.0,8.0,"147, VAILLANT COUTURIER",,,,930
200900056774,9,12,23,900,1,1,1,2.0,1.0,129.0,,M,4.0,-,440
201100020028,11,2,3,540,5,2,1,1.0,3.0,55.0,"275, RTE DES TROIS LUCS",,,,130
201400048558,14,2,26,930,1,1,1,1.0,7.0,43.0,AUTOROUTE A6B,M,4881510.0,235595,940
200500069572,5,10,2,1358,1,2,2,1.0,3.0,68.0,GAMBETTA (AV),,,,940
201200048780,12,5,31,1615,1,1,1,1.0,5.0,65.0,A86 INT,M,4875400.0,235231,940
201400057415,14,4,28,940,1,2,2,8.0,3.0,116.0,ALLEE DE LONGCHAMP,,,,750
201400040347,14,4,13,1410,1,2,1,1.0,3.0,20.0,"157, REPUBLIQUE AV. AUTR",,,,920
201500025284,15,11,5,845,1,2,1,1.0,2.0,44.0,4 RUE D'AQUITAINE,M,4680240.0,167665,360
201000025803,10,6,28,835,1,2,1,1.0,6.0,96.0,"37, BONNYAUD (PLACE)",,,,230
201200046220,12,1,27,1210,1,2,1,1.0,3.0,69.0,"142, R DU MARECHAL LECLE",M,4881790.0,244567,940
200500079571,5,12,30,1300,1,1,1,4.0,6.0,618.0,,M,5082300.0,208100,620
200900001990,9,3,27,45,5,2,1,2.0,6.0,118.0,"2, ECHANGEUR CHAPELLE",,,,750
200900057677,9,10,31,1,5,2,1,1.0,6.0,117.0,"11, BRUXELLES (RUE DE)",,,,130
200800027808,8,5,29,2115,3,1,1,1.0,1.0,297.0,,M,4881600.0,108300,270
200500037500,5,6,3,1115,1,1,1,1.0,3.0,266.0,RN383,,,,690
200900052887,9,7,2,1645,1,2,1,1.0,6.0,55.0,", BD EMILE SICARD",,,,130
200500063668,5,10,17,1800,1,2,7,1.0,6.0,10.0,place de la mairie,M,4864000.0,502000,550
200500009562,5,2,11,1715,1,2,2,1.0,3.0,174.0,WIDMER (RUE),,,,910
201000065303,10,6,23,1245,1,2,2,1.0,6.0,118.0,"5, BOULEVARD BARBES",,,,750
200700019676,7,4,3,1800,1,2,1,1.0,3.0,434.0,rte des vauliards,M,0.0,0,890
200500062394,5,6,17,1755,1,1,1,1.0,4.0,43.0,Autoroute A.4,,,,670
200900006003,9,5,7,2220,5,2,2,2.0,3.0,114.0,"0, PLACE DE LA PORTE DE",,,,750
201500023033,15,12,19,550,5,2,3,1.0,3.0,555.0,"999, AV D ATLANTA",,,,310
200600067311,6,11,22,1802,2,2,1,2.0,3.0,18.0,INDUSTRIE (BOULEVARD DE,,,,410
200800025717,8,5,3,1500,1,2,3,1.0,3.0,7.0,"27, QUAI SAINT LAZARE (B",,,,840
201100032277,11,6,18,1640,1,1,1,1.0,1.0,95.0,RN 88 (LA TEBAIDE),M,4451183.0,347163,480
200900027613,9,9,19,1530,1,1,1,1.0,6.0,184.0,,M,4.0,0,820
200700037541,7,6,16,1920,1,2,1,2.0,6.0,5.0,CLAUDE DEBUSSY (RUE),,,,930
201100051038,11,5,24,1745,1,2,1,1.0,4.0,34.0,AV DE LA DIVISION LECLER,M,4875950.0,232328,940
200900071550,9,8,25,1655,1,2,3,1.0,6.0,414.0,SALENGRO (RUE ROGER),,,,600
201600027439,16,1,28,1425,1,2,2,1.0,6.0,7.0,ARAGON AVENUE,M,4747102.0,-56844,490
200700076457,7,12,20,1510,1,2,1,1.0,6.0,123.0,COUBERTIN PIERRE DE AVEN,,,,60
201400015565,14,9,30,2010,5,2,3,2.0,3.0,55.0,"00, BD LIONEL TERRAY",M,4331557.0,540378,130
201300039540,13,6,16,1815,1,1,1,1.0,2.0,40.0,"11, GENERAL LECLERC (DU)",,,,920
201500009462,15,12,6,715,2,1,1,1.0,6.0,133.0,,M,4694100.0,226300,180
201300029771,13,8,17,2145,2,2,3,1.0,3.0,43.0,"0, STEENT JE (ROUTE DU)",,,,590
201400053242,14,8,10,352,5,2,1,2.0,6.0,109.0,"52, BOULEVARD HAUSSMANN",,,,750
200700041252,7,7,15,1215,1,1,1,1.0,6.0,29.0,,M,4675200.0,277100,180
200500079978,5,12,24,1455,1,2,1,1.0,2.0,387.0,"000, RAYMOND POINCARE (R",,,,100
200700060273,7,10,15,1400,1,1,1,1.0,3.0,150.0,,M,0.0,0,530
200500087193,5,11,19,500,2,1,1,1.0,7.0,415.0,,R,0.0,0,974
201100048226,11,3,29,2145,5,2,2,2.0,1.0,27.0,VALMY / GENEVE,,,,930
200700052032,7,8,17,1155,1,2,1,1.0,6.0,109.0,"face 33, RUE LA FAYETTE",,,,750
200800051273,8,9,17,1215,1,2,1,1.0,6.0,365.0,"27, HEYDT (QUAI)",,,,670
201300010626,13,11,30,1055,1,2,1,2.0,7.0,69.0,"x, RIOU BLANQUET (TRAVER",,,,60
200700063050,7,10,12,2010,5,2,1,1.0,3.0,555.0,"999, PONT PIERRE DE COUB",,,,310
201000029546,10,9,20,26,5,2,1,1.0,6.0,75.0,"07, RUE DES CRESSONNIERE",,,,330
201200028506,12,6,23,1144,1,2,1,1.0,6.0,305.0,"6, HUGO VICTOR",M,4547965.0,443108,420
201400042160,14,6,24,2240,5,2,1,1.0,1.0,29.0,"81, HENRI BARBUSSE (AVE)",,,,930
200900038197,9,10,30,945,1,2,1,2.0,6.0,42.0,LA FONTASSE,M,4.0,0,810
201400028294,14,2,11,1629,1,2,1,2.0,6.0,7.0,"1, LEROY PLACE",M,4746465.0,-54879,490
201100002036,11,10,2,1915,1,1,1,1.0,2.0,44.0,,M,4819166.0,-412415,290
200700074560,7,12,4,1715,2,1,9,2.0,1.0,177.0,,M,5013100.0,385800,590
201200037558,12,10,3,750,1,2,1,1.0,6.0,451.0,"60, AV GALLIENI",M,4945547.0,108452,760
200800016922,8,3,13,945,1,1,1,1.0,6.0,123.0,,M,0.0,0,300
200600015587,6,3,18,1830,1,1,1,1.0,3.0,17.0,,M,0.0,0,290
200900025984,9,9,21,745,1,2,1,1.0,7.0,194.0,TREIZIEME DE LIGNE,,,,580
201600010788,16,10,26,1640,1,1,3,1.0,1.0,69.0,"16, CASTORS (CHEMIN DES)",,,,60
201100037794,11,10,14,944,1,2,1,1.0,6.0,24.0,46 AV ALLEES MARINES,M,4349860.0,-148784,640
201600010671,16,4,15,1415,1,2,1,1.0,2.0,69.0,"x, ROUQUIER (BOULEVARD E",,,,60
201200044953,12,4,14,2005,1,2,2,1.0,3.0,48.0,"74, CHANZY (BOULEVARD)",M,4885847.0,243231,930
200600053253,6,9,5,1600,1,2,1,1.0,2.0,104.0,"2193, CORNICHE (MOYENNE)",,,,60
200500031063,5,5,10,1900,1,2,1,1.0,6.0,174.0,"1, FERAY ( rue )",,,,910
201600055626,16,10,6,1400,1,2,4,1.0,6.0,116.0,"/, BOULEVARD PERIPHERIQU",M,4886100.0,226407,750
201100006530,11,4,27,945,1,1,1,1.0,6.0,288.0,,M,0.0,0,810
201200038142,12,8,23,1750,1,2,1,1.0,1.0,297.0,AV DES GARENNES,M,4877708.0,206021,780
201200034901,12,5,25,1950,1,1,1,1.0,1.0,483.0,SAINT PEE (VIEILLE ROUTE,,,,640
200900007521,9,4,17,1435,1,2,1,1.0,7.0,15.0,"0, GOUPILLIERE LIEU DIT",,,,490
200800014578,8,3,12,2110,5,2,2,1.0,3.0,382.0,RUE BICHAT,,,,690
201100053072,11,7,4,1950,1,1,1,1.0,7.0,294.0,A104,,,,770
200700010699,7,2,10,2100,5,2,1,1.0,6.0,326.0,"1, COUR DE FRANCE (AVENU",,,,910
200800062401,8,11,8,930,1,1,1,1.0,1.0,5.0,,M,0.0,0,30
201600008964,16,9,28,1715,1,1,1,1.0,6.0,258.0,,M,4367015.0,444339,300
201600042568,16,6,24,1430,1,2,1,1.0,3.0,28.0,"00, BROSSOLETTE(AVENUE P",,,,940
200700004865,7,1,25,400,5,2,1,1.0,6.0,137.0,"306, COLLET (AVE AMIRAL)",,,,830
201300020278,13,10,4,1745,1,1,1,1.0,6.0,31.0,CHANLAT (LIEU-DIT),M,4512992.0,451738,190
201000044845,10,2,28,1910,5,1,1,1.0,2.0,4.0,ROCADE RN88 EST,M,4393910.0,217075,810
200500050224,5,8,1,1400,1,1,1,1.0,4.0,117.0,,M,0.0,0,300
201300022646,13,8,9,1900,1,1,1,1.0,2.0,4.0,,M,4345699.0,647717,830
201100024228,11,6,11,2045,2,2,1,1.0,3.0,96.0,"1, PASTEUR (AVENUE)",,,,230
200700047027,7,8,3,1230,1,1,1,1.0,6.0,70.0,,M,0.0,0,470
201400031601,14,12,14,1715,5,2,1,5.0,6.0,117.0,1 RUE DU HERTRE,M,4843152.0,5897,610
200900049999,9,12,22,1827,5,2,1,2.0,3.0,63.0,CRS DE L'INTENDANCE,,,,330
200800021710,8,4,3,1815,1,2,1,1.0,3.0,113.0,"140, AVENUE D ITALIE",,,,750
201300032727,13,12,9,905,1,2,2,1.0,3.0,440.0,"55, ALSACE LORRAINE (AVE",M,4324732.0,7304,650
201000024901,10,8,19,915,1,1,1,1.0,6.0,83.0,,M,0.0,0,350
201400001158,14,11,16,2000,3,1,1,5.0,1.0,191.0,,M,4852067.0,-371301,290
200500018452,5,4,27,2050,5,2,3,1.0,3.0,27.0,BOUCHER RUE HELENE,,,,60
200700060615,7,10,18,1415,1,1,1,1.0,1.0,224.0,,M,4624400.0,457200,690
201100045672,11,5,31,1930,1,2,1,1.0,3.0,12.0,"259, BD JEAN JAURES",M,4882600.0,224784,920
200900018146,9,5,15,1545,1,1,1,3.0,5.0,209.0,,M,4.0,0,10
200800059431,8,10,28,1525,1,2,1,1.0,6.0,119.0,"4, BOCQUIES (AVENUE DES)",,,,740
200800049073,8,9,23,2030,5,2,1,1.0,3.0,185.0,Le BOURG,M,4486000.0,-25800,330
201400023672,14,12,31,1230,1,2,1,1.0,3.0,555.0,"136, BD PIERRE ET MARIE",,,,310
201100049207,11,4,8,1950,2,2,5,1.0,6.0,55.0,LOLIVE / HOCHE,,,,930
201300054984,13,5,6,135,5,2,5,1.0,3.0,118.0,AVENUE DE LA PORTE DE CL,,,,750
200500080376,5,12,16,605,5,1,6,2.0,7.0,101.0,WOODBURY (AVENUE DE ),,,,140
200700018627,7,4,23,1700,1,1,1,1.0,1.0,226.0,,M,4809000.0,-438600,290
201300020027,13,2,22,1915,3,1,1,1.0,1.0,333.0,,M,0.0,0,710
201000025113,10,4,6,1545,1,2,2,1.0,3.0,31.0,PELLETAN (RUE CAMILLE),M,4515777.0,151108,190
200600011234,6,3,30,1100,1,2,1,1.0,3.0,29.0,"27, CLEMENCEAU (RUE GEOR",,,,60
200700012618,7,3,20,730,1,1,1,4.0,4.0,229.0,,M,0.0,0,730
201500011351,15,8,14,1315,1,1,1,2.0,6.0,140.0,,M,4592972.0,217949,230
201300036836,13,11,28,1318,1,2,1,1.0,6.0,191.0,13 RUE ROGER SALENGRO,,,,850
201500035099,15,3,27,2230,3,1,1,1.0,6.0,9.0,"1874, BEAUSSET (ROUTE DU",M,4315352.0,576383,830
201400048747,14,6,11,902,1,1,1,1.0,5.0,312.0,RD 444,,,,910
200500049918,5,8,2,1615,1,1,1,1.0,6.0,239.0,,M,0.0,0,280
200900032906,9,11,10,1815,5,2,1,1.0,4.0,118.0,PORTE DE CLIGNANCOURT,,,,750
200900020772,9,9,24,1050,1,2,1,8.0,7.0,111.0,"13, BOULEVARD JULES FERR",,,,750
201000045110,10,5,1,1830,1,2,1,1.0,6.0,69.0,GEOFFROY ST HILAIRE (AVE,,,,830
201500027727,15,11,7,1140,1,2,2,1.0,6.0,99.0,RAMBOURG (RUE DE),M,4706734.0,-88501,490
200900021012,9,4,12,1645,1,1,1,1.0,6.0,32.0,,M,0.0,0,230
201000041017,10,12,7,820,1,2,2,2.0,3.0,482.0,"SPV, RUE DES SERRURIERS",,,,670
200800014258,8,3,11,1630,1,2,3,8.0,3.0,34.0,HENRI BARBUSSE (R),,,,940
200600043794,6,7,27,1745,1,2,2,1.0,1.0,492.0,18 route d' Autun,M,4700900.0,479600,210
201000063048,10,12,5,2120,5,2,1,1.0,2.0,112.0,"66, BOULEVARD DIDEROT",,,,750
201000010851,10,5,22,1730,1,1,3,1.0,1.0,240.0,,M,0.0,0,580
200500051698,5,8,1,1525,1,2,4,1.0,6.0,357.0,"1, LAFAYETTE (RUE)",,,,540
201600014827,16,6,3,1355,1,2,3,1.0,3.0,213.0,"46, BARRY (BOULEVARD)",M,4331802.0,540983,130
201400012240,14,5,17,930,1,2,1,1.0,6.0,485.0,Route de Saint Nizier,M,0.0,0,380
201000006496,10,11,3,1600,1,1,1,8.0,6.0,60.0,,M,4440410.0,124422,460
201300038843,13,10,10,1400,1,2,1,2.0,2.0,12.0,"56, EDOUARD VAILLANT (AV",,,,920
200500024232,5,4,15,1630,1,1,1,3.0,5.0,116.0,,M,4394800.0,462400,300
200500003611,5,1,27,745,2,2,2,1.0,3.0,184.0,"29, BERTHAUDERIE (RUE DE",,,,440
200500002551,5,1,3,1850,3,2,1,1.0,4.0,55.0,"16, MARECHAL FOCH (AVENU",,,,130
201200017168,12,11,26,1700,5,2,1,2.0,3.0,71.0,"2526, VELAUX (CHEMIN)",,,,130
201000028935,10,3,23,1330,1,2,2,1.0,3.0,63.0,"172, R J.FERRY/HAZERA",M,,,330
200500037932,5,6,4,830,1,1,9,1.0,3.0,78.0,,M,4780900.0,-345900,560
200500006394,5,1,23,1410,1,1,1,1.0,7.0,277.0,BIP,,,,950
200600046481,6,8,25,1430,1,2,1,2.0,3.0,353.0,CD 607 route de St Pons,M,0.0,0,110
200800001407,8,1,4,1645,1,2,1,1.0,3.0,240.0,Chemin Toul Pichon,M,4753100.0,-277000,560
201300021546,13,7,21,1000,1,2,1,1.0,6.0,182.0,61 RUE DU COMMERCE,M,4605183.0,392503,420
201300029185,13,9,3,1350,1,2,2,1.0,3.0,121.0,"., DUGUAY-TROUIN (RUE RE",M,4774276.0,-336831,560
201300054472,13,12,26,1300,1,2,1,7.0,6.0,116.0,"15, RUE DE LA POMPE",,,,750
200900025534,9,6,13,230,3,1,1,1.0,6.0,304.0,,M,4.0,0,310
201500046131,15,12,12,1810,3,1,1,1.0,2.0,36.0,AUTOROUTE A15,,,,920
200500051788,5,8,4,205,4,1,1,1.0,6.0,260.0,"13, LE DRESSAY(RUE FERDI",,,,560
200500068461,5,10,20,905,1,2,1,2.0,4.0,70.0,"8, CHATEAU (RUE DU)",,,,770
200900033004,9,9,30,600,2,2,6,1.0,6.0,105.0,Rond-point du Caron/Ch.d,,,,710
201500043373,15,10,13,1250,1,2,2,1.0,3.0,68.0,CRETEIL (BD DE),,,,940
201100028318,11,4,5,1900,1,1,4,7.0,1.0,32.0,"NR, BESSAN (ROUTE DE)",M,4335555.0,327934,340
200700068925,7,11,29,1900,2,2,1,1.0,6.0,3.0,SETE (F16 A I25,,,,340
201600035524,16,9,6,1340,1,2,1,1.0,6.0,31.0,"212, HUGO AVENUE VICTOR",M,4404907.0,504790,840
200500037598,5,6,14,2130,1,1,1,1.0,6.0,159.0,,M,0.0,0,590
201000011211,10,11,24,1500,1,2,1,1.0,2.0,239.0,Rue des Charonnes,M,0.0,0,890
200500044920,5,7,10,805,1,2,1,1.0,7.0,184.0,"89, BERTHAUDERIE (RUE DE",,,,440
201300052966,13,12,1,1955,5,2,4,1.0,6.0,112.0,"92, AVENUE DU GENERAL MI",,,,750
201200044697,12,10,12,1740,1,2,2,1.0,6.0,32.0,PAUL VAILLANT COUTURIER,M,4887610.0,254980,930
200900073501,9,6,14,23,5,2,1,1.0,3.0,20.0,HANNE (BOULEVARD),,,,971
200600050714,6,9,25,830,1,1,1,3.0,1.0,383.0,,M,5031300.0,306600,620
201100038261,11,1,7,1310,1,1,1,1.0,7.0,545.0,RD 810,M,4334970.0,-174477,640
200500040726,5,7,14,630,2,2,1,1.0,6.0,397.0,RUE ARISTIDE BRIAND,M,0.0,0,270
200700072271,7,11,18,1910,5,2,1,8.0,6.0,111.0,"35, RUE DE L ORILLON",,,,750
201100059787,11,9,11,1330,1,2,3,2.0,1.0,110.0,"222, RUE DU FAUBOURG SAI",,,,750
201600026202,16,9,30,2105,5,1,1,1.0,6.0,516.0,A41,M,4520352.0,577744,380
200700083917,7,10,28,115,5,2,1,1.0,7.0,304.0,"52, avenue des deux lacs",G,0.0,0,973
200500021860,5,4,2,1230,1,2,1,1.0,6.0,32.0,"271, LECLERC DIVISION (A",,,,920
200500079918,5,12,22,1545,1,2,1,1.0,3.0,88.0,"0, LYAUTEY (AV. DU MAL)",,,,60
200900013008,9,4,17,2210,5,2,3,1.0,6.0,555.0,"999, PL ROUAIX",,,,310
200500008137,5,2,7,1510,1,2,1,1.0,6.0,395.0,"119, SAINT DIZIER (RUE 8",,,,540
201000001043,10,3,27,1815,1,1,1,1.0,7.0,379.0,,M,4956200.0,282300,600
200500013425,5,3,24,1930,3,1,1,1.0,6.0,54.0,,M,0.0,0,840
201000026529,10,11,22,1925,5,2,9,1.0,3.0,229.0,VERNON (RUE DE),M,4902680.0,116651,270
200800011546,8,3,29,926,1,2,1,1.0,1.0,88.0,"44, CORNICHE FLEURIE (AV",,,,60
201000032556,10,9,24,750,1,2,3,2.0,3.0,269.0,"., FRANCE (RUE ANATOLE)",,,,410
201500025094,15,11,10,725,1,1,1,1.0,2.0,238.0,PORTE DE BEAULIEU,M,4809958.0,-161363,350
200900053587,9,7,8,825,1,2,9,2.0,3.0,64.0,ST CLOUD,,,,920
201300019866,13,3,26,204,5,1,6,1.0,6.0,33.0,CHAPELLE (ROUTE DE LA),M,4707521.0,235458,180
201100020509,11,8,9,1130,1,2,1,1.0,1.0,55.0,"1, ALL DE LA ROUGUIERE",M,4329708.0,545787,130
200500070081,5,10,3,2015,5,2,2,1.0,3.0,383.0,PAUL BERT,,,,690
200900029335,9,3,23,1520,1,2,9,1.0,2.0,199.0,"05, BOULEVARD YVES FARGE",,,,690
201600019141,16,7,30,1630,1,1,1,1.0,6.0,86.0,,M,4642032.0,-33481,790
200500085117,5,3,24,1600,1,2,1,1.0,1.0,209.0,CHATEAUBOEUF (ROUTE DE),,,,972
200800024833,8,5,11,1240,1,2,3,1.0,3.0,350.0,"001, SALENGRO ROGER RUE",,,,590
201200060779,12,4,25,1800,3,1,1,1.0,7.0,15.0,,R,0.0,0,974
200500064464,5,10,19,1915,5,2,1,1.0,5.0,64.0,RN 86,M,4546800.0,477000,690
200700016759,7,3,10,1720,1,2,1,1.0,3.0,215.0,ARMAINVILLIERS (RUE D'),,,,770
200800055680,8,10,18,1145,1,1,1,1.0,1.0,265.0,,M,4619900.0,559200,10
200500050690,5,8,13,1730,1,2,9,1.0,6.0,55.0,"166, CANEBIERE (LA)",,,,130
201600004340,16,11,13,1925,3,1,1,2.0,4.0,72.0,Route Départementale 489,M,4583050.0,474299,690
201100049481,11,4,24,2250,5,2,4,1.0,7.0,66.0,FRANCE / FRANCE,,,,930
200900013984,9,6,11,930,1,1,1,2.0,6.0,127.0,,M,,,650
201100001887,11,8,6,1630,1,1,1,8.0,7.0,328.0,TY BOURK,M,4838649.0,-333997,220
201100036465,11,10,24,1710,1,2,3,1.0,3.0,613.0,"0, RD 50",,,,590
201400018406,14,8,22,1710,1,1,2,1.0,3.0,234.0,,M,4794219.0,741721,680
201500002947,15,8,5,1700,1,1,1,1.0,3.0,495.0,,M,4336137.0,-158358,640
200500019174,5,4,1,1650,1,2,3,1.0,3.0,56.0,"21, ORATOIRE RUE DE L'",,,,250
200500087469,5,12,6,1615,1,1,1,1.0,5.0,415.0,,R,0.0,0,974
201500011483,15,12,29,300,3,1,1,8.0,5.0,2.0,,M,0.0,0,800
200900038448,9,7,17,1240,1,2,1,2.0,2.0,362.0,"113, LIBERATION AV. DE L",,,,260
200600009861,6,2,21,1355,1,2,9,9.0,6.0,297.0,BALKANS (CLOS DES),,,,780
200500007792,5,2,18,2018,5,2,5,1.0,1.0,238.0,"00, ROOSEVELT (BD FRANKL",,,,350
201200048610,12,1,9,2000,3,1,1,1.0,4.0,449.0,A4,,,,770
200700028910,7,5,22,1050,1,2,1,1.0,4.0,194.0,"9, GRAND MOUESSE (FAUBOU",,,,580
200500087124,5,9,20,1700,1,2,1,1.0,2.0,302.0,BADUEL (ROUTE DE),,,,973
201000051383,10,9,18,2120,5,2,1,1.0,2.0,53.0,"50, ROSNY (AVENUE DE) N°",,,,930
201000062350,10,4,27,1300,1,2,1,1.0,6.0,111.0,"111, AVENUE PARMENTIER",,,,750
201000038355,10,2,27,2220,5,2,8,1.0,3.0,516.0,PERNES,,,,620
201300041981,13,9,5,740,1,2,3,1.0,3.0,50.0,VILLEMOMBLE (ROUTE),,,,930
200900017054,9,1,1,242,3,1,1,1.0,6.0,15.0,A51-SENS MARSEILLE VERS,M,4.0,0,130
201000021149,10,4,27,710,1,2,3,1.0,3.0,55.0,"68, BD NOTRE DAME",,,,130
200700026479,7,5,9,1230,1,2,1,1.0,1.0,15.0,,M,0.0,0,60
200500008910,5,2,26,1740,1,2,1,1.0,3.0,9.0,18 BD DES ITALIENS,,,,750
201500008361,15,6,23,1415,1,1,1,1.0,1.0,221.0,,M,4341859.0,230626,110
200700067689,7,11,22,825,1,2,1,2.0,6.0,69.0,"123, AURIBEAU (ROUTE D')",,,,60
200500017101,5,3,2,1320,1,2,1,1.0,3.0,137.0,"0, ALBERTINI (AIRE J-B)",,,,830
200600014485,6,3,25,2000,5,2,2,2.0,3.0,71.0,"0, CHERRIER ALPHONSE (RU",,,,920
201100045315,11,12,28,1330,1,2,1,1.0,1.0,692.0,R.N 446,,,,910
200900038052,9,7,2,2200,2,1,1,1.0,6.0,151.0,ROUTE DE HOTTOT,M,4.0,-,500
200800072674,8,12,5,2155,3,2,2,1.0,2.0,215.0,FORET (RUE DE LA),,,,910
201200043982,12,7,26,1725,1,2,1,1.0,2.0,5.0,BALAGNY (RUE DE),,,,930
200700016189,7,3,15,935,1,2,2,8.0,7.0,14.0,PL DENF ROCHEREAU BD RAS,,,,750
200700009953,7,2,13,1015,1,2,1,1.0,3.0,10.0,156 R FG SAINT MARTIN,,,,750
200700019741,7,4,26,2045,2,2,1,1.0,1.0,19.0,,M,4346700.0,535500,130
200800069680,8,12,15,745,2,1,1,1.0,3.0,352.0,,M,4809500.0,225000,770
200500020070,5,4,16,1215,1,2,6,1.0,3.0,260.0,LUSCANEN(GIRATOIRE DE),,,,560