Num_Acc,an,mois,jour,hrmn,lum,agg,int,atm,col,com,adr,gps,lat,long,dep
201500051581,15,3,3,2030,5,2,2,1.0,6.0,108.0,"40, AVENUE DE FRIEDLAND",,,,750
201300041551,13,10,23,1955,5,2,3,1.0,5.0,31.0,"103, REPUBLIQUE (AVENUE)",,,,930
200700080499,7,12,26,1525,5,1,9,1.0,6.0,389.0,BPNL   34.614 A 36.285,,,,690
201600030232,16,1,7,1210,1,2,1,2.0,6.0,512.0,"5, LIBERTE (PLACE DE LA)",,,,590
201600033605,16,2,1,1710,1,2,1,2.0,3.0,351.0,"243, R FELIX FAURE",M,4950053.0,10788,760
200500084990,5,3,31,1500,1,1,1,1.0,1.0,107.0,,A,0.0,0,971
200500038438,5,6,17,1715,1,2,1,1.0,3.0,395.0,CD3,M,0.0,0,310
200600060156,6,10,15,1215,1,1,1,1.0,3.0,34.0,Autoroute A.83 -,M,0.0,0,850
200700068998,7,11,28,1118,1,2,1,1.0,3.0,172.0,"784, CROIX DE LAVIT (RUE",,,,340
200700057217,7,9,26,1930,5,2,2,2.0,3.0,447.0,GENERAL DE GAULLE (ROUTE,,,,670
201300017986,13,3,2,115,3,1,1,1.0,6.0,27.0,,M,4815900.0,-204800,350
201300056063,13,8,22,45,5,2,1,1.0,2.0,117.0,BOULEVARD PERIPHERIQUE E,,,,750
200800027627,8,5,28,1410,1,2,1,1.0,3.0,116.0,PORTE D AUTEUIL,,,,750
201300008323,13,6,3,1330,1,1,1,1.0,1.0,299.0,,M,4327673.0,328539,340
200500015105,5,3,2,1040,1,2,1,1.0,3.0,172.0,"277, INDUSTRIE (RUE DE L",,,,340
200800045099,8,8,26,1115,1,2,1,1.0,1.0,580.0,OEHMICHEN (RUE),,,,250
200500002953,5,1,11,1835,5,2,1,1.0,6.0,19.0,"24, GAMBETTA (DE 2 A 64",,,,290
201300057178,13,10,2,745,1,2,1,2.0,6.0,12.0,rue hippolyte foucque,R,,,974
201200016382,12,11,8,1500,1,2,1,1.0,2.0,55.0,"00, AVE FLORIAN",,,,130
201000046867,10,5,7,1700,1,2,2,1.0,1.0,347.0,TEMPLIERS (ROUTE DES),,,,910
200500042865,5,7,21,1900,1,2,1,1.0,3.0,34.0,rue de Verdun,M,0.0,0,360
201000027113,10,12,20,1940,5,2,1,2.0,6.0,19.0,"31 bis, LANNINGUER (DE 1",M,4838727.0,-454024,290
201300020855,13,11,28,721,1,2,2,1.0,3.0,56.0,"SANS, CHURCHILL BD WINST",M,4723909.0,601904,250
201200006171,12,4,1,1530,1,1,1,1.0,7.0,10.0,,M,4890200.0,634900,570
200600011581,6,3,25,2215,5,2,3,1.0,3.0,55.0,COLONEL EDON (PLACE DU),,,,130
200800074344,8,12,19,840,1,1,1,1.0,2.0,3.0,AUTOROUTE A6A,,,,940
200700069871,7,11,5,1747,1,2,3,1.0,3.0,113.0,"164, LAFAYETTE (BD)",,,,630
200500050217,5,8,3,1430,1,2,1,1.0,1.0,111.0,LE CALVAIRE,M,4810400.0,-300,720
201600024924,16,12,11,650,3,1,1,5.0,7.0,55.0,"00, RD 463",M,4807641.0,-158682,350
201100005363,11,7,30,845,1,1,1,1.0,5.0,160.0,,M,0.0,0,170
200700038019,7,6,21,1710,1,1,1,1.0,5.0,33.0,A86.EXT,,,,940
200500056106,5,9,27,730,2,2,1,1.0,1.0,553.0,Route de ST Germain,M,4862200.0,248500,910
200500048219,5,8,31,2000,1,1,1,1.0,3.0,486.0,,M,0.0,0,500
200900000514,9,1,6,1020,1,2,4,1.0,3.0,113.0,"4, PLACE NATIONALE",,,,750
201200055396,12,8,8,1720,1,2,1,1.0,6.0,110.0,"49, BOULEVARD DE LA CHAP",,,,750
201300045127,13,2,1,1515,1,2,1,1.0,3.0,680.0,R DE PARIS,M,4900450.0,238210,950
201000024633,10,8,15,1100,1,2,1,1.0,6.0,54.0,1 chemin du partegal,M,0.0,0,830
201400013554,14,10,15,1220,1,2,1,1.0,6.0,4.0,"23, VICTOR HUGO AVENUE",M,4367478.0,463447,130
200700057377,7,9,22,2145,5,2,2,1.0,2.0,181.0,LEDRU ROLLIN QUAI N° 103,,,,720
200700003906,7,1,17,1225,1,1,6,1.0,2.0,540.0,Rond-Point du Vieux Saul,,,,710
201300014965,13,5,31,2000,1,2,1,1.0,3.0,55.0,"19, TRA DE LA TREVARESSE",M,4329725.0,540854,130
201300028435,13,6,11,800,1,2,1,1.0,6.0,454.0,2 RUE DUMONT D'URVILLE,,,,510
201300035756,13,1,30,835,1,2,1,2.0,6.0,646.0,13 R JEAN DE LA BRUYERE,M,4881326.0,214488,780
200600070861,6,11,23,750,2,1,1,2.0,4.0,34.0,AUTOROUTE A6A,,,,940
201400042642,14,3,22,1830,1,2,1,1.0,2.0,48.0,"158, LE NAIN DE TILLEMON",,,,930
201000035579,10,7,19,1919,1,2,1,1.0,6.0,547.0,"29, VENISE (RUE ET ALLEE",,,,540
200600003337,6,1,16,1615,1,2,1,1.0,6.0,4.0,"25/27, FAIDHERBE ( AVENU",,,,920
201100041425,11,8,5,1735,1,2,1,1.0,2.0,330.0,"2, REGNIER FORTUNA (RUE)",,,,770
200500006940,5,2,17,450,5,2,2,1.0,6.0,88.0,"8, MASSENA (RUE)",,,,60
200500029759,5,5,3,1230,1,2,2,2.0,3.0,181.0,"259, MAC JEAN (AV) N° IM",,,,720
201300020139,13,5,27,1815,1,1,1,1.0,6.0,51.0,le bas quibut,M,0.0,0,440
200900011778,9,1,3,2350,5,2,2,1.0,3.0,63.0,R GAL DE LARMINAT/BD ANT,,,,330
200600030657,6,6,27,1445,1,1,1,1.0,6.0,190.0,,M,4434600.0,52600,470
200500082316,5,12,22,1435,1,2,2,1.0,3.0,17.0,R DE PRONY AV DE WAGRAM,,,,750
200900021019,9,5,7,930,1,1,1,1.0,2.0,526.0,,M,4.0,0,700
200600082331,6,8,30,1130,1,1,1,1.0,6.0,223.0,,A,0.0,0,972
201000048378,10,2,2,1910,5,2,1,2.0,6.0,25.0,"15, JEAN WIENER (RUE)",,,,920
201100026505,11,3,6,320,5,2,2,1.0,7.0,555.0,"999, AV HENRI GUILLAUMET",,,,310
201600010178,16,3,24,1315,1,1,1,1.0,5.0,123.0,LA CUEILMINAUT,M,4732200.0,38500,370
200700075587,7,12,8,1815,3,1,1,1.0,6.0,139.0,,M,4911400.0,489300,510
200900008357,9,4,3,1415,1,1,1,1.0,3.0,42.0,,M,4.0,0,810
200700044736,7,7,4,1635,1,2,2,1.0,3.0,64.0,VAL D' OR,,,,920
201600038043,16,12,1,1600,1,2,3,1.0,3.0,25.0,STALINGRAD (AV DE),,,,920
201000011112,10,7,13,1200,1,1,1,1.0,1.0,345.0,AVROLLES,M,0.0,0,890
201300027620,13,12,7,1810,5,2,1,1.0,7.0,27.0,BORDEAUX (avenue de),,,,470
200500075595,5,11,30,1815,5,2,2,1.0,6.0,17.0,BD PEREIRE AV DES TERNES,,,,750
201500002806,15,9,8,1800,1,2,1,1.0,3.0,1.0,52 avenue du 4 septembre,M,4370442.0,-25500,400
201100012865,11,11,19,945,1,2,1,2.0,6.0,29.0,rue Jean Tassy,M,4430642.0,434679,300
200700036743,7,6,18,2100,1,2,2,1.0,3.0,19.0,AV DE FLANDRE R  DE JOIN,,,,750
200700007744,7,2,16,300,5,2,1,1.0,2.0,88.0,"110, GAMBETTA (A PARTIR",,,,60
200600060356,6,10,2,2135,5,2,3,1.0,3.0,88.0,"0, GAIRAUT (VIEUX CH.) (",,,,60
201500005898,15,12,11,1740,3,2,1,1.0,1.0,23.0,"0, BURLOT (RUE JEAN-BAPT",M,4611639.0,340395,30
201400043621,14,6,13,1200,1,2,1,1.0,6.0,73.0,"67, BARBUSSE (RUE HENRI)",,,,930
201600025631,16,1,15,650,5,2,6,1.0,7.0,214.0,RUE DES BORDIERS,M,4741897.0,67370,370
200800009620,8,2,9,7,5,2,1,1.0,6.0,50.0,"91, ARTHUGERAS ( rue)",,,,870
200700021900,7,4,16,1110,1,2,1,1.0,2.0,184.0,"90, CÔTE D'AMOUR (RTE DE",,,,440
201500045714,15,8,4,810,1,1,1,1.0,6.0,28.0,RN 104,,,,950
200600080117,6,12,22,1900,5,1,1,1.0,6.0,3.0,AUTOROUTE A 10,,,,330
201400041756,14,7,4,2240,5,2,1,1.0,3.0,8.0,DIVISION LECLERC (AVENUE,,,,930
200900032592,9,11,28,628,5,2,5,2.0,3.0,112.0,"2, PLACE DE LA BASTILLE",,,,750
201400000112,14,5,25,1915,1,1,1,7.0,2.0,249.0,,M,0.0,0,590
201100061083,11,11,9,1755,5,2,3,1.0,2.0,113.0,"17, BOULEVARD ARAGO",,,,750
201300042299,13,3,2,2012,5,2,6,1.0,2.0,66.0,MOULIN JEAN (AVE) NR 10,,,,930
201600035326,16,5,2,1655,1,1,1,1.0,6.0,137.0,"41, Bd Gues",M,4311719.0,598104,830
200700011712,7,2,4,1900,3,1,1,1.0,7.0,85.0,A50-Sens Toulon vers Aub,,,,130
200800060689,8,10,8,800,1,2,3,1.0,3.0,76.0,"9, PRESIDENT ALLENDE (AV",,,,940
201400025665,14,4,25,1445,1,2,3,1.0,6.0,238.0,ST MALO/V.BONER,M,4812980.0,-168891,350
201200013048,12,10,10,1130,1,1,1,1.0,7.0,152.0,,M,0.0,0,60
200900058827,9,12,13,40,5,2,1,1.0,7.0,301.0,"850, PIERRES BLANCHES (C",M,4.0,0,340
201600032495,16,6,14,910,1,2,2,1.0,6.0,43.0,"0, BRUMATH (ROUTE DE)",M,4861621.0,773235,670
201400038070,14,9,23,1445,1,2,1,1.0,4.0,10.0,LAURENCIE (AVENUE CAPITA,,,,900
200800032697,8,6,20,1930,1,2,2,1.0,6.0,109.0,BOULEVARD GEORGES POMPID,,,,440
200700063684,7,10,1,1240,1,2,1,2.0,6.0,285.0,MENDES FRANCE (AVENUE PI,,,,450
201200014008,12,4,26,1715,1,2,1,1.0,2.0,5.0,RN 8,,,,130
200500034653,5,6,15,1705,1,2,2,1.0,1.0,24.0,"56, HAUSQUETTE (RUE DE)",,,,640
200700066166,7,10,6,1500,1,1,1,1.0,7.0,27.0,AUTOROUTE A1,,,,930
200800076489,8,8,18,550,1,2,1,1.0,6.0,113.0,SECTION LEROUX,,,,971
200900012302,9,7,1,1200,1,2,2,1.0,3.0,114.0,"143, BOULEVARD BRUNE",,,,750
201600041637,16,11,29,1930,5,2,1,1.0,6.0,70.0,"3-7, VICTOR-HUGO (BD)",,,,930
200900050911,9,5,29,1945,1,2,1,1.0,3.0,250.0,"60, TILLOY (R MAURICE)",,,,620
201600052552,16,12,10,2000,5,2,4,1.0,6.0,108.0,"3, AVENUE DE FRIEDLAND",M,4887480.0,230470,750
201100009566,11,9,27,800,1,1,1,1.0,1.0,436.0,,M,0.0,0,670
201400052773,14,1,30,847,1,2,2,1.0,3.0,108.0,"5, RUE DE BASSANO",,,,750
200500082194,5,12,12,650,5,2,1,1.0,3.0,181.0,LOUIS BLANC (QUAI),,,,720
200800075294,8,4,28,1630,1,1,1,1.0,1.0,114.0,,A,0.0,0,971
200900038246,9,1,7,1705,1,2,1,1.0,7.0,184.0,"1, CHATEAU D'EAU (RUE DU",M,0.0,0,420
201600007007,16,7,17,1430,1,1,1,1.0,6.0,328.0,N4,M,4874328.0,452449,510
201300029857,13,1,5,1820,3,1,1,2.0,3.0,375.0,CD 957,M,5041849.0,326753,590
201100060308,11,12,14,2030,5,2,5,1.0,3.0,111.0,"37, RUE OBERKAMPF",,,,750
200500085369,5,5,6,1615,1,2,3,1.0,3.0,112.0,,A,0.0,0,971
200500080521,5,12,18,1335,1,1,1,1.0,7.0,96.0,CHATRES (ROUTE DE LA ),,,,230
200600074819,6,12,7,1237,1,1,1,2.0,7.0,537.0,00 - sens paris/province,M,0.0,0,780
200500048330,5,8,1,1200,1,2,1,7.0,7.0,229.0,"CV2 AU LIEU DIT ""BOIS1""",M,0.0,0,490
201100021188,11,11,25,30,5,2,2,1.0,3.0,75.0,"85, FR?D?RIC CHEVILLON (",M,4334746.0,546375,130
201400034633,14,4,24,745,1,2,1,1.0,6.0,12.0,"16, RUE DU BEULET",,,,740
200800041519,8,7,18,650,2,2,1,1.0,6.0,78.0,"108, PARIS (rue de )",,,,940
200800046270,8,8,7,200,5,1,1,1.0,6.0,64.0,,M,4491300.0,442900,70
201100043785,11,3,29,1955,3,1,1,2.0,1.0,133.0,POITIERS (AVENUE DE),,,,860
200500038099,5,6,18,1515,1,1,1,1.0,7.0,331.0,,M,0.0,0,490
200800016708,8,3,24,2215,3,1,1,1.0,7.0,258.0,,M,0.0,0,300
200900006287,9,3,4,1700,1,2,1,1.0,2.0,136.0,"09, OISEAUX (DES)",M,4.0,0,660
200900045759,9,10,12,716,1,2,2,1.0,3.0,482.0,"SPV, QUAI KLEBER",M,0.0,0,670
201100015436,11,4,28,1725,1,2,1,1.0,6.0,83.0,"39BIS, CASTAGNINS (ROUTE",,,,60
200800008455,8,2,21,2315,5,2,2,1.0,3.0,261.0,LECLERC (PLACE DU MARECH,,,,370
201000046858,10,3,7,120,3,1,1,1.0,2.0,103.0,"01, CD 19",,,,910
201100021571,11,9,25,1950,5,1,1,1.0,2.0,26.0,VALAMPE LA (ZI),,,,130
200600013146,6,3,7,1340,1,2,2,1.0,3.0,482.0,"00, HERON (RUE DU)",,,,670
200500033636,5,6,3,605,2,2,4,1.0,6.0,238.0,"195, NANTES (DE)",,,,350
200500005192,5,1,29,2105,3,2,1,1.0,2.0,371.0,SAINT BLANDIN,,,,770
200800044129,8,8,13,1552,1,2,1,1.0,2.0,85.0,"24, VIGENAL (BOULEVARD D",,,,870
200500058168,5,9,10,1210,1,2,1,3.0,6.0,63.0,"21, RUE FONDAUDEGE",,,,330
200700008040,7,2,6,715,2,2,1,8.0,3.0,55.0,"108, CORDERIE (BOULEVARD",,,,130
200500042139,5,7,15,815,1,2,1,1.0,6.0,531.0,RD995,M,4878700.0,490800,510
201600042951,16,1,4,1245,1,2,3,1.0,6.0,65.0,DE GAULLE / DAME,M,4874900.0,235125,940
201100043208,11,7,23,1400,1,2,1,1.0,3.0,126.0,"inconnu, MENDES FRANCE (",,,,830
201100014612,11,1,10,1550,1,2,1,8.0,6.0,4.0,"2222, SAINT CLAUDE CH.DE",,,,60
201200055133,12,7,31,730,1,2,7,1.0,7.0,109.0,"5, RUE AUBER",,,,750
201400024507,14,9,8,1140,1,2,2,1.0,6.0,63.0,RUE EDMOND COSTEDOAT,,,,330
201100025897,11,1,31,1655,1,2,1,1.0,6.0,7.0,"., TRESPEAUX (CHEMIN DE)",,,,300
201300034084,13,4,28,130,5,1,1,2.0,6.0,550.0,ROCADE OUEST - RD 457,,,,700
201000020027,10,11,7,10,3,1,1,5.0,6.0,4.0,RD 453,M,4365400.0,466999,130
200600054062,6,9,21,912,1,2,2,1.0,6.0,189.0,"..., CADEREAU  (RUE)",,,,300
200900016405,9,5,4,2227,5,2,1,1.0,3.0,56.0,CHURCHILL BD WINSTON,,,,250
201200053783,12,6,21,1650,1,2,4,1.0,2.0,109.0,"65 bis, RUE LA FAYETTE",,,,750
201500016467,15,6,3,1455,1,2,2,1.0,3.0,117.0,TROARN (AVENUE DE),,,,140
200700062914,7,10,31,1300,1,2,2,1.0,3.0,85.0,"SANS, ORLEANS (AVENUE D'",,,,280
201300013606,13,8,14,1745,1,2,1,1.0,2.0,5.0,SALENGRO (AVENUE ROGER),M,4330336.0,557162,130
200600033273,6,6,8,1810,1,2,1,1.0,3.0,85.0,"SANS, COURTILLE (BOULEVA",,,,280
200700023246,7,4,25,1142,1,2,1,1.0,3.0,20.0,146 AV GAMBETTA,,,,750
200600015331,6,3,16,745,1,1,1,1.0,2.0,199.0,A7,,,,690
200600006444,6,2,18,1630,1,1,1,2.0,7.0,61.0,restière du lac Francais,M,4575000.0,30800,160
200700053106,7,9,1,930,1,1,1,1.0,1.0,80.0,,M,4466900.0,90900,240
201100017850,11,4,8,1915,1,1,1,1.0,1.0,29.0,,M,0.0,0,130
201400004103,14,12,23,2200,5,1,6,5.0,6.0,315.0,,M,0.0,0,810
200500062536,5,10,7,1815,1,2,9,5.0,2.0,143.0,RUE D ENENCOURT,M,0.0,0,600
200700063875,7,10,11,1230,1,2,2,1.0,3.0,578.0,"1, JARDIN BOTANIQUE (RUE",,,,540
200800061011,8,10,14,1400,1,1,1,1.0,7.0,490.0,RN12 EXT,,,,780
201600047268,16,1,7,1410,1,1,1,8.0,4.0,345.0,AUTOROUTE A6,M,4868699.0,232585,910
201300020599,13,7,28,445,5,2,6,1.0,7.0,278.0,Bd CHARNER,M,4850802.0,-276446,220
201100026680,11,6,27,1545,1,1,1,1.0,6.0,555.0,VA007331 A620,,,,310
201600048703,16,10,31,1530,1,1,3,1.0,3.0,382.0,"11, CELESTINS (DES)",M,4575982.0,483037,690
201200030146,12,9,5,1755,1,2,1,7.0,2.0,602.0,BOULEVARD DE L'EST,M,4963630.0,-159863,500
200800037093,8,7,6,1745,1,1,1,2.0,3.0,298.0,,M,4877200.0,529300,550
200800064015,8,11,18,1110,1,1,1,2.0,1.0,339.0,CD 700,,,,590
200600081110,6,4,30,2145,5,1,1,1.0,6.0,219.0,,A,0.0,0,972
200800058528,8,10,24,1435,1,2,1,1.0,2.0,448.0,"2, BELLE FORET SUR MARNE",,,,520
201400021162,14,6,24,1026,1,2,1,1.0,6.0,56.0,"17, EDISON RUE THOMAS",M,4723026.0,597108,250
201600037871,16,10,14,1710,5,2,3,1.0,3.0,24.0,"67, GENERAL LECLERC (BD",,,,920
200800007342,8,2,1,930,1,2,1,1.0,3.0,30.0,POMPIDOU (AVENUE GEORGES,,,,60
200900009164,9,6,18,1805,1,2,1,1.0,6.0,107.0,"7, PLACE DE FONTENOY",,,,750
200800008718,8,2,8,1325,1,2,1,1.0,6.0,130.0,RD 900,,,,530
201300034808,13,6,1,1600,1,2,3,1.0,2.0,540.0,"136, AV DES CANADIENS",M,4941786.0,107680,760
200800018949,8,4,26,1350,1,2,1,1.0,5.0,409.0,"3, PHILIPPOTEAUX (AVENUE",,,,80
200700024036,7,4,29,1455,1,2,2,1.0,2.0,24.0,"90, MARTRE (RUE) DE (59",,,,920
201300048337,13,2,23,55,5,2,2,1.0,6.0,383.0,RUE DUGUESCLIN,,,,690
200900033567,9,1,13,1800,5,2,1,1.0,7.0,51.0,"151, CHARLES DE GAULLE (",,,,920
200900064034,9,7,7,1510,1,2,1,1.0,2.0,184.0,CHARLES DE GAULLE(AV),,,,420
200500034138,5,6,24,1120,1,1,2,1.0,3.0,51.0,DEPARTEMENTALE 13,,,,540
201000065031,10,10,12,1230,1,2,1,1.0,6.0,117.0,"38, BOULEVARD DES BATIGN",,,,750
201600017539,16,8,20,1445,1,2,1,1.0,3.0,636.0,Route Départementale 932,M,4947736.0,286742,600
201600004844,16,3,16,810,1,2,3,1.0,6.0,722.0,1 rue de l arquebuse,M,4937659.0,333254,20
201000047097,10,9,29,1500,1,2,1,1.0,2.0,201.0,GENERAL DE GAULLE(BOULEV,,,,910
200900061505,9,3,20,1740,1,2,1,1.0,6.0,47.0,FELIX GOUIN  AVENUE,,,,130
201400024520,14,9,10,830,1,2,3,1.0,6.0,522.0,"71, AVE MARECHAL LECLERC",,,,330
201500028130,15,7,12,1012,1,1,3,1.0,3.0,30.0,D1,M,4904948.0,401313,510
201200051120,12,4,12,825,1,1,1,1.0,1.0,33.0,ST FLORENT-ANCIENNE RT D,,,,202
200600069046,6,11,12,715,2,2,1,2.0,2.0,16.0,BPE MUETTE PASSY,,,,750
200900008056,9,1,3,1645,1,2,1,1.0,1.0,336.0,Les Chaubets - RD 117,M,4.0,0,90
200700025131,7,4,30,645,1,1,1,1.0,6.0,26.0,A55-Sens Martigues vers,,,,130
201200040550,12,11,16,1616,1,2,1,1.0,6.0,10.0,GAULARD (RUE),,,,900
201600046159,16,9,17,2040,3,1,1,1.0,4.0,36.0,AUTOROUTE A15,,,,920
201000068483,10,6,30,1930,3,2,1,1.0,1.0,13.0,ROUTE DEPARTEMENTALE 14,,,,972
200700037710,7,6,4,1407,1,2,4,1.0,3.0,78.0,BALLANGER (BD ROBERT),,,,930
200900041766,9,9,13,2115,3,1,3,1.0,5.0,218.0,les alouettes,M,4.0,0,190
201500050475,15,12,29,1938,3,1,1,1.0,2.0,55.0,A557-Liaison A7 Marseill,M,0.0,0,130
201200019113,12,10,11,1830,1,1,1,1.0,1.0,201.0,,M,4692900.0,630700,250
200600041421,6,7,17,1550,1,2,5,1.0,3.0,49.0,"17, POULET LANGLET (RUE)",,,,930
200500018759,5,4,8,1415,1,2,1,2.0,7.0,55.0,PLOMBIERES AERIEN,,,,130
200500031053,5,5,18,445,3,1,1,1.0,1.0,103.0,CD 19,,,,910
200600070795,6,11,18,823,1,1,1,1.0,7.0,72.0,N118,,,,920
200900035759,9,9,28,1610,1,2,4,1.0,7.0,134.0,KENNEDY (AVENUE DU PRESI,M,4.0,0,280
200500009937,5,2,23,800,1,2,1,4.0,3.0,28.0,MARAIS(CHEMIN DES),,,,940
200800031150,8,6,28,2245,5,2,1,1.0,3.0,73.0,avenue Charles de Gaulle,M,4541100.0,205100,190
200800038352,8,7,29,800,1,2,3,1.0,3.0,88.0,SLAMA (RUE MAURICE),,,,60
201400057593,14,10,18,215,5,2,1,1.0,3.0,112.0,AVENUE DE NOGENT,,,,750
201400003721,14,5,15,1715,1,1,1,1.0,3.0,60.0,,M,4317317.0,160460,90
201300048977,13,6,19,1445,1,2,5,1.0,3.0,387.0,PONT GALLIENI,,,,690
201400035352,14,6,23,900,1,2,1,1.0,3.0,108.0,GOURNAY (RUE DE),,,,770
200800052442,8,9,3,2015,2,2,1,1.0,6.0,4.0,"12, SAINT HONORAT RUE",,,,60
200500012631,5,3,19,445,3,1,1,5.0,6.0,274.0,,M,4703900.0,4500,860
201000047550,10,12,2,1500,1,2,1,1.0,6.0,477.0,"22, LOZERE (BOULEVARD DE",,,,910
201300014991,13,4,16,1250,1,2,1,1.0,3.0,55.0,"15, CHE DE SAINT LOUIS A",M,4335076.0,535424,130
201500039074,15,9,22,1640,1,2,1,1.0,2.0,62.0,DE DION BOUTON (QUAI) DU,,,,920
200500082811,5,12,24,1615,1,2,1,1.0,2.0,16.0,116 AV VICTOR HUGO,,,,750
200600071841,6,11,6,930,1,2,1,1.0,3.0,98.0,av raymond sommer,M,4373200.0,105200,310
200900034770,9,7,20,1725,1,2,1,1.0,1.0,325.0,BRECHIGNAC (CHEMIN),M,4.0,0,70
200900051175,9,4,17,1630,1,2,1,1.0,6.0,1.0,31 R GASTON CARRE,M,4.0,0,930
200900061021,9,9,27,530,5,2,1,1.0,6.0,65.0,"122, BROSSOLETTE",,,,620
201600036878,16,4,18,1750,1,2,1,1.0,6.0,377.0,"6, MEXIQUE (ALLEE DU)",M,4872939.0,228484,910
200800025903,8,5,28,1925,2,2,1,2.0,6.0,4.0,"124, VOLTAIRE ( BD )",,,,920
200500028272,5,5,27,1245,1,2,1,1.0,6.0,555.0,"70, BAYARD (RUE DE) DU 1",,,,310
200800042459,8,7,12,1220,1,2,1,1.0,6.0,117.0,"173, AVENUE DE CLICHY",,,,750
200700016137,7,3,2,725,1,2,1,1.0,3.0,19.0,BPE VILLETTE AUBERVILLIE,,,,750
200500042387,5,7,22,900,1,1,1,1.0,1.0,17.0,,M,4757400.0,690700,900
201200002475,12,1,2,1330,1,2,1,1.0,1.0,250.0,56 RUE DES SABLES,M,0.0,0,850
201100040981,11,4,21,1905,1,2,1,1.0,2.0,351.0,QU LAMBLARDIE,M,4948970.0,11613,760
201300010158,13,6,25,1045,1,2,1,1.0,3.0,27.0,"73, BESSET AVENUE CYRILL",,,,60
201000032020,10,7,13,1350,1,1,3,1.0,3.0,122.0,BEAULIEU (RUE DE),M,4736200.0,66323,370
201400034355,14,2,5,1105,1,2,1,1.0,6.0,290.0,"60, RUE DE L EGALITE",,,,690
201000016683,10,6,2,335,5,2,2,1.0,6.0,88.0,"0, POTIERS (R. DES)",,,,60
201100031046,11,1,5,822,1,2,1,1.0,1.0,218.0,"17, DELORY GUSTAVE",M,4546281.0,440118,420
201000054544,10,6,21,1645,1,2,1,1.0,2.0,252.0,BEL-AIR (BOULEVARD DU),M,4898520.0,223930,950
201300016728,13,9,14,1615,1,2,1,1.0,6.0,587.0,"1, SOLOGNE (RUE DE)",,,,140
200600057376,6,9,14,1317,1,2,3,1.0,6.0,72.0,MAXIME GORKI (BOULEVARD),,,,930
201300013976,13,1,16,1700,2,2,1,1.0,3.0,55.0,"0, CHE DE SAINT ANTOINE",,,,130
201300022039,13,6,23,1715,1,1,1,3.0,2.0,161.0,,M,4751860.0,200677,410
200700047608,7,8,25,1715,1,1,1,1.0,6.0,232.0,,M,4847800.0,585800,880
201200028219,12,6,4,1840,1,2,1,1.0,6.0,44.0,"3, DE GAULLE (RUE CHARLE",M,4539584.0,432204,420
201000023193,10,9,6,930,1,2,6,1.0,6.0,71.0,"10, HUGO ( AVENUE VICTOR",,,,130
201200050750,12,7,7,1850,1,1,1,1.0,2.0,468.0,AUTOROUTE A6,,,,910
200900038386,9,3,21,1705,1,2,1,1.0,6.0,183.0,"1, GERVAIS (RUE ELISE)",M,4.0,0,420
201500021508,15,12,28,1820,5,2,1,3.0,1.0,19.0,"., EUROPE (DE 13 A 15)",M,4841574.0,-447363,290
200700030301,7,5,9,1550,1,2,1,6.0,7.0,297.0,"., FRERES VOISINS (PLACE",,,,780
200600083804,6,10,27,505,5,2,1,9.0,7.0,209.0,"85, CHATEAUBOEUF (ROUTE",,,,972
201400000021,14,7,2,1400,1,1,1,1.0,3.0,411.0,,M,0.0,0,590
200900022758,9,3,26,130,3,1,1,1.0,7.0,19.0,,M,0.0,0,60
200900048598,9,10,26,2030,3,1,1,1.0,3.0,193.0,,M,0.0,0,440
200600003184,6,1,4,1155,1,2,2,2.0,5.0,194.0,11 NOVEMBRE (AVENUE DU),,,,860
201500018870,15,8,18,400,4,2,6,1.0,7.0,103.0,ROUTE DU FAYET,M,0.0,0,740
200700060402,7,10,3,1645,1,1,1,2.0,1.0,301.0,,M,4336800.0,-65400,640
201300036096,13,11,30,1735,5,2,1,1.0,3.0,21.0,63 AVENUE ROGER DUMOULIN,,,,800
200700068190,7,11,14,1030,1,2,1,1.0,3.0,55.0,ALPHONSE DAUDET (RUE),,,,130
201200022731,12,2,17,1530,1,1,1,1.0,1.0,462.0,,M,5052311.0,300055,590
200500016061,5,3,12,1925,5,2,2,1.0,3.0,440.0,"., ARDENNES (BOULEVARD D",,,,650
200900054191,9,8,9,630,1,1,1,1.0,6.0,215.0,,M,4.0,0,340
201100065474,11,10,9,1215,1,2,1,1.0,6.0,14.0,Rue du p?re de LAPORTE -,R,0.0,0,974
201300028066,13,7,21,1815,1,2,1,1.0,7.0,328.0,D'ANJOU(RUE),M,4725648.0,-7153,490
201300000857,13,12,23,1815,3,1,1,3.0,6.0,11.0,,M,4838337.0,-137412,350
201300056311,13,3,14,800,1,2,1,1.0,7.0,120.0,PORTE DE MONTREUIL,,,,750
200800001218,8,1,22,730,2,1,1,1.0,1.0,402.0,,M,4882600.0,339300,770
201100010849,11,11,17,915,1,1,1,1.0,3.0,134.0,,M,0.0,0,890
200900055293,9,12,10,1715,2,2,1,8.0,6.0,527.0,rue des belle ouvriere,M,4.0,0,250
201500045928,15,9,29,830,1,1,1,1.0,7.0,582.0,AUTOROUTE A15,,,,950