Num_Acc,an,mois,jour,hrmn,lum,agg,int,atm,col,com,adr,gps,lat,long,dep
200800020231,8,4,10,1500,1,2,1,1.0,6.0,410.0,BAROEUL AVENUE DU,,,,590
201300056426,13,5,28,923,1,2,1,1.0,4.0,120.0,PORTE DES LILAS,,,,750
201200001045,12,10,25,1730,3,1,2,5.0,5.0,66.0,LES MURS,M,4834994.0,-249582,220
200900007331,9,1,3,1110,1,2,1,1.0,6.0,169.0,"27, AVENUE AMBROISE CROI",,,,380
200700011153,7,2,8,1900,5,2,1,2.0,1.0,21.0,RUE PAUL HOCHART,,,,940
201600022727,16,2,1,830,1,2,1,1.0,2.0,149.0,"999, SALVETAT (CHEMIN DE",,,,310
200600031473,6,6,15,2030,1,1,1,1.0,6.0,527.0,,M,0.0,0,250
200800029633,8,6,13,1145,1,2,1,1.0,6.0,178.0,rue francois SQUIBAN,M,0.0,0,290
200700040355,7,7,1,1515,1,2,1,1.0,4.0,256.0,117 rue du Mont-Blanc,M,0.0,0,740
201100053243,11,11,5,815,1,1,1,1.0,7.0,73.0,A86 INT,,,,940
201000061588,10,10,5,1901,5,2,2,2.0,4.0,108.0,"69, BOULEVARD DE COURCEL",,,,750
201600056278,16,7,27,1730,1,2,5,1.0,2.0,119.0,"63, AVENUE MATHURIN MORE",M,4887890.0,237847,750
200500046067,5,7,12,1925,1,2,3,1.0,6.0,18.0,BD NEY R CHARLES LAUTH,,,,750
200700080039,7,12,22,1515,1,2,5,1.0,3.0,598.0,KELLERMANN    AVENUE,,,,950
200600008907,6,2,10,1330,1,1,1,1.0,3.0,515.0,RN 30,,,,590
201600028199,16,7,13,1545,1,2,2,1.0,3.0,108.0,4 BD J. GRANDTHILLE,M,4896062.0,436130,510
200500022908,5,4,19,545,2,1,1,1.0,6.0,134.0,,M,0.0,0,760
200500065368,5,10,20,745,1,2,4,1.0,6.0,55.0,JEANNE D'AR (BD),,,,130
200900051598,9,5,25,710,1,1,1,1.0,3.0,32.0,ROUTE NATIONALE 113 - 9,,,,340
200700034832,7,6,2,1750,1,2,1,1.0,3.0,300.0,"36, DURAND   QUAI LOUIS",,,,170
200500065077,5,10,27,1230,1,2,3,1.0,3.0,60.0,"000, LISIERE (RUE DE LA)",,,,100
201200000259,12,8,25,1600,1,2,1,1.0,1.0,844.0,rue principale,M,0.0,0,620
201300000590,13,2,23,1800,1,1,1,8.0,7.0,514.0,,M,4936593.0,117668,760
200700032703,7,6,18,2015,1,1,1,1.0,3.0,63.0,,M,4421100.0,135600,460
201000042253,10,9,10,2355,5,2,1,1.0,5.0,181.0,DURAND GEORGES (AV) N° I,,,,720
201000006599,10,6,10,1630,1,1,1,1.0,7.0,218.0,,M,4299300.0,37400,650
201400032763,14,6,4,1125,1,2,1,1.0,2.0,260.0,EMPEREUR (BOULEVARD DE ),M,4335058.0,-176991,640
201200055800,12,9,25,1010,1,2,1,1.0,6.0,111.0,"81, BOULEVARD VOLTAIRE",,,,750
201300012337,13,9,29,2330,3,1,1,2.0,3.0,316.0,,M,4754042.0,397433,890
200800051288,8,9,26,405,5,2,2,1.0,3.0,482.0,"0, COLMAR (AVENUE DE)",,,,670
201200039551,12,7,5,1630,1,2,3,1.0,6.0,137.0,"7, MASSENA (RUE)",,,,830
200700066009,7,10,18,1730,1,2,1,1.0,3.0,598.0,"96, MONTMORENCY   RUE DE",,,,950
201300027085,13,5,8,1000,1,2,6,2.0,6.0,109.0,"0, BOULEVARD DU TERTRE",,,,440
201400050455,14,10,1,2120,5,2,1,1.0,6.0,388.0,AVENUE DES FRERES LUMIER,,,,690
201400053326,14,1,26,2000,5,2,1,2.0,6.0,110.0,"191, RUE LA FAYETTE",,,,750
200800074489,8,1,28,1715,1,1,1,1.0,1.0,204.0,,A,0.0,0,972
200600004065,6,1,22,520,5,1,1,1.0,6.0,66.0,AUTOROUTE A1,,,,930
201000032154,10,6,24,1330,1,2,2,1.0,3.0,169.0,"00, AVENUE ARISTIDE BRIA",M,4518910.0,569889,380
200900067273,9,12,17,1745,5,2,1,1.0,6.0,88.0,"0, VOIE ROMAINE (AV. DE",,,,60
200600015107,6,3,23,815,1,1,1,1.0,2.0,10.0,AUTOROUTE A3,,,,930
200900024568,9,7,30,2215,5,2,1,1.0,3.0,7.0,PERI (PLACE GABRIEL),,,,300
200500070369,5,11,22,815,2,1,1,1.0,7.0,756.0,,M,4980000.0,332300,20
201300037227,13,6,27,1449,1,1,1,1.0,2.0,65.0,AUTOROUTE A20,,,,870
200600067897,6,11,17,1320,1,2,2,1.0,2.0,350.0,"62, DESTAILLEURS RUE",,,,590
200600031585,6,6,25,1930,1,2,1,1.0,3.0,79.0,,M,4354700.0,693600,60
201100041314,11,6,23,1120,1,2,3,1.0,2.0,131.0,"67, GENERAL LECLERC (RUE",,,,770
200800061392,8,10,27,922,1,1,1,1.0,6.0,215.0,A7-Sens Marseille vers L,,,,130
200500014891,5,3,26,1415,1,2,1,2.0,7.0,189.0,UZES (ROUTE D'),,,,300
200700012541,7,3,18,700,1,1,1,1.0,7.0,196.0,,M,0.0,0,260
201600057948,16,12,9,530,1,2,1,1.0,7.0,607.0,RN2 TSARARANO,M,0.0,0,976
200500080793,5,12,17,104,5,2,1,8.0,2.0,555.0,"44, BD LASCROSSES",,,,310
201600014443,16,4,9,350,5,1,1,1.0,6.0,55.0,"00, JEAN MOULIN*(BOULEVA",M,4329118.0,540005,130
201100019487,11,2,5,1300,1,2,1,1.0,6.0,55.0,"2, RUE SAINTE CECILE",M,4328687.0,539054,130
200800075291,8,4,2,1545,1,1,1,1.0,3.0,127.0,,A,0.0,0,971
201000009249,10,1,9,430,3,1,1,4.0,7.0,712.0,,M,0.0,0,570
201400057254,14,11,27,1700,1,2,1,1.0,3.0,120.0,"137, AVENUE GAMBETTA",,,,750
201600003079,16,4,16,1100,1,1,1,1.0,5.0,234.0,RD 946,M,4352118.0,-47919,640
201100004159,11,5,22,1215,1,1,1,1.0,2.0,221.0,,M,0.0,0,330
201300004660,13,5,20,1115,1,1,1,1.0,3.0,207.0,,M,0.0,0,70
200700079958,7,12,8,1720,4,2,1,2.0,6.0,52.0,JOINVILLE (AV DE),,,,940
201200004924,12,5,16,700,1,1,1,1.0,6.0,342.0,,M,0.0,0,70
201100023358,11,5,16,1028,1,2,1,1.0,6.0,33.0,"40, TURLY (RUE DE)",M,4709740.0,241297,180
200700000701,7,1,13,815,1,1,1,1.0,1.0,231.0,,M,4511200.0,504800,260
200600058735,6,10,22,820,1,1,1,1.0,6.0,230.0,CD 709 PK 0+425,M,0.0,0,160
201300051021,13,10,1,1205,1,2,7,1.0,3.0,106.0,BOULEVARD SAINT GERMAIN,,,,750
201400036327,14,4,16,1830,1,2,1,1.0,3.0,21.0,RUE LEGRAND D' AUSSY,M,4989125.0,231188,800
201200061026,12,9,30,1515,1,2,1,1.0,2.0,17.0,"RN 5, station Esso",A,0.0,0,972
201500045142,15,1,30,1524,1,1,1,1.0,2.0,5.0,AUTOROUTE A3,M,4894750.0,247586,930
200800048956,8,9,27,2030,2,1,1,1.0,7.0,193.0,,M,4765300.0,-154500,440
200500051740,5,8,20,25,3,1,1,1.0,6.0,79.0,RN 57,,,,540
201600022549,16,10,6,2345,3,1,1,1.0,1.0,274.0,,M,0.0,0,630
200500065622,5,10,12,1440,1,2,3,1.0,2.0,231.0,"33, CORVEE (DE LA) (RUE)",,,,210
201500025965,15,12,3,1615,1,2,1,1.0,6.0,185.0,AV JULES VALLES,M,4517891.0,575111,380
200900052822,9,7,24,535,3,1,3,1.0,3.0,4.0,RD 453,M,4.0,0,130
200500013497,5,3,1,1915,3,1,1,1.0,6.0,316.0,,M,4432000.0,402000,300
201000014781,10,3,22,1030,1,1,1,1.0,6.0,348.0,,M,4873240.0,117649,280
201000035747,10,11,16,2020,5,2,3,1.0,2.0,395.0,"22, PIXERECOURT (RUE GUI",,,,540
200700069772,7,11,13,1655,5,2,1,3.0,3.0,599.0,GRAMME (CHAUSSEE),,,,590
201500057130,15,9,14,1315,1,2,1,7.0,6.0,418.0,,R,0.0,0,974
200800056631,8,10,14,815,1,2,1,1.0,3.0,279.0,RTE DE ST VICTOR,M,4549800.0,426400,420
200900070179,9,4,21,1900,1,2,2,1.0,3.0,217.0,"1, RUE JOSEPH BRANTHOMME",,,,760
200500029409,5,5,5,1920,1,2,1,1.0,6.0,617.0,"19, BOULOGNE (RUE DE)",,,,620
200500048115,5,8,31,1230,1,2,1,1.0,3.0,213.0,,M,0.0,0,220
201400050362,14,12,14,1226,1,1,1,1.0,2.0,387.0,BOULEVARD CHAMBAUD DE LA,,,,690
201500029561,15,10,15,1540,1,2,1,2.0,3.0,17.0,"10, GAMBETTA  (RUE)",,,,590
201000022424,10,10,10,1815,2,2,3,1.0,2.0,55.0,"1, RUE DES DOMINICAINES",M,4330010.0,537640,130
200800002769,8,1,16,1235,1,2,1,1.0,1.0,149.0,"39, BOULEVARD VICTOR HUG",,,,310
201100039344,11,2,10,710,2,2,6,8.0,1.0,271.0,"1A, MULHOUSE (RUE DE)",M,4775650.0,737883,680
201100058124,11,3,8,1725,1,2,1,1.0,6.0,103.0,"102, RUE VIEILLE DU TEMP",,,,750
200900006696,9,4,11,1345,1,2,1,1.0,1.0,636.0,RUE PASTEUR,M,0.0,0,510
200900017903,9,2,6,1330,1,1,1,1.0,1.0,71.0,*CHEMIN DEPARTEMENTAL 6,,,,130
201000049666,10,5,2,2135,5,2,3,2.0,7.0,73.0,"41, BAS ROGERS (RUE DES)",,,,920
200700052513,7,8,14,825,1,2,3,1.0,6.0,555.0,"36, AV DES MINIMES",,,,310
200900014213,9,1,30,1030,1,2,1,1.0,6.0,27.0,"110, NICE AVENUE DE (RN7",,,,60
201400002872,14,10,19,900,1,1,1,1.0,6.0,101.0,,M,4445500.0,14981,470
201200034592,12,1,20,1445,1,2,1,1.0,2.0,445.0,04 COURS LEON BERARD,,,,640
200900003297,9,1,20,1615,1,2,1,1.0,3.0,60.0,avenue de la vistrenque,M,4.0,0,300
201000039533,10,9,29,1510,1,2,2,1.0,3.0,122.0,AV PASTEUR/AV SABAOU,M,4347440.0,-155037,640
201100025679,11,11,17,815,1,1,1,1.0,2.0,469.0,,M,4804083.0,504837,520
200600023545,6,5,27,1800,1,1,1,1.0,1.0,266.0,pont bonen,M,0.0,0,220
200800002076,8,1,23,1205,1,2,1,1.0,7.0,88.0,"121, MADELEINE (BD DE LA",,,,60
200500022251,5,4,6,850,1,2,1,1.0,6.0,74.0,ERABLES (R DES),,,,940
201100018042,11,9,4,1730,1,1,1,3.0,6.0,127.0,,M,4310800.0,33900,650
201300034877,13,9,13,400,5,2,1,1.0,6.0,540.0,PONT PIERRE  CORNEILLE,M,4943611.0,109575,760
201100011306,11,7,2,1616,1,1,1,1.0,7.0,87.0,,M,4768300.0,693500,900
200500046886,5,7,9,2130,2,1,1,1.0,7.0,421.0,NATIONALE 6 (GLACIERE),,,,910
201200009330,12,5,27,1100,1,1,1,1.0,7.0,169.0,,M,0.0,0,202
201200014905,12,3,3,2000,3,2,1,1.0,7.0,55.0,"40, AVE COLGATE",M,,,130
201600036889,16,8,9,1750,1,2,1,1.0,6.0,377.0,"12, AMPERE (RUE)",M,4872217.0,226286,910
201000042886,10,4,28,1630,1,2,1,1.0,6.0,540.0,"01, BOURSE. QUAI (HAUT)",,,,760
200700022280,7,4,22,1050,1,2,3,1.0,3.0,378.0,CHARCOT RUE DU DOCTEUR N,,,,590
201600054489,16,3,24,1615,1,2,2,1.0,6.0,115.0,RUE DES VOLONTAIRES,M,4884150.0,230792,750
201000043415,10,2,5,2039,5,2,2,1.0,3.0,53.0,"178, GENERAL LECLERC (RU",,,,770
201300036828,13,8,24,2130,5,2,2,1.0,3.0,191.0,RUE DU MARECHAL FOCH,M,4667204.0,-142748,850
201600021775,16,4,13,1630,1,1,1,1.0,1.0,285.0,,M,4774989.0,-194988,350
201200037144,12,1,21,315,5,2,1,1.0,6.0,351.0,114 CRS DE LA REPUBLIQUE,M,4949782.0,12830,760
200700080012,7,12,11,1745,3,2,5,3.0,6.0,18.0,", ALLEMANE (BOULEVARD JE",,,,950
200900006096,9,5,12,1550,1,2,1,1.0,6.0,119.0,"36, AVENUE DE LAUMIERE",,,,750
200600076423,6,12,8,745,5,2,2,3.0,6.0,238.0,"00, CHURCHILL (AVENUE SI",,,,350
201300047551,13,5,30,755,1,1,1,2.0,3.0,103.0,RN 104,,,,910
201500006482,15,6,19,745,1,1,6,1.0,3.0,140.0,D386/D980,M,4918380.0,385161,510
200800035735,8,6,18,1525,1,2,1,1.0,6.0,119.0,"157, AVENUE DE FLANDRE",,,,750
201000049757,10,10,6,1610,1,2,1,2.0,3.0,75.0,BD DU LYCEE,,,,920
200600042343,6,7,27,1700,1,1,1,1.0,1.0,464.0,t LANCHERES à ST BLIMONT,M,0.0,0,800
201600003370,16,9,25,2115,5,1,6,1.0,1.0,140.0,,M,4590260.0,-125233,170
201100035358,11,4,10,1240,1,2,2,1.0,6.0,368.0,BRIAND ARISTIDE RUE,,,,590
200900056858,9,8,5,1040,1,1,1,1.0,3.0,438.0,RD10P,,,,770
201100006629,11,4,12,1615,1,2,1,1.0,3.0,190.0,CD 26 route de TOULOUSE,M,0.0,0,820
201000058357,10,3,4,1828,1,2,2,1.0,3.0,384.0,"17, QUAI JOSEPH GILLET",,,,690
201300050776,13,3,23,1700,1,2,7,1.0,2.0,105.0,"47 ter, BOULEVARD SAINT",,,,750
201400040686,14,7,21,1225,1,2,3,1.0,3.0,51.0,"03, RICHARD WALLACE (BOU",,,,920
201100040375,11,7,2,2010,1,2,2,1.0,7.0,181.0,MIROIR (RUE DU),,,,720
200700068434,7,11,20,1248,1,2,1,8.0,6.0,231.0,"41, UNIVERSITE (DE L') (",,,,210
200900016694,9,4,29,1140,1,1,1,2.0,6.0,226.0,Autoroute A30,,,,570
201000062655,10,2,3,820,1,2,2,2.0,6.0,112.0,"26, AVENUE DU GENERAL MI",,,,750
201300025750,13,1,22,1710,2,2,2,2.0,3.0,261.0,AV DE LA REPUBLIQUE,,,,370
201000036112,10,10,26,1259,1,2,1,1.0,5.0,98.0,"10, DE GAULLE ( AV. GENE",M,4776267.0,-333160,560
200900009458,9,6,29,1850,1,2,1,1.0,6.0,118.0,PORTE DE LA CHAPELLE,,,,750
201000027744,10,7,29,935,1,2,1,1.0,6.0,189.0,"3, MONTAURY (RUE)",M,4383465.0,434763,300
201500055271,15,9,30,840,1,2,1,1.0,6.0,119.0,"145, AVENUE JEAN JAURES",,,,750
200700006346,7,2,26,945,1,1,1,1.0,3.0,145.0,,M,0.0,0,610
200800053592,8,9,11,2020,3,1,1,3.0,4.0,345.0,AUTOROUTE A6,,,,910
200600025176,6,5,25,115,3,2,1,2.0,6.0,388.0,Côte du parc,M,4902800.0,197300,950
200800054957,8,10,5,1445,1,1,1,3.0,1.0,560.0,,M,5083100.0,170300,620
200600035019,6,6,1,1030,1,2,1,1.0,2.0,16.0,76 AV PAUL DOUMER,,,,750
200900039067,9,7,14,1045,1,1,1,1.0,3.0,460.0,,M,0.0,0,650
200500023682,5,4,30,1515,1,2,1,1.0,1.0,154.0,ROUTE DE PRES PARRAU,M,4640200.0,666100,740
201500053979,15,2,14,1910,5,2,7,1.0,2.0,116.0,PLACE DE LA PORTE MAILLO,,,,750
201000033144,10,9,29,1720,1,2,1,1.0,6.0,41.0,DUPUY (av CHARLES),,,,430
200700018545,7,4,14,1600,1,2,1,1.0,3.0,306.0,rue des Moissons,M,0.0,0,270
201400004275,14,7,25,1045,1,1,2,3.0,3.0,186.0,,M,0.0,0,820
201200001817,12,7,8,1100,1,2,2,1.0,3.0,256.0,Carrefour D240 et D16,M,4868300.0,9000,610
201100006757,11,8,14,1700,1,1,1,7.0,6.0,227.0,,M,0.0,0,690
200500055805,5,9,26,905,1,2,2,9.0,3.0,60.0,nt le 13 rue de l'Eglise,M,0.0,0,770
201300057635,13,5,24,920,1,2,1,1.0,6.0,9.0,"RD13, CHATEAUBOEUF (ROUT",A,0.0,0,972
201000022432,10,11,10,2030,5,2,1,1.0,6.0,55.0,"11, RUE PARADIS",,,,130
201100007286,11,5,16,1815,1,1,1,1.0,6.0,220.0,,M,0.0,0,260
201500007920,15,8,19,2345,3,2,1,1.0,6.0,121.0,649 RTE d'entrecasteaux,M,0.0,0,830
200500086854,5,10,27,650,1,2,2,1.0,3.0,407.0,DE GAULLE(RUE),,,,974
200800031504,8,6,13,1015,1,2,1,1.0,6.0,202.0,SAINT PIERRE (ROUTE DE),,,,120
201200037768,12,10,21,1625,1,1,2,1.0,3.0,186.0,RD142,,,,770
200700063900,7,10,26,1625,1,2,2,1.0,6.0,578.0,"1, LECLERC (AVENUE DU GE",,,,540
201200005265,12,10,1,2130,5,2,1,1.0,3.0,374.0,ROUTE D ARCISSE,M,4564600.0,530214,380
201000013752,10,5,2,1830,1,1,1,1.0,7.0,355.0,20,M,0.0,0,202
201500047767,15,10,19,1736,1,2,2,1.0,6.0,37.0,PAOLI DU NR 21 AU 45 -BL,M,0.0,0,202
201100062559,11,5,28,1745,1,2,4,1.0,3.0,117.0,"59, AVENUE DE SAINT OUEN",,,,750
201200025019,12,4,24,630,2,2,1,2.0,2.0,63.0,RUE CLAUDE BONNIER,,,,330
201100036481,11,11,12,1635,1,2,1,1.0,6.0,459.0,"000, MITTERAND (Fran?ois",,,,590
200800046382,8,8,4,1600,1,1,1,1.0,1.0,184.0,,M,4473800.0,223300,150
201100031918,11,10,6,1735,1,2,1,1.0,6.0,184.0,"293, LAENNEC (BD DU DR R",,,,440
200800015309,8,3,22,1600,1,2,1,8.0,6.0,118.0,"43, RUE ORDENER",,,,750
200600076151,6,12,19,1055,1,2,1,1.0,3.0,555.0,"41, BD DE STRASBOURG",,,,310
200900033086,9,9,2,1715,1,2,1,1.0,2.0,454.0,AVENUE DE CHAMPAGNE,,,,510
200700053287,7,9,1,1000,1,1,1,1.0,6.0,219.0,,M,0.0,0,120
201300001917,13,7,11,100,3,2,1,1.0,6.0,165.0,6 rue du commerce,M,4717221.0,-89150,490
201100057440,11,2,16,15,3,1,1,2.0,6.0,71.0,A7-Sens Lyon vers Marsei,,,,130
201600017047,16,11,1,1145,1,1,1,1.0,6.0,106.0,,M,4567960.0,128037,870
200600048224,6,8,4,1634,1,2,2,1.0,3.0,330.0,"0000000001, SOULIE LOUIS",,,,420
201000009778,10,11,5,2300,4,1,1,1.0,1.0,369.0,,M,4788930.0,674935,880
201400049897,14,3,8,1855,1,1,1,1.0,6.0,318.0,ROCADE A 630,,,,330
201400053771,14,7,22,1910,1,2,2,1.0,3.0,111.0,"57, RUE DE MALTE",,,,750
200800030107,8,6,30,1930,1,1,1,1.0,4.0,177.0,,M,0.0,0,690
200600078867,6,12,1,1615,1,1,1,1.0,5.0,35.0,"000, CHEVAL BLANC-RD 973",,,,840
200700036719,7,6,1,1120,1,2,1,1.0,2.0,17.0,147 AV DE VILLIERS,,,,750
201600002686,16,5,17,830,1,1,1,1.0,7.0,104.0,,M,0.0,0,330
200700006964,7,2,15,630,3,1,1,9.0,3.0,370.0,,M,4979100.0,448900,80
200900065961,9,9,14,2122,5,1,1,3.0,6.0,37.0,AUTOROUTE A6A,M,4.0,0,940
201000028804,10,1,30,1840,5,2,1,1.0,3.0,192.0,"9, CRS DU GENERAL DE GAU",,,,330
200700064654,7,10,10,2020,5,2,1,1.0,6.0,65.0,JAURES JEAN (AVENUE),,,,730
201000020284,10,10,19,1220,1,2,1,1.0,3.0,54.0,HUIT MAI 1945  AVE DU,,,,130
200600044198,6,7,25,1130,1,2,1,1.0,1.0,37.0,Avenue de l'esparrou,M,0.0,0,660
201500041018,15,10,14,1611,1,2,1,1.0,3.0,51.0,"2, MARECHAL JUIN (AVENUE",,,,930
200700060882,7,10,8,1830,1,1,1,1.0,7.0,103.0,,M,4824500.0,628200,880
201200053382,12,10,31,1130,1,1,1,2.0,4.0,70.0,A52-SENS PONT DE L'ETOIL,M,4339420.0,558291,130
200900072637,9,2,22,1610,1,2,3,1.0,6.0,9.0,"240, Grand Canal ( chemi",,,,974
201400036601,14,7,8,1804,1,1,1,1.0,2.0,141.0,RD 1555 (DRAGUIGNAN/ LE,,,,830
200900045597,9,8,29,645,2,2,1,1.0,6.0,194.0,"249, FAUBOURG PONT NEUF",,,,860
201300041521,13,6,6,1700,1,2,3,1.0,7.0,31.0,"133, SAINT LEU (ROUTE DE",,,,930
201600015402,16,8,23,1630,1,2,1,1.0,6.0,55.0,"00, THUBANEAU (RUE)",M,4329805.0,537993,130
201400035528,14,3,2,1625,1,2,6,1.0,7.0,122.0,ANDRE MALRAUX (AVENUE),,,,770
201600053133,16,7,16,2030,1,2,1,1.0,3.0,111.0,"48, RUE JEAN PIERRE TIMB",M,4886640.0,237252,750
200500070118,5,10,30,512,2,1,1,1.0,6.0,318.0,AUTOROUTE,,,,330
200700029707,7,5,8,1027,1,2,1,2.0,3.0,6.0,21 QU MALAQUAIS,,,,750
200500041944,5,7,23,1030,1,1,3,1.0,3.0,268.0,,M,4516200.0,413300,430
200700070343,7,11,21,1745,2,2,1,1.0,7.0,383.0,"10, VENDEE (AVENUE DE)",,,,780
201100061654,11,7,31,1215,1,2,3,1.0,6.0,115.0,"11, RUE DU COMMERCE",,,,750
201300004552,13,7,17,2245,3,1,1,1.0,6.0,434.0,,M,4597720.0,509300,10
201000006502,10,8,12,1945,1,1,1,1.0,6.0,175.0,,M,4463490.0,196785,460
201300027054,13,3,28,2009,2,2,1,1.0,3.0,109.0,"44, RUE DES 3 ROIS",,,,440
201100052606,11,12,11,2110,3,2,1,3.0,1.0,585.0,AV DIVISION LECLERC,M,4898210.0,237010,950
200500053973,5,8,23,920,1,1,1,1.0,6.0,5.0,A501-Sens Aubagne vers P,,,,130
201100029088,11,11,1,1135,1,1,1,8.0,1.0,108.0,"0, RD 612",,,,340
201000059637,10,11,23,1105,1,2,3,1.0,2.0,389.0,"0, RUE LOUIS JUTTET",,,,690
201600021929,16,9,25,1340,1,2,6,1.0,2.0,19.0,"., PEN AR CH'LEUZ",M,4841533.0,-447950,290
201000045910,10,2,15,1730,1,2,6,1.0,6.0,194.0,"., GUILLAUME BOUCHET (RU",,,,860
201200001299,12,6,16,1745,1,1,1,1.0,7.0,154.0,,M,0.0,0,560
200700071124,7,11,3,1444,1,2,1,1.0,6.0,66.0,DIX NEUF MARS 1962,,,,930
200700012781,7,3,11,1725,1,1,3,1.0,1.0,146.0,BOOFZHEIM  sur le CD 468,M,0.0,0,670
200900017333,9,7,25,1930,1,1,1,1.0,2.0,477.0,,M,4.0,-,640
201300046774,13,1,19,303,4,1,1,4.0,3.0,43.0,A13Y,,,,780
200800065007,8,11,25,1945,2,2,1,1.0,6.0,11.0,"0, VERDUN.(AVENUE DE)",,,,940
201400013376,14,4,16,1110,1,2,6,1.0,2.0,202.0,BEL AIR (CARREFOUR),M,4437340.0,254588,120
201100036663,11,1,22,1905,5,2,1,8.0,7.0,65.0,"31, LANNOY (RENE)",,,,620
200600016681,6,3,26,15,3,1,1,3.0,6.0,87.0,chemin des Clos,M,0.0,0,780
201600043470,16,12,17,2300,5,2,1,1.0,2.0,58.0,"77, ALSACE LORRAINE (BD",,,,940
201300051173,13,7,7,1920,1,2,1,1.0,7.0,107.0,"128, RUE DE L UNIVERSITE",,,,750
201400046530,14,5,5,1020,1,1,1,1.0,5.0,294.0,A104,,,,770
201400002998,14,10,24,1215,1,1,1,1.0,3.0,437.0,,M,0.0,0,640
200500063373,5,10,30,1600,1,1,3,1.0,3.0,153.0,CD984c,M,0.0,0,10
200600045425,6,8,24,1500,1,1,1,2.0,1.0,215.0,Ballassou,M,0.0,0,470
200500042067,5,7,9,1015,1,1,1,1.0,6.0,33.0,,M,0.0,0,670
201000027055,10,9,28,755,2,2,3,1.0,3.0,19.0,"., BOHARS",M,4841873.0,-449545,290
201200008497,12,12,4,1900,3,1,1,1.0,6.0,34.0,,M,0.0,0,840
200700081081,7,12,15,1150,1,2,1,1.0,6.0,118.0,"68, BOULEVARD DE LA CHAP",,,,750
200900002834,9,4,9,2355,5,2,1,1.0,3.0,119.0,RUE RIQUET,,,,750
200500066153,5,10,3,815,1,2,1,1.0,4.0,32.0,"29, NARBONNE (ROUTE DE)",,,,340
200500048872,5,8,25,1730,1,1,1,1.0,1.0,333.0,,M,4522300.0,457000,70
200700030619,7,5,31,940,1,2,1,1.0,2.0,338.0,"0, EGLISE (PLACE DE L')",,,,890
200700020913,7,4,28,1440,1,2,1,1.0,5.0,55.0,"173, KADDOUZ (CHEMIN)",,,,130
200600021951,6,4,6,1025,1,2,1,1.0,6.0,21.0,"33, BEAUVAIS (RUE DE)",,,,800
200800006271,8,2,19,1730,1,1,1,1.0,3.0,509.0,,M,4314800.0,-88500,640
200500040914,5,7,8,1800,1,1,9,1.0,7.0,294.0,,M,0.0,0,500
201600038445,16,1,8,1000,1,2,1,1.0,2.0,44.0,"79, ANA.FRANCE(RUE)77A13",,,,920
201200036393,12,9,21,1640,1,2,2,1.0,3.0,259.0,"0, AVENUE VIVIANI",,,,690
201300009762,13,9,16,1730,1,2,1,1.0,1.0,32.0,15 RUE DE BAS RIVIERE,M,4755850.0,131114,410
200500049049,5,8,11,2215,5,2,1,1.0,6.0,400.0,lieudit les caires,M,4606300.0,343600,630
201400039365,14,12,14,1930,5,2,2,1.0,3.0,12.0,ANDRE MORIZET (AVENUE) 1,,,,920
200700008206,7,2,14,515,3,1,1,1.0,7.0,291.0,D 9,,,,170
200600057316,6,9,20,1900,1,2,5,1.0,3.0,51.0,MEDERIC (AVENUE),,,,930
200800014412,8,3,18,1525,1,2,1,1.0,6.0,381.0,"3, FROMAGERIE (DE LA)",,,,690
201400036294,14,2,26,1330,1,2,1,1.0,5.0,21.0,"77,RUE SAINT FUSCIEN",M,4988233.0,230449,800
201400058215,14,7,4,745,1,1,1,7.0,7.0,33.0,,A,0.0,0,972
200500025866,5,5,28,945,1,1,1,1.0,3.0,87.0,,M,4523200.0,434000,430
200900007867,9,4,17,1150,1,2,1,1.0,6.0,224.0,"18, GAY-LUSSAC (RUE)",,,,680
200700056458,7,9,9,1639,1,2,1,1.0,7.0,7.0,"0, RECULEE PROMENADE",,,,490
200700017239,7,3,1,1710,1,2,9,1.0,2.0,36.0,"0, MARCEL PAUL (AVENUE)",,,,920
200600074702,6,12,19,715,3,1,1,9.0,1.0,313.0,PK5 + 300,M,0.0,0,450
201600028321,16,5,1,2115,2,1,1,1.0,6.0,454.0,N44,M,4926849.0,402363,510
200800001116,8,1,30,830,1,1,1,1.0,7.0,127.0,,M,0.0,0,840
201100016259,11,10,3,1430,1,2,1,1.0,3.0,88.0,"51, STALINGRAD (BD DE)",,,,60
200900000914,9,2,17,1830,5,2,4,2.0,6.0,113.0,"1, RUE JEAN BAPTISTE BER",,,,750
200500073370,5,11,25,725,5,2,1,2.0,6.0,555.0,"17, AV DE MURET",,,,310
201100012607,11,6,5,1815,1,2,1,1.0,6.0,430.0,lotissement les terrasse,M,4329200.0,192000,110
201400022159,14,4,8,2030,1,2,2,1.0,7.0,19.0,"0, ARMORIQUE (DE 1 A 51",M,4838526.0,-449912,290
201600055669,16,11,10,2000,5,2,2,3.0,6.0,117.0,"47, AVENUE DE SAINT OUEN",M,4889070.0,232663,750