Num_Acc,an,mois,jour,hrmn,lum,agg,int,atm,col,com,adr,gps,lat,long,dep
200600024499,6,5,17,1100,1,1,1,1.0,1.0,318.0,,M,4673800.0,638100,250
201600043584,16,12,4,1015,1,2,1,1.0,6.0,68.0,"91, BAC (AV DU)",,,,940
201400030563,14,2,23,1720,1,2,2,1.0,3.0,183.0,"., CALAIS",,,,590
201100056861,11,4,2,1300,1,1,1,1.0,3.0,336.0,A7   32.870 A 35.680,M,4547430.0,483286,380
201300022194,13,12,16,1730,5,2,1,2.0,7.0,232.0,"., SEMINAIRE  ROND POINT",M,4799072.0,-412007,290
200700035606,7,6,27,1545,1,2,2,1.0,3.0,185.0,"., JEAN JAURES (COURS)",,,,380
201600028383,16,8,15,1540,1,2,2,1.0,3.0,454.0,COURCELLES/VERNOUILLET,M,4925932.0,402045,510
200500007929,5,2,3,1056,1,2,1,1.0,6.0,157.0,ROCHER (RUE CHARLES),,,,430
201300045446,13,6,4,900,1,1,1,1.0,5.0,363.0,A104,,,,770
200800058233,8,10,1,855,1,2,1,1.0,3.0,187.0,"30, CUVIER  (RUE)",,,,420
201300003569,13,3,25,1545,1,1,1,1.0,1.0,553.0,,M,0.0,0,310
200500019447,5,4,12,825,1,2,1,1.0,4.0,63.0,"246, GODARD (BD )",,,,330
201200050204,12,7,1,706,1,1,1,1.0,6.0,47.0,A13,,,,920
200500086924,5,10,17,1240,1,1,1,1.0,1.0,234.0,RN 2 - Cheval blanc,A,0.0,0,972
200600037788,6,7,12,1700,1,2,3,1.0,6.0,88.0,"158-160, FRANCE (R. DE)",,,,60
201200007258,12,10,17,1245,1,2,1,1.0,6.0,51.0,RUE ARGOUGNEAUX / CD 976,M,4695300.0,313600,580
200800029462,8,6,19,745,1,2,1,2.0,6.0,10.0,20 rue pricipale,M,5069500.0,208000,620
201400041500,14,4,10,1145,1,2,3,1.0,6.0,71.0,", GENERAL LECLERC (AVENU",,,,930
201600006579,16,6,5,1530,1,2,1,1.0,3.0,375.0,"26, Rue Principale",M,0.0,0,670
200600077741,6,12,11,1320,1,2,1,2.0,7.0,8.0,150 AV CHAMPS ELYSEES,,,,750
200800040478,8,7,14,1000,1,2,1,1.0,7.0,681.0,"1, HALAGE. CHEMIN DU",,,,760
201400010094,14,9,22,840,1,2,1,1.0,6.0,155.0,TAPIS VERT AV.DU,,,,60
201200041601,12,10,4,1000,1,2,1,1.0,7.0,9.0,"5, HENRI LITOLFF ( RUE )",,,,920
201100052747,11,8,31,1440,1,2,1,1.0,6.0,4.0,"SANS, ROMARINS RUE DES",,,,201
200500059358,5,9,30,1800,1,2,1,1.0,2.0,445.0,JEAN MERMOZ,,,,640
201300031777,13,9,11,1550,1,2,1,1.0,6.0,113.0,JAUDE PLACE DE),M,4577656.0,308213,630
201100038980,11,6,29,1725,1,2,1,3.0,6.0,482.0,"00, PAUL VERLAINE (RUE)",,,,670
200900012446,9,7,7,1155,1,2,1,1.0,3.0,108.0,"7, RUE TRONCHET",,,,750
201600008914,16,1,7,930,1,2,2,1.0,1.0,262.0,Av des Muriers de Chine,M,4315838.0,316180,110
201500046469,15,6,18,1841,1,1,1,1.0,7.0,73.0,A12 W,,,,780
201400045434,14,6,14,1805,1,2,1,1.0,6.0,80.0,AV CARNOT,M,4884240.0,243327,940
201000023633,10,6,17,2035,1,1,1,1.0,7.0,560.0,,M,0.0,0,760
200500037809,5,6,22,1530,1,1,3,1.0,1.0,678.0,,M,0.0,0,760
200700074875,7,12,26,1830,3,1,1,2.0,6.0,153.0,,M,4772000.0,-148300,440
200800017880,8,4,13,215,5,1,1,1.0,1.0,70.0,,M,0.0,0,380
200900026236,9,4,26,400,3,1,1,2.0,6.0,188.0,,M,0.0,0,260
200600003780,6,1,17,925,1,2,1,2.0,3.0,11.0,SEMARD(RUE PIERRE),,,,940
201200021919,12,2,21,1410,1,2,1,1.0,4.0,278.0,"12, RUE DE  GOUEDIC",M,4851071.0,-275699,220
201400014591,14,3,31,1310,1,2,1,1.0,6.0,55.0,"03, PCE DU QUATRE SEPTEM",M,4328851.0,535927,130
200800071986,8,12,9,1900,5,2,1,1.0,7.0,113.0,"1, BERTHELOT (BOULEVARD)",,,,630
201300050238,13,7,19,1810,1,2,2,1.0,6.0,101.0,"9, AVENUE DE L OPERA",,,,750
201600036195,16,11,15,1030,1,2,1,1.0,6.0,85.0,"342B, PERRIN (RUE FRANCO",M,4582350.0,122260,870
200900071359,9,12,29,1045,1,2,3,8.0,6.0,81.0,"ANGLE, JEAN JAURES (AV)",M,4.0,0,940
201400047461,14,7,25,800,1,1,1,1.0,2.0,580.0,AUTOROUTE A1,,,,950
201100057027,11,9,1,2130,3,1,1,2.0,7.0,256.0,A42     0.560 A 4.020,,,,690
201500023164,15,1,18,1700,1,2,1,1.0,5.0,55.0,45 RUE GRANDE,M,4752900.0,124900,410
201000020377,10,9,24,1900,1,2,1,1.0,6.0,55.0,"256, BD NATIONAL",,,,130
201300043427,13,7,2,1655,1,2,1,1.0,6.0,28.0,"3, GALLIENI.(AVENUE DU G",,,,940
200500024773,5,5,24,1215,1,1,1,1.0,7.0,514.0,,M,4937000.0,310000,20
201000062023,10,4,30,515,3,2,1,1.0,2.0,110.0,BOULEVARD DE MAGENTA,,,,750
200600040072,6,7,5,2220,2,2,3,1.0,3.0,18.0,R CAULAINCOURT AV JUNOT,,,,750
200800025625,8,5,12,2155,2,2,1,1.0,3.0,674.0,"83, THUILLIER DELAMBRE (",,,,800
201000053706,10,4,8,1520,1,2,2,1.0,2.0,68.0,"105, MARINVILLE (AV DE)",M,4880530.0,248395,940
201600041406,16,3,27,2020,5,2,1,1.0,6.0,66.0,"58, ""PERI GABRIEL, NR 2",,,,930
200700071604,7,11,20,1510,1,1,1,2.0,2.0,66.0,AUTOROUTE A1,,,,930
200600034653,6,6,2,1620,1,2,1,1.0,1.0,125.0,"., ESPAGNE (AVENUE D')",,,,640
201600014486,16,4,16,1845,1,1,1,1.0,1.0,215.0,HENRI BARNIER (BOULEVARD,M,4336711.0,534355,130
201400034799,14,2,11,1325,1,2,3,1.0,6.0,351.0,"22, R AMIRAL COURBET",M,4948569.0,13162,760
201200023113,12,4,9,1142,1,2,1,2.0,6.0,19.0,"., DUVAL MARCELLIN (DE 2",M,4842137.0,-448659,290
200800001215,8,1,15,1930,3,1,1,3.0,3.0,529.0,,M,4884900.0,286700,770
200900033106,9,6,10,1930,1,1,1,1.0,1.0,441.0,,M,0.0,0,110
201100001094,11,8,18,815,1,2,1,1.0,1.0,509.0,rue pasteur,M,4931100.0,257900,600
200500016924,5,3,9,1155,1,2,1,4.0,2.0,423.0,LECLERC (AVENUE DU  GENE,,,,780
200800016363,8,3,13,500,3,1,1,2.0,6.0,351.0,,M,4952700.0,535100,550
200500002608,5,1,16,2055,5,2,5,1.0,5.0,55.0,"188, VINGT QUATRE AVRIL",,,,130
200500019299,5,4,14,1555,1,2,1,1.0,5.0,189.0,ALLENDE SALVADOR (RUE),,,,300
201100010803,11,6,12,1600,1,1,4,1.0,3.0,263.0,,M,4786700.0,357800,890
200800004708,8,1,25,1710,1,2,2,1.0,6.0,119.0,RUE BOTZARIS,,,,750
200700023646,7,4,9,1450,1,2,3,1.0,3.0,1.0,"65, MARCADE",,,,800
201000065705,10,9,2,1645,1,2,1,1.0,6.0,119.0,"7, AVENUE SECRETAN",,,,750
200700062322,7,10,8,740,1,2,3,1.0,3.0,55.0,"47, LODI (RUE DE)",,,,130
201600053489,16,6,16,2205,5,2,2,2.0,3.0,112.0,COURS DE VINCENNES,M,4884780.0,239906,750
201400027811,14,10,20,740,2,2,1,1.0,3.0,109.0,RUE DES CHALATRES,,,,440
201100023897,11,2,22,1400,1,2,1,1.0,1.0,231.0,"2, ALEMBERT (D') (RUE)",M,4732930.0,505956,210
200900010444,9,4,11,2050,5,2,3,1.0,2.0,302.0,N 20/RUE DE MONTARAN,M,4.0,0,450
201100034496,11,6,1,540,2,2,3,1.0,3.0,491.0,"9, LIBERATION (RUE DE LA",M,4925071.0,605047,570
201100006060,11,4,15,700,1,1,1,1.0,6.0,33.0,,M,0.0,0,120
201500000107,15,5,16,1930,1,1,1,1.0,1.0,181.0,Rte Nationale,M,5018664.0,395175,590
201600007396,16,7,30,1545,1,1,2,1.0,3.0,24.0,,M,0.0,0,710
201500035362,15,9,9,825,1,2,1,1.0,6.0,137.0,"108, DEMOCRATIE (BD DE L",M,4312643.0,594020,830
201000008211,10,4,15,1600,1,1,1,1.0,1.0,171.0,,M,4550500.0,606500,730
201400056448,14,6,26,810,1,2,2,1.0,6.0,118.0,"40, RUE DE CLIGNANCOURT",,,,750
201100050426,11,10,25,1555,1,2,3,1.0,4.0,22.0,ALLIES / CLEMENCEAU,,,,940
201000017005,10,9,13,1050,1,2,1,1.0,6.0,88.0,"6, BARLA (RUE)",,,,60
201000024335,10,12,20,1733,4,1,1,3.0,4.0,200.0,02 PK RN237 RE MOULIN JU,,,,170
201100000431,11,12,2,1130,1,2,1,1.0,6.0,338.0,Rue Jules Lardière,M,0.0,0,800
200700001043,7,1,23,815,2,2,1,2.0,2.0,434.0,grande rue,M,4684300.0,571000,390
200700017261,7,3,13,1730,1,2,2,1.0,6.0,44.0,MICHELET (QUAI) 32 A 58,,,,920
200600046663,6,8,23,1130,3,2,1,1.0,6.0,192.0,Rue de l'Eglise,M,0.0,0,280
201200020810,12,10,4,847,1,2,1,2.0,7.0,300.0,"2, REMPART   CHEMIN DU",,,,170
200800011866,8,3,12,1605,1,2,1,1.0,1.0,300.0,MENARD   AVENUE DU COLON,,,,170
200800053554,8,9,16,820,1,1,1,1.0,5.0,6.0,AUTOROUTE A3,,,,930
200800072302,8,12,9,730,5,2,6,2.0,3.0,351.0,"néant, MARCEAU",,,,760
201600038227,16,3,17,1703,1,2,3,1.0,6.0,36.0,"0, MARCEL PAUL (AVENUE)",,,,920
201000018400,10,7,12,1000,1,1,1,1.0,3.0,49.0,,M,0.0,0,110
201400037791,14,10,30,2029,5,2,1,1.0,6.0,85.0,"0, LEGENDRE (RUE CHARLES",,,,870
201300003152,13,1,3,1330,1,2,1,1.0,3.0,406.0,LE PANISSAUD,M,4567709.0,40683,160
200600027142,6,5,23,1400,1,2,1,1.0,6.0,751.0,"00, BOURGOGNE (RUE DE )",,,,570
201100037181,11,2,28,820,1,2,1,1.0,6.0,113.0,"212, FRANCE (RUE ANATOLE",M,4577960.0,311630,630
200700035261,7,6,15,1620,1,2,2,1.0,5.0,557.0,"0, DE GAULLE (AV DU GENE",,,,310
201000018872,10,11,6,2300,3,1,1,1.0,6.0,337.0,,M,0.0,0,340
200700005064,7,1,31,1810,5,2,2,1.0,1.0,691.0,RAYMOND POINCARE(RUE),,,,910
200600010664,6,2,4,1140,1,1,1,1.0,4.0,121.0,A4,,,,770
201400033850,14,12,24,920,1,2,1,1.0,4.0,91.0,"34, ANATOLE FRANCE (AV)",,,,690
201600050735,16,6,29,545,3,1,1,1.0,7.0,5.0,A52-Sens*Toulon vers Pon,,,,130
200500051322,5,8,11,1710,1,1,1,1.0,4.0,108.0,"aucun, RN 112",,,,340
201200041152,12,5,11,1825,1,2,2,1.0,3.0,691.0,VOLTAIRE(RUE),,,,910
201400005409,14,4,24,1400,1,2,1,1.0,1.0,96.0,ROUTE D' ANNECY,M,0.0,0,740
201200061660,12,10,9,1210,1,1,1,1.0,6.0,2.0,"7, BOUDINOT (AUGUSTE) CI",,,,973
200500084294,5,12,9,900,1,1,1,1.0,2.0,564.0,AUTOROUTE A23,,,,590
200500005206,5,1,9,1220,1,2,1,1.0,1.0,335.0,RN3 (ROUTE NATIONALE),,,,770
201600021179,16,10,3,1500,1,1,1,1.0,6.0,212.0,,M,4614866.0,11709,790
201400010144,14,2,22,1130,1,2,1,1.0,3.0,123.0,"932, VESPINS ROUTE DES",,,,60
201400052084,14,6,8,1230,1,2,1,1.0,6.0,109.0,"58, RUE DE DUNKERQUE",,,,750
200500062952,5,10,16,2000,5,2,1,1.0,2.0,140.0,RD14,M,4477500.0,-35300,330
201100013769,11,5,7,1315,1,1,1,1.0,1.0,311.0,,M,0.0,0,770
201200033885,12,2,8,2030,4,2,6,1.0,3.0,113.0,"1, BREZET (ROND-POINT DU",M,4578797.0,313939,630
201600031193,16,10,30,1000,1,2,6,1.0,2.0,510.0,"sans, MONTGOLFIER (R)",M,5043445.0,279189,620
200600071692,6,11,15,1030,1,2,1,1.0,6.0,573.0,Le bourg,M,4535400.0,36800,240
200700022541,7,4,2,1550,1,2,1,1.0,6.0,440.0,MAI 1945 (BOULEVARD DU 0,,,,650
200800072446,8,12,5,2350,5,2,1,3.0,4.0,164.0,"593, AMIENS (RUE D')",,,,800
201600048789,16,11,24,1750,5,1,1,1.0,7.0,196.0,ROUTE DEPARTEMENTALE 652,M,5063206.0,296332,590
201600029090,16,5,20,1740,1,1,1,1.0,7.0,236.0,CD 903,,,,550
200800012578,8,3,15,500,5,2,1,1.0,6.0,251.0,MASSOT (RUE CHARLES),,,,430
200700017146,7,3,7,1045,1,2,2,1.0,6.0,2.0,"., JEAN MOULIN (RUE)",,,,920
201300029417,13,3,25,1255,1,2,3,1.0,6.0,463.0,"00, PAUL WILZER  (QUAI )",M,4912851.0,617115,570
200500066397,5,10,27,1220,1,1,1,1.0,6.0,544.0,CD 41,,,,380
201600030684,16,7,26,1535,1,1,1,1.0,2.0,57.0,route de St Just en Chau,M,4944174.0,212794,600
200800057272,8,10,2,1930,5,2,1,1.0,5.0,55.0,ALEX. FLEMING (BOULEVARD,,,,130
200900044544,9,5,23,245,5,2,1,1.0,7.0,33.0,PROMENADE DE CHANTEGRIVE,M,0.0,0,130
201100007417,11,6,12,1055,1,2,3,1.0,6.0,722.0,"1, SAINT- CHRISTOPHE(PLA",,,,20
201400009400,14,1,17,815,1,2,1,1.0,6.0,183.0,rue de cond?,M,0.0,0,770
201300034606,13,7,15,1645,1,1,1,1.0,2.0,447.0,RTE D OCTEVILLE,M,4954853.0,16019,760
201400008097,14,9,8,1600,1,2,1,1.0,6.0,124.0,3 rue de la font d'amont,M,4363674.0,664260,830
201500049221,15,11,19,825,1,1,1,2.0,7.0,550.0,ROCADE A 630,M,4477853.0,-55374,330
200900028420,9,2,21,122,3,1,1,1.0,7.0,340.0,RN 104,,,,910
200500071652,5,11,7,1815,5,2,1,1.0,6.0,250.0,CARREFOUR RD117,M,0.0,0,390
200500013240,5,3,27,1215,1,1,1,1.0,6.0,682.0,,M,0.0,0,210
200600027229,6,5,8,2050,1,2,2,1.0,6.0,360.0,"001, FOCH RUE DU MARECHA",,,,590
200500058020,5,9,20,1030,1,1,1,1.0,7.0,149.0,RN 124 SENS TOULOUSE AUC,,,,310
201000065174,10,2,26,1610,1,2,1,1.0,6.0,118.0,RUE MARX DORMOY,,,,750
201500039662,15,8,4,135,5,2,1,1.0,3.0,1.0,PRESLES (RUE DE),,,,930
200600045819,6,8,5,1015,1,1,1,1.0,6.0,59.0,,M,4563100.0,439000,420
201200005527,12,7,17,1730,1,1,1,1.0,3.0,6.0,Derviation d'Aime,M,4555310.0,664211,730
200700017660,7,3,29,200,5,2,9,1.0,3.0,41.0,PAUL VAILLANT COUTURIER,,,,940
201300030065,13,2,19,1625,1,1,1,1.0,6.0,350.0,"21, ESQUERMOISE RUE D N?",,,,590
201200034663,12,4,28,1320,1,2,1,2.0,1.0,129.0,"0,RUE DES MUSES",,,,640
200600039620,6,7,1,1600,1,2,3,1.0,5.0,24.0,PLAGES (BOULEVARD DES),,,,640
201500034279,15,8,16,2040,2,2,1,1.0,3.0,621.0,ZAY (RUE JEAN),M,,,780
200600057137,6,9,19,900,1,2,1,2.0,2.0,51.0,"72, MAURICE BARRES (BOUL",,,,920
201000000653,10,12,11,2000,3,1,1,1.0,6.0,37.0,,M,0.0,0,20
200900062434,9,5,28,1115,1,2,2,1.0,3.0,12.0,"angle, ANDRE MORIZET (AV",,,,920
200900029001,9,3,22,845,1,1,1,1.0,1.0,30.0,,M,4.0,0,130
201100061656,11,8,2,1040,1,2,1,1.0,3.0,115.0,"286, RUE LECOURBE",,,,750
201300058257,13,5,4,2300,3,2,1,1.0,6.0,16.0,"19, BECS ROSES (ALLEE DE",R,,,974
200700072016,7,11,4,1556,1,2,3,1.0,2.0,103.0,RUE DU TEMPLE,,,,750
201200037841,12,9,7,845,1,2,2,1.0,6.0,288.0,"2, MARECHAL JOFFRE (QUAI",,,,770
200600006512,6,2,8,1830,3,1,1,1.0,1.0,187.0,,M,0.0,0,310
200600061701,6,10,15,1920,1,2,1,1.0,6.0,238.0,"00, BREST (DE)",,,,350
200500027212,5,5,16,929,1,2,1,1.0,2.0,29.0,"101, TONNER (AVENUE FRAN",,,,60
200900022988,9,4,21,750,1,1,6,1.0,3.0,69.0,CHARLEMAGNE -ROND POINT,,,,110
200800044776,8,8,30,2100,2,2,1,1.0,6.0,386.0,"., LEBACQ (R NAPOLEON )",,,,620
200700047413,7,8,31,1115,1,2,1,1.0,3.0,157.0,Le Bourg,M,4614300.0,401300,420
201300036293,13,8,7,1945,1,2,1,1.0,6.0,118.0,AVENUE DES GOLFS,M,4345392.0,680569,830
200700046494,7,8,9,1430,1,2,1,1.0,6.0,620.0,RUE ST SAUVEUR,M,4993500.0,293800,800
200700064661,7,10,26,2005,5,2,3,1.0,3.0,93.0,PRELEVET (AVENUE DE),,,,740
201300008076,13,9,28,145,3,1,1,1.0,6.0,71.0,,M,0.0,0,830
200900062439,9,6,4,1220,1,2,3,1.0,3.0,12.0,"angle, PIERRE GRENIER (A",,,,920
201100013459,11,5,23,1515,1,1,1,1.0,6.0,601.0,,M,0.0,0,780
200600081707,6,6,17,2315,5,2,1,1.0,6.0,498.0,113 rue Médar,R,0.0,0,974
200900009251,9,6,22,2050,2,2,3,1.0,3.0,111.0,"11 bis, PLACE DE LA NATI",,,,750
200900002680,9,4,2,1445,1,2,1,1.0,6.0,117.0,"39/41, AVENUE DE WAGRAM",,,,750
201200052101,12,2,28,2310,5,2,2,1.0,3.0,387.0,"0, QUAI CLAUDE BERNARD",,,,690
201100021377,11,12,26,2045,5,2,2,1.0,3.0,55.0,"96, AVE DE LA ROSE",M,4332687.0,542305,130
200800032462,8,6,26,336,5,2,1,1.0,7.0,172.0,"374, POSTE VIEILLE DE 2",,,,340
201200009566,12,5,31,1515,1,2,1,1.0,3.0,272.0,Avenue du GénéralLeclerc,M,0.0,0,910
201100014712,11,1,13,1600,1,2,3,1.0,6.0,123.0,"293, LECLERC GENERAL AVE",,,,60
201100016632,11,5,22,1515,1,1,1,1.0,2.0,17.0,A10,M,4860700.0,206700,910
200600048626,6,8,20,1500,1,2,1,1.0,3.0,507.0,"46, LIBERATION AVENUE DE",,,,590
200500033833,5,6,7,1140,1,2,1,1.0,2.0,305.0,"72, HUGO (VICTOR)",,,,420
200900056164,9,11,2,1700,2,1,1,2.0,1.0,19.0,,M,4.0,0,740
201600014904,16,6,8,1200,1,2,2,1.0,3.0,206.0,IENA (RUE D'),M,4328585.0,539001,130
200500043579,5,7,21,1640,1,2,2,1.0,6.0,88.0,"0, DABRAY (RUE ET IMP.)",,,,60
200800029839,8,6,26,1930,1,1,1,1.0,1.0,395.0,,M,4524000.0,-78600,330
200700031056,7,5,24,1345,1,2,7,1.0,6.0,50.0,GENERAL DE GAULLE (AVENU,,,,930
200600018398,6,4,1,1820,1,1,1,1.0,6.0,151.0,CD 31E1,M,0.0,0,340
200600025836,6,5,30,730,1,2,1,1.0,2.0,55.0,HENRI BARNIER (BOULEVARD,,,,130
201500013044,15,5,5,1150,1,1,2,1.0,3.0,1.0,"/, BELLEC MAURICE (RTE D",M,4357947.0,544905,130
200800043819,8,8,28,1800,1,2,1,1.0,3.0,270.0,"1, CURIE (AVENUE PIERRE",,,,710
201100023310,11,3,3,710,1,1,1,1.0,6.0,255.0,RN 151,M,4703230.0,231128,180
200500039589,5,6,12,2100,1,1,1,1.0,7.0,203.0,,M,0.0,0,340
201500039719,15,12,28,1245,1,2,6,1.0,3.0,1.0,HENRI-ROL TANGUY (PLACE),,,,930
200700070168,7,11,12,805,1,2,3,2.0,3.0,181.0,DANEMARK (RUE DU),,,,720
201200002889,12,4,27,2200,4,2,1,2.0,3.0,547.0,moulin rouge,M,4526800.0,162700,240
201600025449,16,11,26,500,3,1,1,1.0,7.0,238.0,PORTE DE MAUREPAS,M,4814014.0,-163386,350
200800013019,8,3,6,1025,1,2,1,1.0,1.0,169.0,"4, CHARLES MOUSSET",,,,610
201100007033,11,5,7,1700,1,1,1,6.0,6.0,84.0,,M,0.0,0,10
201500016740,15,1,29,1715,1,1,2,2.0,6.0,513.0,,M,4900124.0,67953,270
200500062975,5,10,22,1100,1,1,1,1.0,6.0,417.0,,M,4493900.0,-93900,330
200500080600,5,12,23,415,5,2,1,1.0,7.0,375.0,"10, MASSACRE (RUE)",,,,270
200500084923,5,2,18,1430,1,2,1,1.0,6.0,302.0,MIRZA (CITE),,,,973
201300050654,13,6,13,1000,1,2,1,8.0,3.0,104.0,"25, BOULEVARD BEAUMARCHA",,,,750
201300008711,13,7,5,1830,1,1,1,1.0,6.0,82.0,,M,0.0,0,480
200700050079,7,8,14,2227,5,2,2,1.0,3.0,395.0,"1, TIERCELINS (RUE DES)",,,,540
201400004791,14,5,28,1455,1,2,7,1.0,6.0,691.0,LECLERC (RUE DU GL),M,4984197.0,329512,20
201600016823,16,8,13,1630,1,2,1,1.0,6.0,491.0,rue J. Jacques Rousseau,M,0.0,0,80
200600032637,6,6,29,1345,1,2,3,1.0,1.0,88.0,PRAT (R. DU DR LOUIS),,,,60
200600023210,6,4,8,2050,1,2,1,1.0,6.0,132.0,"0, BARTHOU (AVENUE)",,,,440
200900037510,9,10,20,730,2,1,1,3.0,1.0,149.0,,M,0.0,0,290
200900061130,9,2,1,1700,1,2,2,1.0,4.0,715.0,"Intersection CDS 40, 29",M,4.0,0,760
200700061554,7,10,15,730,1,1,1,1.0,6.0,13.0,,M,4537800.0,548600,380
200800057199,8,10,21,2030,2,2,1,1.0,6.0,55.0,"71, CHATEAU GOMBERT (AVE",,,,130
201100012702,11,10,17,1500,1,1,1,1.0,1.0,379.0,,M,0.0,0,110
200800012996,8,3,9,1550,1,1,1,1.0,6.0,160.0,"30, SAINT AYBERT (ROUTE",,,,590
201100025459,11,5,25,1155,2,2,1,1.0,6.0,19.0,"60, GOUESNOU (DE 1 A 29",M,4837880.0,-453141,290
200800055395,8,10,1,1400,1,1,1,1.0,6.0,432.0,,M,0.0,0,240
200500031031,5,5,8,1735,1,2,3,1.0,3.0,10.0,"102, JAURES (AVENUE JEAN",,,,900
201600016517,16,9,19,1630,1,2,1,1.0,1.0,71.0,FERME ( CHEMIN DE LA ),M,4340992.0,531144,130
200700052538,7,7,17,1945,1,1,1,1.0,4.0,97.0,A72,,,,420
201100030732,11,10,21,1755,1,2,1,1.0,4.0,18.0,BONCOUR (BOULEVARD JOSEP,,,,410
201000045611,10,11,12,1700,1,2,3,1.0,3.0,137.0,CUNEO (BD DOCTEUR),,,,830
201100048827,11,1,13,2000,5,2,3,1.0,3.0,48.0,VALMY / CARREL,,,,930
200800076172,8,7,10,1720,5,2,1,1.0,6.0,209.0,"0, SALVATOR ALLENDE (AVE",,,,972
200500011569,5,2,27,700,2,1,1,1.0,1.0,138.0,,M,4437800.0,498100,840
201200032236,12,5,21,900,1,2,3,1.0,6.0,9.0,"0, TOURNAI BOULEVARD DE",,,,590
201000059197,10,3,21,1107,1,1,1,1.0,6.0,142.0,A7   2.278 A 3.690,,,,690
200800012197,8,3,21,720,2,2,1,2.0,2.0,555.0,"25, ALL FORAIN FRANCOIS",,,,310
200500086965,5,10,9,830,1,1,1,1.0,5.0,410.0,"lieu-dit "" L'Echo """,R,0.0,0,974
200500034622,5,6,25,58,5,2,2,1.0,3.0,113.0,"0, CLEMENTEL (BD ETIENNE",,,,630
200700030018,7,5,30,1410,1,2,3,1.0,6.0,16.0,AV FOCH PL GX DE TRENTIN,,,,750
200600016381,6,3,6,630,2,1,1,9.0,2.0,245.0,RD 979,M,0.0,0,580
201300016830,13,12,11,1110,1,2,6,7.0,7.0,333.0,CD 580,,,,140
200600081349,6,4,29,1300,1,2,1,2.0,7.0,407.0,ROND POINT SACRE COEUR,,,,974
200500087619,5,5,24,810,1,2,1,1.0,3.0,209.0,ROCADE (RUE DE LA),,,,972
201400029772,14,6,14,1050,1,2,1,1.0,7.0,121.0,"0, JAURES ( AVE JEAN )",M,4774534.0,-336906,560
201200009195,12,4,29,1600,1,1,1,1.0,1.0,212.0,,M,0.0,0,660
201500008240,15,2,14,730,2,1,1,2.0,6.0,176.0,,M,4363571.0,405574,340
201400027513,14,4,18,1740,1,2,1,1.0,4.0,55.0,"265, LATTRE DE TASSIGNY",,,,440
200900073613,9,4,14,1258,1,1,6,2.0,3.0,2.0,RECTORAT (ROND POINT),,,,973
200600043160,6,7,23,430,3,1,1,1.0,6.0,16.0,,M,4490900.0,153400,460
200900062595,9,12,3,1345,1,1,1,1.0,6.0,165.0,LES CHABANNES,M,4.0,0,450
200500030140,5,5,16,1630,1,2,3,2.0,2.0,15.0,R DE VAUGIRARD R VICTOR,,,,750
201300003452,13,6,24,2130,3,1,1,1.0,7.0,13.0,,M,0.0,0,870
200600036126,6,6,7,1515,1,2,2,1.0,3.0,137.0,WEYGAND (AVE GENERAL),,,,830
201600037930,16,3,1,2015,5,2,1,2.0,7.0,25.0,"164, PRESIDENT SALVADOR",,,,920
200500079975,5,12,13,1015,1,2,1,2.0,6.0,387.0,"000, DAMPIERRE (QUAI)",,,,100
200500052113,5,8,15,1315,1,2,1,1.0,6.0,24.0,"60, PLAGES (BOULEVARD DE",,,,640
200700032455,7,6,29,745,1,2,1,1.0,6.0,521.0,Route du bourg PR13200,M,0.0,0,330
201000033662,10,3,5,1740,1,2,1,1.0,5.0,184.0,"90, CÔTE D'AMOUR (RTE DE",,,,440
201300024917,13,10,16,1445,1,2,3,1.0,7.0,172.0,PERRUQUE (BOULEVARD DE L,M,4359697.0,387757,340
200800063485,8,11,16,1900,3,1,1,1.0,7.0,531.0,,M,4827600.0,296800,770
201000011527,10,6,30,1730,1,1,1,1.0,7.0,390.0,,M,0.0,0,700
200800055485,8,10,5,1000,1,2,1,1.0,5.0,294.0,44 GRANDE RUE,M,4620800.0,-34500,790
200500038076,5,6,12,1245,1,2,1,1.0,1.0,244.0,rue d'Anjou,M,4736000.0,-85700,490
200500041026,5,7,4,900,1,1,1,1.0,1.0,143.0,La Micheleterie,M,0.0,0,490
200500068711,5,10,10,2000,3,1,1,1.0,6.0,121.0,"1187, ALBI D 999 (AVENUE",,,,820
200600073933,6,12,16,2100,5,2,1,2.0,6.0,46.0,lieu-dit Domaine Neuf,M,0.0,0,10
200800016480,8,3,5,1945,5,2,1,9.0,6.0,556.0,RN 6 CONDEMINE,M,0.0,0,710
200600009915,6,2,3,1230,1,1,1,1.0,3.0,343.0,LOGES (ROUTE DES),,,,780
201600043735,16,9,3,1810,1,2,3,7.0,3.0,78.0,PARIS/ZOLA,M,4873560.0,244680,940
200600002823,6,1,10,1745,1,2,1,1.0,6.0,351.0,"24, CHERUBINI",,,,760
201200017191,12,12,19,800,2,2,1,1.0,3.0,43.0,"209, MITTERRAND (AVENUE",M,4339610.0,524127,130