Num_Acc,an,mois,jour,hrmn,lum,agg,int,atm,col,com,adr,gps,lat,long,dep
201600024822,16,11,8,1955,3,1,1,1.0,5.0,172.0,"0, MENDES FRANCE (AVENUE",M,4360310.0,393755,340
201400035425,14,5,18,2210,3,1,1,1.0,6.0,186.0,RD152 de l'ob?lisque ? p,,,,770
201100000102,11,10,11,2330,5,2,1,1.0,1.0,482.0,rue Belle croix,M,5071171.0,299847,590
201400014190,14,2,3,2130,5,2,3,2.0,6.0,55.0,"274, CHE DU CAP JANET",M,4334017.0,534867,130
200600073367,6,12,16,1030,1,1,2,1.0,3.0,347.0,Creac'h Choupot,M,4878400.0,-319400,220
200900008186,9,4,30,110,5,2,2,1.0,3.0,85.0,"SANS, FOCH (BOULEVARD DU",M,4.0,0,280
200900052177,9,6,1,2000,1,2,1,1.0,3.0,32.0,VOIE DOMITIENNE (AV DE L,,,,340
200800042889,8,8,9,1505,1,2,2,1.0,3.0,115.0,QUAI D ISSY LES MOULINEA,,,,750
200900017257,9,6,23,815,1,2,1,1.0,3.0,335.0,"0, AVIATION DE L'",M,4.0,-,640
200900028341,9,9,30,1350,1,2,1,1.0,6.0,191.0,222 AVENUE DE PARIS,,,,790
200600000948,6,1,23,638,5,1,1,1.0,5.0,555.0,VA007333 LA FAOURETTE A6,,,,310
200900054345,9,11,23,930,1,1,2,1.0,3.0,502.0,,M,0.0,0,330
201300036044,13,9,20,2030,3,1,1,1.0,2.0,21.0,RAINNEVILLE CD11  (ROUTE,,,,800
200500033239,5,6,14,1340,1,2,4,1.0,3.0,39.0,"FACE 18, GUEGUIN (AVENUE",,,,290
200800025022,8,5,1,1725,1,2,6,1.0,1.0,510.0,"., ROUSSEAU (R WALDECK)",,,,620
200900037396,9,6,10,1900,1,2,6,3.0,3.0,545.0,CHAUFFOUR ( MONTEE DU ),,,,550
200700010377,7,2,12,1940,5,2,2,2.0,1.0,123.0,EUROPE (RN 190) AVENUE D,,,,780
201100049987,11,12,1,1124,1,2,2,1.0,3.0,4.0,LECLERC / VALENTON,,,,940
200600051907,6,9,13,2230,3,1,1,1.0,7.0,392.0,Route départementale 674,M,0.0,0,540
201000012871,10,4,4,1600,1,1,1,1.0,1.0,260.0,,M,4366242.0,307569,340
200500038423,5,6,28,215,3,2,1,1.0,7.0,163.0,Hameau de Lafage,M,0.0,0,310
200900016504,9,3,8,1735,2,2,1,1.0,6.0,55.0,"16, ISLE-DE-L'HERVIO ( A",,,,440
200700022588,7,4,17,845,1,2,1,1.0,6.0,482.0,"7, BONNES GENS (RUE DES)",,,,670
201600005102,16,7,2,1630,1,2,2,1.0,3.0,121.0,place du village,M,4542845.0,522558,380
200500059304,5,9,7,755,1,2,3,1.0,3.0,102.0,HENRI DE NAVARRE (AVENUE,,,,640
200600006269,6,2,28,1345,1,2,1,2.0,3.0,26.0,carrefour La Jalousie,M,4727200.0,-148400,440
200900028620,9,2,20,930,1,2,1,1.0,6.0,69.0,Rue centrale,M,0.0,0,690
200700003911,7,1,5,1045,1,2,1,1.0,4.0,270.0,LYON (ROUTE DE),,,,710
201600059410,16,10,5,715,1,2,1,1.0,6.0,611.0,tsoundzou-SIM ( rue de l,,,,976
201200012410,12,3,1,530,3,1,1,5.0,2.0,367.0,,M,0.0,0,280
201500009171,15,9,15,815,1,1,2,3.0,3.0,175.0,D305 X D48 X VC,M,4865727.0,261549,770
200600000234,6,1,21,1830,5,2,1,1.0,1.0,88.0,"0, DIGUE DES FRANCAIS (T",,,,60
200900062881,9,9,8,845,1,2,1,1.0,2.0,172.0,154 AV CARNOT,M,4.0,0,780
201000021895,10,8,10,915,1,2,1,1.0,2.0,55.0,"2, PCE SADI CARNOT",,,,130
200700060750,7,10,19,900,1,1,1,1.0,6.0,225.0,,M,0.0,0,740
200800005084,8,1,7,1655,2,2,1,1.0,5.0,81.0,"95, ROUGET DE L ISLE (AV",,,,940
201100061254,11,5,10,1900,1,2,1,1.0,3.0,114.0,"82bis, BOULEVARD DU MONT",,,,750
200600025134,6,5,30,1930,1,1,1,1.0,3.0,453.0,,M,0.0,0,770
200800027198,8,5,14,2115,2,2,2,8.0,3.0,112.0,PONT DE TOLBIAC,,,,750
201400046266,14,3,10,2150,5,2,3,1.0,3.0,60.0,AV DE LA REPUBLIQUE,M,4903850.0,221090,950
201000036588,10,12,1,1150,1,1,1,4.0,6.0,757.0,"77, Nations (Avenue)",,,,570
201200050156,12,6,6,1115,1,1,1,1.0,2.0,50.0,A86,,,,920
200600050200,6,8,24,1205,1,2,1,1.0,3.0,76.0,"63, STALINGRAD (AV DE)",,,,940
200600016029,6,3,8,1830,4,1,1,1.0,1.0,21.0,Lieu dit la brévenne,M,0.0,0,690
201500016313,15,3,20,845,1,1,1,1.0,7.0,111.0,,M,0.0,0,720
201100004651,11,5,18,1835,1,1,1,1.0,7.0,331.0,,M,0.0,0,400
201300015787,13,10,16,1500,1,2,1,1.0,1.0,55.0,"59, AVE DE LA MADRAGUE D",M,4323684.0,536287,130
200800053688,8,9,1,1730,1,1,1,1.0,4.0,211.0,A50-Sens Aubagne vers Ma,,,,130
200900055784,9,7,9,855,1,2,1,1.0,1.0,88.0,"37, DIABLES BLEUS (AV. D",,,,60
200700079343,7,12,11,1815,2,1,1,1.0,6.0,514.0,ROUTE NATIONALE 6,,,,910
201500047643,15,1,20,1459,1,2,1,1.0,6.0,353.0,"SANS, TOUTES RUES",M,0.0,0,202
201000001940,10,5,23,1400,1,2,1,1.0,1.0,4.0,24rue du roudour,M,4863653.0,-331626,220
201400001654,14,6,13,730,1,2,3,7.0,6.0,168.0,RUE D'ALENCON,M,4858938.0,-35518,610
200700048977,7,8,13,1150,1,2,1,1.0,3.0,55.0,"68, MIREILLE LAUZE (BOUL",,,,130
201400059566,14,5,5,1248,1,2,1,1.0,6.0,11.0,"9, TURPIN (RUELLE)",R,,,974
201600044480,16,9,4,1220,1,2,1,1.0,6.0,585.0,BD ALBERT CAMUS,M,4897990.0,237190,950
200600043970,6,7,22,805,1,1,1,1.0,1.0,37.0,re de vacance des ALPES,M,0.0,0,50
201500025872,15,5,7,850,1,2,3,1.0,3.0,185.0,MONTORGE/BELGRADE,M,4519142.0,572511,380
200500064203,5,10,20,1300,1,1,1,1.0,3.0,271.0,hameau ponté Bonello,M,0.0,0,201
201200018831,12,12,17,1045,1,1,2,1.0,3.0,548.0,,M,0.0,0,20
201300050488,13,4,15,1325,1,2,2,1.0,2.0,103.0,"91, RUE BEAUBOURG",,,,750
201100003247,11,12,11,815,2,1,1,1.0,6.0,129.0,,M,4745700.0,-213300,440
200600036909,6,6,28,535,2,2,1,1.0,1.0,65.0,RUE DU JOUR,,,,940
201600020375,16,8,10,1630,1,2,1,1.0,2.0,33.0,"191, CHARITE (ROUTE DE L",M,4709500.0,242144,180
200800032467,8,6,26,1300,1,2,2,1.0,7.0,172.0,SABATIER D'ESPEYRAN (AVE,,,,340
201200000404,12,9,14,1700,1,1,1,1.0,5.0,217.0,,M,0.0,0,20
201300030341,13,10,7,1100,1,2,1,1.0,3.0,350.0,"1, LAMBRET OSCAR AVENUE",,,,590
200700002619,7,1,13,505,5,2,1,5.0,7.0,555.0,"999, PONT PIERRE DE COUB",,,,310
200700066761,7,10,19,1430,1,2,1,1.0,6.0,106.0,"18, RUE DAUPHINE",,,,750
200500028962,5,5,6,1210,1,2,3,1.0,3.0,534.0,ETATS UNIS (AVENUE DES),,,,520
201100015862,11,5,9,915,1,2,1,1.0,6.0,88.0,"31, BANVILLE (RUE THEODO",,,,60
200700009270,7,2,22,1640,1,2,3,2.0,7.0,414.0,LIBERATION (AVENUE DE LA,,,,600
201400040254,14,11,30,1930,1,2,1,1.0,2.0,44.0,"42, ED.VAILLANT(RUE) 37A",,,,920
201300056156,13,11,12,1814,5,2,1,2.0,3.0,116.0,"87, AVENUE DE LA GRANDE",,,,750
201500001835,15,2,5,800,5,2,1,1.0,6.0,18.0,rue de Pornic,M,4714391.0,-169352,440
201500020052,15,8,28,1530,1,1,1,1.0,6.0,53.0,,M,0.0,0,720
201100007430,11,7,16,945,1,1,1,1.0,7.0,243.0,6 MONTAGNE DE VAUXROT,,,,20
200500032907,5,6,27,1750,1,2,3,1.0,3.0,117.0,FONT ( RUE DE LA ),,,,130
201200041322,12,10,4,2335,3,1,6,1.0,6.0,692.0,CD35,,,,910
200800040061,8,7,14,1625,1,2,3,1.0,3.0,893.0,"0, MITTERRAND ( Ave. Fra",,,,620
201300044077,13,6,10,1900,1,2,1,8.0,6.0,46.0,"., REPUBLIQUE (AV DE LA)",,,,940
201400006230,14,8,29,1530,1,1,1,1.0,1.0,308.0,,M,4833619.0,564966,880
200600042062,6,7,28,1735,1,1,1,1.0,4.0,232.0,Autoroute A 31,,,,540
201000017221,10,11,24,2250,5,2,2,1.0,3.0,88.0,"0, DIABLES BLEUS (AV. DE",,,,60
200700080061,7,12,26,1535,1,2,1,1.0,2.0,306.0,"0, 11EME AVENUE",,,,950
201500014385,15,6,4,810,1,2,1,1.0,6.0,55.0,"34, SAINT JEROME (AVENUE",M,4332927.0,541896,130
201600036371,16,3,3,853,1,2,1,4.0,2.0,10.0,"1, LILLE (RUE DE)",,,,900
200500038528,5,6,18,1545,1,1,1,1.0,7.0,199.0,,M,4363700.0,4800,320
201400004448,14,12,19,715,2,1,1,5.0,6.0,206.0,,M,4604200.0,468000,690
201400039374,14,1,1,2210,5,2,1,2.0,6.0,19.0,"299, DIVISION LECLERC (A",,,,920
201500036703,15,6,24,2105,1,2,1,1.0,3.0,201.0,"6 bis, HENRI BARBUSSE(BO",,,,910
201100015234,11,5,26,1410,1,2,6,1.0,2.0,69.0,"X, Rd point des Quatre C",,,,60
201300042121,13,6,26,1850,1,2,1,1.0,5.0,55.0,165 JEAN LOLIVE (AVENUE,,,,930
201400005599,14,11,11,1245,1,1,1,1.0,1.0,316.0,,M,0.0,0,30
201300057653,13,7,7,30,5,2,3,1.0,3.0,9.0,"RN 1, GENERAL DE GAULLE",A,0.0,0,972
201500031296,15,12,16,850,1,2,1,1.0,3.0,102.0,(AVENUE DU 14 AVRIL,M,4350174.0,-146022,640
200700024628,7,4,7,1355,1,2,1,1.0,7.0,18.0,"48, REPUBLIQUE (RUE DE L",,,,950
201400027437,14,11,11,1827,5,2,1,1.0,6.0,218.0,"IGNORE, MENDES FRANCE PI",M,4543737.0,437875,420
200700034858,7,6,24,1715,1,2,1,1.0,3.0,300.0,REPENTIE   AVENUE DE LA,,,,170
200800013690,8,3,23,1650,1,2,1,1.0,4.0,98.0,BROSSET (AVENUE DU GENER,,,,830
201400013461,14,6,5,1515,1,2,2,1.0,3.0,1.0,BROSSOLETTE PIERRE (AV),M,4351644.0,544278,130
201300030541,13,7,2,1740,1,2,1,1.0,6.0,339.0,"00, HUGO (RUE VICTOR)",,,,590
201000037571,10,8,24,735,1,2,1,1.0,1.0,225.0,"5, Lanieres (RUE DES)",,,,590
200900043377,9,4,14,1455,1,2,1,1.0,3.0,64.0,"48, GOUNOD",,,,920
200800014486,8,3,1,430,5,1,1,2.0,4.0,362.0,A13,,,,780
200700027115,7,5,19,1315,1,2,1,1.0,6.0,123.0,"602, DE GAULLE GENERAL A",,,,60
200700033531,7,6,6,1000,1,1,1,1.0,6.0,36.0,,M,0.0,0,300
201300048420,13,7,10,1200,1,2,2,1.0,6.0,383.0,"0, RUE DE CREQUI",,,,690
200600045229,6,8,4,1030,1,1,2,1.0,3.0,49.0,,M,4746400.0,-10200,490
201500044510,15,2,9,900,1,1,1,1.0,2.0,17.0,A4,M,4882710.0,250967,940
200800071811,8,12,7,935,1,2,1,1.0,6.0,9.0,COLBERT RUE,,,,590
200800029877,8,6,10,700,1,1,2,1.0,3.0,22.0,,M,0.0,0,400
200800034746,8,6,7,1550,1,2,4,8.0,3.0,280.0,CUGNOT JOSEPH,,,,950
201000049597,10,6,4,2000,1,2,2,1.0,2.0,22.0,"., SALENGRO (AVENUE ROGE",,,,920
200700062144,7,10,6,300,5,2,1,1.0,6.0,1.0,JUVENAL MAX (AV),,,,130
201200052951,12,1,18,1405,1,1,1,1.0,2.0,137.0,A57,,,,830
200900021233,9,6,4,2035,1,2,2,1.0,6.0,482.0,"SPV, RUE DES COMTES",M,0.0,0,670
201300056740,13,11,18,845,1,2,1,1.0,6.0,120.0,PORTE DES LILAS,,,,750
201200021118,12,10,30,1045,1,2,1,8.0,1.0,81.0,CD14,M,0.0,0,620
201600009657,16,8,20,2145,3,1,1,1.0,3.0,94.0,RTE DE BOUQUEVAL,M,4902390.0,241290,950
201400046640,14,7,8,825,1,1,1,1.0,5.0,175.0,RN104,,,,770
200700017881,7,3,5,1600,1,1,1,1.0,6.0,572.0,AUTOROUTE A15,,,,950
201600019525,16,12,23,1015,1,1,1,1.0,6.0,236.0,D 70 A,M,4892162.0,647531,570
201400049632,14,4,18,1350,1,2,3,1.0,3.0,386.0,"97, BOULEVARD DES BELGES",,,,690
200900014525,9,1,24,200,5,1,1,1.0,2.0,141.0,,M,4.0,0,770
201200037812,12,4,10,1745,1,1,1,2.0,4.0,335.0,RN3 (ROUTE NATIONALE),,,,770
200800073228,8,12,11,2105,5,2,1,1.0,6.0,73.0,RENE PANHARD (AV),,,,940
200800020086,8,4,29,820,1,2,2,1.0,6.0,395.0,"1, BLANDAN (IMPASSE ET R",,,,540
201400038331,14,2,14,1625,1,2,9,1.0,6.0,174.0,"1, Emile ZOLA (rue)",,,,910
201200014749,12,2,24,1930,5,2,1,1.0,6.0,55.0,"00, BD DE SAINTE MARGUER",,,,130
201300032586,13,4,4,1710,2,2,1,3.0,6.0,286.0,"2, CHAMP COMMUN (PLACE)",M,4309425.0,-4629,650
201200021869,12,4,22,315,3,1,1,2.0,7.0,113.0,"145, PETIT CAMP (ROUTE D",M,4876138.0,-343400,220
201200030783,12,9,9,2050,5,2,3,1.0,2.0,547.0,"124, PERI (RUE GABRIEL)",M,4866786.0,617767,540
201400021637,14,4,9,2045,3,1,1,1.0,6.0,124.0,,M,4934010.0,-101513,140
200800033560,8,6,26,1600,1,1,1,1.0,1.0,40.0,RN 70 (ROUTE EXPRESS),,,,710
200700030950,7,5,17,1600,1,2,4,2.0,7.0,5.0,"0, PAUL CEZANNE (RUE)",,,,930
201300017483,13,9,1,15,3,2,1,1.0,3.0,112.0,Rue de ecoles,M,0.0,0,600
200900071106,9,11,13,1045,1,2,2,1.0,3.0,73.0,DOCTEUR MARIE (R DU),M,4.0,0,940
200600057375,6,9,27,1657,1,2,1,1.0,6.0,72.0,STALINGRAD (AVENUE DE) C,,,,930
200800045517,8,8,2,1215,1,2,1,1.0,3.0,691.0,"., CHAUSSEE-ROMAINE (RUE",,,,20
200600076936,6,12,15,840,2,1,3,5.0,6.0,253.0,DEPARTEMENTALE 613,,,,540
201300046073,13,5,19,710,1,1,1,2.0,6.0,64.0,AUTOROUTE A86-,M,4888360.0,247155,930
201200046120,12,5,14,1500,1,2,2,1.0,3.0,17.0,GENERAL DE GAULLE (AV DU,,,,940
201200036932,12,5,1,1530,1,2,1,1.0,6.0,65.0,"1022, SAINT OMBRE ( CHEM",M,4558650.0,591515,730
200800022408,8,4,21,200,5,1,1,3.0,6.0,73.0,A86,,,,940
200800039278,8,7,28,1420,1,2,1,1.0,6.0,281.0,"51, AVE DE LA LIBERATION",,,,330
200700041845,7,7,14,1820,1,2,1,1.0,1.0,88.0,"2, HESPERIDES (AV. DES)",,,,60
200800006106,8,2,21,2115,3,1,1,5.0,6.0,133.0,,M,4862600.0,-105300,500
200900052477,9,6,11,500,2,2,3,1.0,3.0,204.0,"197, LIBERATION (BOULEVA",,,,130
200900059747,9,9,17,1400,1,1,1,1.0,3.0,384.0,A5B,M,4.0,0,770
200700012599,7,3,4,1200,1,1,1,7.0,1.0,185.0,,M,4558900.0,426600,420
200700006509,7,2,3,1715,1,2,1,1.0,6.0,185.0,avenue de ladhui,M,0.0,0,470
201000030225,10,3,17,1515,1,2,1,1.0,6.0,172.0,"sans, BRET (ROND POINT P",M,4357620.0,387376,340
200600079458,6,12,22,1810,5,2,2,1.0,3.0,71.0,"0, LOUIS BOON (BD)",,,,940
200700040493,7,7,1,200,5,2,1,1.0,6.0,397.0,MARON 54230,M,0.0,0,540
200800004411,8,1,4,2007,5,1,2,1.0,3.0,85.0,"158, SABLARD (AVENUE DE)",,,,870
201400040954,14,7,4,900,1,2,1,1.0,6.0,64.0,"01, GOUNOD",,,,920
200900064548,9,8,24,1445,1,1,1,1.0,6.0,126.0,,M,4.0,-,350
200800029017,8,5,10,1715,1,1,1,1.0,6.0,228.0,,M,0.0,0,300
200800000346,8,1,5,530,3,1,1,1.0,7.0,557.0,,M,0.0,0,380
201600009373,16,3,28,1730,1,1,1,1.0,6.0,251.0,,M,0.0,0,202
200900023524,9,8,28,145,3,1,1,1.0,7.0,41.0,,M,4.0,0,201
201500042626,15,3,16,1935,5,2,1,1.0,3.0,16.0,"22, SAUSSAIES (R DES)",,,,940
201000042106,10,6,10,1435,1,1,1,1.0,3.0,40.0,MONTCENIS (ROUTE DE),,,,710
201200054513,12,10,23,2205,5,2,5,1.0,3.0,107.0,QUAI D ORSAY,,,,750
201200056410,12,2,13,900,1,2,1,8.0,3.0,113.0,"10, RUE ABEL HOVELACQUE",,,,750
200800039099,8,7,31,937,1,1,1,1.0,1.0,189.0,"., SAINT GILLES (ROUTE)",M,4387203.0,431955,300
200500037944,5,6,30,1130,1,2,1,1.0,6.0,178.0,rue du Deuxième Chasseur,M,4807200.0,-296500,560
200700019818,7,4,25,1730,1,1,1,1.0,3.0,65.0,,M,0.0,0,830
200500083501,5,12,6,805,5,2,2,1.0,6.0,26.0,MISSION MARCHAND (COTE I,,,,920
200700037061,7,6,22,2150,3,1,3,1.0,1.0,90.0,MONNET (AVE JEAN),,,,830
201400029440,14,7,7,1920,1,2,1,2.0,1.0,547.0,BOIS LE DUC (RUE DU),,,,540
200600024359,6,5,8,2200,3,1,1,3.0,7.0,140.0,,M,4790200.0,742800,680
201600043941,16,8,25,605,2,2,1,1.0,6.0,81.0,"Place, GABRIEL PERI (R)",,,,940
200800013941,8,3,28,1820,1,2,1,2.0,5.0,25.0,"154, CHARLES DE GAULLE (",,,,920
201300049225,13,1,8,1700,2,1,1,1.0,7.0,286.0,A46N   19.955 A 25.180,,,,690
200500061221,5,9,7,1510,1,2,1,1.0,6.0,1.0,"66, EDOUARD VAILLANT (BL",,,,930
201400005032,14,5,2,1945,1,1,1,8.0,6.0,476.0,,M,0.0,0,380
201400044765,14,11,9,1200,1,1,1,2.0,7.0,73.0,RN 186,M,4875360.0,237619,940
201000044849,10,7,13,1625,1,2,1,1.0,1.0,4.0,FOCH (AV ET PASS MARECHA,,,,810
200800006849,8,2,11,1700,1,1,1,1.0,3.0,67.0,,M,4377600.0,505900,130
200900064581,9,8,16,1930,1,2,1,1.0,6.0,238.0,AVENUE DE LA PRï¿½FECTURE,M,4.0,-,350
201200006335,12,5,27,1200,1,2,1,1.0,6.0,310.0,"80, JAURES (RUE JEAN)",,,,30
201500048487,15,2,24,815,1,2,1,1.0,6.0,383.0,"31, RUE DE LA BALME",,,,690
201600016478,16,7,18,930,1,2,1,1.0,2.0,117.0,FRANCE ( AVENUE DE ),M,4345431.0,523823,130
201500044445,15,1,3,1220,1,1,1,1.0,6.0,44.0,RN406.W,M,4875880.0,247013,940
200900058338,9,12,9,940,1,2,1,1.0,2.0,55.0,"30, BD DU COMMANDANT FIN",,,,130
201100039744,11,8,22,1330,1,2,2,1.0,2.0,259.0,"0, BOULEVARD IRENE JOLIO",M,0.0,0,690
200600030316,6,6,24,1130,1,1,1,1.0,6.0,722.0,,M,4910400.0,-86400,140
200800048660,8,9,28,815,1,1,1,1.0,2.0,353.0,,M,4467400.0,479600,260
200800046622,8,8,17,2100,2,2,1,1.0,7.0,702.0,30 GRANDE RUE,M,0.0,0,600
200500040721,5,7,5,515,2,1,1,1.0,7.0,154.0,,M,4888900.0,120000,270
201500026326,15,9,28,830,1,2,1,1.0,3.0,71.0,"3, BROUSSON  (RUE AUGUST",M,4602525.0,408573,420
201300005088,13,9,6,700,1,2,1,1.0,6.0,22.0,14 av de St Rambert,M,4552185.0,421666,420
200700007308,7,2,13,815,1,2,1,1.0,6.0,88.0,nue du Général De Gaulle,M,0.0,0,280
200900003043,9,4,25,1454,1,2,1,2.0,7.0,108.0,"46, AVENUE DE WAGRAM",,,,750
201500029437,15,4,15,1600,1,2,2,1.0,6.0,194.0,"52, MONTAPINS",,,,580
200500012610,5,3,26,2015,3,1,1,1.0,1.0,252.0,,M,0.0,0,470
201300045732,13,12,21,2140,4,1,1,1.0,6.0,28.0,A86 EXT,M,4877600.0,243821,940
200900048524,9,9,19,2315,3,1,1,1.0,1.0,96.0,,M,0.0,0,440
200700078831,7,12,20,1710,1,2,1,1.0,7.0,270.0,"1, NEUSTADT (ROND-POINT",,,,710
200600035682,6,6,8,345,5,2,1,1.0,6.0,17.0,BPI CLICHY SAINT OUEN,,,,750
200500083855,5,12,22,1810,3,2,1,1.0,6.0,73.0,LUXEMBOURG (AV DU),,,,940
200700038620,7,6,15,1620,1,2,3,1.0,6.0,106.0,BOULEVARD SAINT GERMAIN,,,,750
200500057356,5,9,12,1200,1,2,1,1.0,2.0,55.0,"44, RABATAU (BD)",,,,130
200600032736,6,6,2,1400,1,2,1,1.0,3.0,55.0,MARÉCHAL DE LATTRE (AVEN,,,,130
200600036031,6,6,21,820,1,2,1,1.0,1.0,21.0,"10, ABBAYE (RUE DE L')",,,,800
201200059343,12,12,8,1040,1,2,2,8.0,6.0,120.0,"angle, RUE DE MENILMONTA",,,,750
201200049978,12,2,10,1000,1,1,1,1.0,7.0,36.0,A86,,,,920
200600079430,6,12,25,1805,4,2,3,5.0,3.0,71.0,SAVIGNY (CHEMIN DE),,,,930
200500083804,5,12,28,1730,5,2,1,1.0,6.0,17.0,LENINE (PL),,,,940
201400047129,14,4,16,1915,1,1,1,1.0,5.0,66.0,AUTOROUTE A1,M,4891980.0,235753,930
201400017132,14,5,8,1500,1,1,1,1.0,6.0,214.0,,M,0.0,0,230
200600006015,6,1,28,2300,3,1,1,2.0,7.0,289.0,,M,4895400.0,46100,270
201200034976,12,3,22,1500,1,1,1,1.0,1.0,249.0,RD810,,,,640
201200000578,12,12,6,1900,5,2,1,1.0,6.0,223.0,rue Abel didelet,M,0.0,0,600
201400036039,14,10,12,25,5,2,3,1.0,3.0,586.0,"0, BERTEAUX (MAURICE) N?",,,,780
201300039257,13,12,14,1815,5,2,2,1.0,3.0,25.0,"0, MARCEAU (BD)",,,,920
201500046713,15,10,17,354,3,1,1,8.0,6.0,571.0,A13,,,,780
201100007706,11,11,20,200,3,1,1,1.0,7.0,110.0,,M,0.0,0,380
201400007567,14,9,21,1730,1,2,1,2.0,6.0,12.0,rue des Magnolias,M,0.0,0,900
200800020132,8,4,8,902,1,2,1,1.0,6.0,260.0,"., JUMELAIS(RUE HENRI)",,,,560
200800019256,8,4,11,2200,5,2,2,1.0,3.0,300.0,CENT-VINGT-TROISIEME REG,,,,170
200500062392,5,6,8,955,1,1,1,1.0,2.0,365.0,Autoroute A.35,,,,670
201300020637,13,9,29,120,3,1,1,1.0,7.0,360.0,RUE DU BOCAGE,M,4848182.0,-275663,220
200900004191,9,3,11,1820,1,2,1,1.0,4.0,194.0,"., FAUBOURG PONT NEUF (R",,,,860
200600025323,6,5,16,1843,1,2,1,1.0,6.0,29.0,RIOU (BOULEVARD DU),,,,60
201600048139,16,6,11,1230,1,2,1,1.0,3.0,33.0,CAPITAINE THEN,,,,202
200900070696,9,12,17,750,4,1,1,1.0,4.0,434.0,AUTOROUTE A6,,,,910
201600056110,16,1,7,755,5,2,4,2.0,6.0,119.0,"S75319, BOULEVARD D INDO",M,4888590.0,239655,750
200800075038,8,3,22,1650,1,2,1,1.0,6.0,302.0,"19, GALMOT (AVENUE)",,,,973
200500072178,5,11,9,215,3,1,1,1.0,3.0,553.0,,M,,,330
200800056720,8,10,30,1645,1,1,1,8.0,6.0,49.0,,M,0.0,0,830
201100030523,11,3,21,1209,1,1,1,1.0,7.0,544.0,"1380, CD 41",M,4551990.0,489467,380
200600059086,6,10,17,1545,1,1,1,1.0,6.0,130.0,,M,0.0,0,420
201600003888,16,8,26,1830,1,1,1,9.0,7.0,244.0,RD 993 - PR 42+500,M,4403920.0,291521,120
200900054989,9,9,19,645,2,1,1,1.0,6.0,210.0,,,,,340
201300005497,13,10,6,15,3,1,1,1.0,6.0,223.0,,M,0.0,0,630
201400021956,14,3,13,115,3,1,9,1.0,2.0,52.0,,M,0.0,0,710
201400013151,14,12,22,1234,1,2,1,1.0,3.0,69.0,ALSACE,M,4321561.0,235835,110
201500022725,15,7,18,1138,1,2,1,1.0,6.0,555.0,"2, PORT SAINT ETIENNE",,,,310
201600026547,16,9,4,1855,1,2,3,1.0,6.0,187.0,NOELAS (Rue),M,4603798.0,406854,420
201300053624,13,12,24,830,1,2,1,2.0,6.0,114.0,"8, AVENUE RENE COTY",,,,750
201000031192,10,11,23,2330,5,2,2,1.0,3.0,238.0,E.COMBES/H.ESTIENNE D'OR,M,4809510.0,-166357,350
200700003709,7,1,2,1834,5,2,1,1.0,6.0,24.0,"80, BELIN (RUE DU BOIS)",,,,640
200600077273,6,12,5,1655,5,2,1,3.0,6.0,606.0,PATER (BOULEVARD),,,,590
200900024737,9,7,29,1440,1,2,2,1.0,1.0,68.0,F.BOUTET/NELSON MANDELA,M,4.0,0,450
201500005025,15,12,15,800,2,1,1,8.0,5.0,219.0,lieu dit Villedieu,M,4573796.0,412868,420
200700079758,7,12,11,815,1,2,6,1.0,6.0,51.0,MONT D'EST (BD),,,,930
200500079707,5,12,13,1210,1,2,1,8.0,1.0,95.0,"42, AMPERE (RUE)",,,,30
201100065431,11,7,15,145,3,1,1,1.0,1.0,15.0,,R,0.0,0,974
201100018083,11,10,14,1515,1,2,1,1.0,6.0,113.0,CD 13,M,0.0,0,130
201500019045,15,6,5,1345,1,1,1,1.0,2.0,56.0,HAMEAU DU BEAU JAY,M,4908610.0,235710,950
200500080453,5,12,10,1220,1,2,3,1.0,3.0,279.0,CD 926,,,,180
200800015551,8,1,16,2000,5,2,1,2.0,6.0,131.0,FLORNOY BERTRAND  (RUE),,,,770
200500033384,5,6,16,730,1,2,2,1.0,3.0,555.0,"10, BARONIE (RUE) DU 1AU",,,,310
200500055826,5,9,4,2030,2,2,1,1.0,5.0,155.0,74 bis rue Paul Bert,M,0.0,0,450
200900000809,9,2,11,1920,3,2,1,1.0,2.0,119.0,"163, BOULEVARD SERURIER",,,,750
201400022574,14,2,5,1900,5,2,1,1.0,6.0,28.0,PERRIERES (DESCENTE DES),,,,300
201500035028,15,7,21,1615,1,2,1,1.0,3.0,61.0,RD559  ST AYGULF,M,4340326.0,672977,830
200800020881,8,4,23,445,5,2,1,1.0,7.0,137.0,JUIN (AVE ALPHONSE),,,,830
201200010103,12,1,10,1445,1,1,1,1.0,3.0,21.0,,M,0.0,0,370
201500014861,15,7,31,1823,1,2,1,1.0,1.0,55.0,"177, MENDES FRANCE (AVEN",M,4325393.0,537617,130
201500010183,15,7,18,1358,1,2,1,1.0,7.0,29.0,"26, MIDI (BOULEVARD DU)",,,,60
200600056145,6,9,22,1640,1,2,1,8.0,6.0,18.0,47 BD NEY,,,,750
201400002480,14,8,17,700,2,2,1,1.0,6.0,140.0,AVENUE DE LA CROIX BLANC,M,0.0,0,330