Num_Acc,an,mois,jour,hrmn,lum,agg,int,atm,col,com,adr,gps,lat,long,dep
201200039288,12,10,21,655,3,1,1,1.0,7.0,34.0,"0, RUE DES 3 PINS",,,,830
200700079005,7,12,10,1705,5,2,6,2.0,3.0,297.0,"IGNORE, CARREFOUR DE L'E",,,,780
200900022870,9,3,15,1130,1,2,1,1.0,7.0,69.0,"x, LIBERATION (AVENUE DE",,,,60
201000016714,10,6,12,1110,1,2,2,1.0,3.0,88.0,"0, ROSTAND (R. EDMOND)",,,,60
201300040938,13,7,19,1850,1,2,1,1.0,2.0,5.0,JULES PRINCET [CD115] (R,,,,930
201200044913,12,1,6,830,1,2,2,1.0,1.0,48.0,FRANKLIN / WALWEIN,,,,930
200800029139,8,5,1,1500,1,1,1,2.0,3.0,15.0,,M,0.0,0,180
201200023870,12,10,12,750,1,2,1,1.0,3.0,189.0,BOEGNER PASTEUR MARC (BO,,,,300
201200048087,12,1,25,1715,1,2,1,1.0,6.0,476.0,R PASTEUR,M,4906210.0,206740,950
201100051515,11,1,21,2010,5,2,5,1.0,6.0,68.0,CRETEIL /  CHOLET,M,4879810.0,248586,940
201200002234,12,7,6,2250,5,2,2,1.0,1.0,283.0,"125, VERDUN (COURS DE DU",M,0.0,0,10
200700006771,7,2,8,1830,5,1,1,2.0,3.0,176.0,,M,4605000.0,396000,420
200900045328,9,3,22,2100,5,2,2,1.0,3.0,44.0,GENERAL LECLERC(PLACE),,,,920
201400033600,14,2,14,1705,1,2,2,1.0,3.0,224.0,"22, SCHWILGUE (RUE)",M,4775009.0,732750,680
200800058835,8,10,21,1725,1,2,3,1.0,2.0,225.0,"99 bis, JEAN JAURES (RUE",,,,590
200800015398,8,3,10,1930,5,2,1,2.0,6.0,113.0,"75, BOULEVARD MASSENA",,,,750
200600069209,6,11,27,945,1,2,1,1.0,3.0,18.0,ECH CHAPELLE,,,,750
201300048361,13,4,12,1700,1,2,1,2.0,7.0,383.0,"37, AVENUE FELIX FAURE",,,,690
201500047214,15,6,28,1706,1,1,1,1.0,2.0,64.0,RN 118,,,,910
200500036971,5,6,16,2045,1,2,3,1.0,3.0,81.0,PRESIDENT SALVADOR ALLEN,,,,940
201200003777,12,4,14,1245,1,1,3,1.0,6.0,445.0,rte de castres/D64,M,4358419.0,154937,310
200700049390,7,8,5,15,5,2,1,1.0,6.0,681.0,ROUTE DEPARTEMENTALE 313,,,,270
200800017448,8,4,19,1730,1,2,9,1.0,6.0,145.0,parking front de mer,M,0.0,0,110
200500035769,5,6,1,1210,1,2,1,1.0,3.0,681.0,14 JUILLET. AVENUE DU,,,,760
200800047663,8,8,28,1800,1,1,2,1.0,5.0,179.0,,M,4387400.0,458600,300
200800012639,8,3,22,1705,1,2,1,1.0,3.0,184.0,"0, COTY (BOULEVARD RENÉ)",,,,440
200800030338,8,6,13,2100,1,1,1,1.0,6.0,268.0,,M,4511700.0,414500,430
200600002901,6,1,9,1650,1,2,1,1.0,6.0,288.0,"70, ARISTIDE BRIAND  (BO",,,,770
200500032034,5,5,14,2100,5,2,1,1.0,3.0,387.0,"386, GARIBALDI",,,,690
200800071546,8,12,16,2215,5,2,2,1.0,3.0,7.0,"0, JERUSALEM",,,,490
200500079278,5,12,18,1930,3,1,1,1.0,6.0,169.0,,M,0.0,0,950
201400020124,14,6,30,1800,1,1,1,2.0,5.0,240.0,,M,4824035.0,-222273,220
200500027620,5,5,11,1815,1,2,2,1.0,3.0,55.0,MARECHAL FOCH (AVENUE),,,,130
201200003829,12,10,23,1615,1,1,1,1.0,6.0,341.0,,M,0.0,0,310
201200011673,12,9,12,1800,1,2,2,1.0,6.0,88.0,"0, PASTORELLI (R.)",,,,60
201200018522,12,5,19,135,3,1,1,1.0,7.0,79.0,TOURGEVILLE (ROUTE DE),M,4932370.0,2760,140
201100064868,11,10,14,950,1,2,1,1.0,4.0,119.0,BOULEVARD PERIPHERIQUE E,,,,750
201400050226,14,2,12,1145,1,2,1,1.0,3.0,387.0,"367, RUE GARIBALDI",,,,690
200600056170,6,9,24,2340,5,2,1,2.0,3.0,5.0,2 BD DE L HOPITAL,,,,750
200800018793,8,4,7,1310,1,2,1,1.0,2.0,69.0,"229, CANNES (ROUTE DE)",,,,60
201000037090,10,3,18,1810,1,2,1,1.0,6.0,648.0,"100, CLEMENCEAU RUE",,,,590
200500021970,5,4,7,2245,5,2,2,2.0,3.0,72.0,PAVE DES GARDES (ROUTE D,,,,920
201500018186,15,8,28,1850,1,1,1,1.0,7.0,307.0,RD 199,M,4418460.0,283273,120
201300031767,13,9,7,38,5,2,1,1.0,6.0,14.0,"32, LAVOISIER (AVENUE)",M,4575526.0,314303,630
200700068888,7,11,24,950,1,2,3,1.0,3.0,63.0,RUE DE PESSAC,,,,330
201400049785,14,12,1,820,1,2,0,2.0,7.0,383.0,"47, AVENUE FELIX FAURE",,,,690
201600043474,16,12,25,220,5,2,2,1.0,3.0,52.0,CHARLES DE GAULLE (GRAND,,,,940
200800016409,8,3,14,1345,1,2,1,8.0,6.0,384.0,123 Faubourg de Mulhouse,M,4770000.0,730000,680
201300030511,13,4,29,1840,1,2,2,1.0,6.0,512.0,"58, ANSEELE (RUE EDOUARD",,,,590
200600005588,6,1,4,1645,1,2,2,1.0,6.0,150.0,e - avenue de la marine,M,0.0,0,340
201000050028,10,5,28,1520,1,2,1,1.0,6.0,5.0,DOCTEUR ROUX (RUE DU),M,4893110.0,249287,930
200600027542,6,5,6,1300,1,2,1,1.0,6.0,447.0,"52, SARREBOURG (RUE DE)",,,,670
201000046034,10,10,19,1420,1,2,3,1.0,2.0,194.0,ANDRE MALRAUX (VOIE),,,,860
200600063926,6,10,22,1850,5,2,1,2.0,3.0,330.0,"3, FOULEE (AVENUE DE LA)",,,,770
201400052270,14,4,20,2,5,2,2,1.0,3.0,105.0,"180, RUE SAINT JACQUES",,,,750
200800052231,8,9,7,1620,1,2,1,1.0,7.0,149.0,"999, PIBRAC (ROUTE DE)",,,,310
200600022653,6,4,22,1630,1,2,1,1.0,7.0,76.0,REPUBLIQUE (AV DE LA),,,,940
201600024591,16,2,8,1810,5,2,1,1.0,2.0,172.0,"., VENTRE (ROND-POINT JU",M,4361830.0,386308,340
200500020476,5,4,8,1719,1,2,2,1.0,6.0,482.0,"139, WANTZENAU (RTE DE L",,,,670
201000014038,10,5,3,1315,1,2,1,1.0,6.0,235.0,RN 445 AV DU DOC FICHEZ,M,4864200.0,236300,910
200900050419,9,8,5,1310,1,1,1,1.0,7.0,487.0,R.D 579,,,,140
201400011914,14,1,17,1045,1,2,1,5.0,1.0,22.0,"32, route de Fronton",M,0.0,0,310
200900057667,9,10,30,1100,1,2,9,7.0,6.0,1.0,"/, CHAPITRE (RUE DU)",,,,130
201400020680,14,7,14,1530,1,2,1,1.0,3.0,22.0,cd 201,M,4782745.0,738105,680
201600048870,16,6,8,740,1,1,1,1.0,2.0,271.0,AUTOROUTE A16,M,5100319.0,233238,590
200700057480,7,9,22,1810,1,1,1,1.0,7.0,429.0,RD 138,,,,760
201100024195,11,11,8,730,5,2,2,2.0,6.0,278.0,RUE Antoine MAZIER,M,4851409.0,-274226,220
201100019984,11,5,14,1430,1,2,1,1.0,3.0,55.0,"80, BD FRANCOISE DUPARC",M,4330472.0,540104,130
201200056083,12,5,24,900,1,2,2,1.0,6.0,112.0,RUE DE PICPUS,,,,750
200600054301,6,9,26,1430,1,2,1,6.0,2.0,3.0,MITTERRAND (K19 A O24,,,,340
200800032639,8,6,3,930,1,2,1,1.0,6.0,330.0,"2, GAMBETTA (PLACE)",,,,420
200900008716,9,6,1,1535,1,2,1,1.0,3.0,114.0,"108, RUE D ALESIA",,,,750
200700055828,7,9,29,1000,1,2,1,1.0,1.0,555.0,"999, RTE DE LABEGE",,,,310
201400001084,14,12,9,1000,1,1,1,1.0,6.0,60.0,bourg,M,4790788.0,-404324,290
201100009527,11,1,26,1930,5,2,6,2.0,3.0,286.0,"PV,CARREFOUR RD426-RD215",M,4844769.0,754930,670
201000061020,10,11,26,1330,1,2,3,1.0,2.0,106.0,"08, BOULEVARD SAINT MICH",,,,750
200500057174,5,9,17,1250,1,2,3,1.0,3.0,387.0,"000, CAPUCINS (RUE DES)",,,,100
201400019096,14,3,28,2025,3,1,1,1.0,6.0,24.0,,M,0.0,0,790
200800006363,8,2,3,530,3,1,1,1.0,6.0,51.0,,M,4346600.0,108800,310
201200043659,12,1,17,1530,1,2,1,1.0,2.0,62.0,BOULEVARD CIRCULAIRE,,,,920
201000060730,10,5,15,100,5,2,1,1.0,2.0,106.0,RUE MONSIEUR LE PRINCE,,,,750
201000031296,10,10,27,1735,1,2,1,1.0,6.0,288.0,"0, COMPAGNIE DES INDES (",,,,350
201600051337,16,5,9,1740,1,2,5,1.0,3.0,103.0,"53, RUE DE TURBIGO",M,4886550.0,235571,750
201100043520,11,11,28,1200,1,2,1,1.0,4.0,137.0,PICOT (AVE DU COLONEL),,,,830
201600039285,16,11,27,315,5,2,1,1.0,7.0,64.0,"01, REPUBLIQUE",,,,920
201000050208,10,5,29,2150,2,2,1,1.0,6.0,7.0,"14, ""HENRI BARBUSSE (AVE",M,4893680.0,245854,930
201400008748,14,11,14,815,1,1,1,1.0,1.0,83.0,,M,4371383.0,421891,300
201000017864,10,12,16,1800,5,2,6,3.0,1.0,580.0,RD 16,M,4908650.0,255260,950
201400050808,14,8,22,1600,1,1,1,1.0,7.0,249.0,A42   6.290 A 8.310,M,4581400.0,495166,10
201300026078,13,6,28,505,2,2,2,1.0,3.0,261.0,HEURTELOUP (BOULEVARD),,,,370
200700067836,7,11,27,1730,5,2,1,1.0,6.0,88.0,"32, PASTEUR (BD)",,,,60
200900017719,9,6,22,1150,1,2,1,1.0,3.0,7.0,"19, PRUNIERS",,,,490
200900067302,9,12,5,550,5,2,1,1.0,7.0,27.0,VENCE ROUTE DE,,,,60
201100041101,11,5,23,1332,1,2,7,1.0,6.0,540.0,PL CHARLES DE GAULLE,M,4944360.0,109878,760
200800042605,8,7,11,500,5,2,1,1.0,6.0,107.0,PLACE JOFFRE,,,,750
200500008487,5,2,14,1120,1,2,9,1.0,3.0,122.0,"67, ANGLET (AVENUE D')",,,,640
201300044140,13,6,7,1830,1,2,1,1.0,2.0,42.0,GENERAL GALLIENI - PONT,,,,940
201600039168,16,9,27,845,1,2,1,1.0,7.0,63.0,"25, SOLFERINO (BOULEVARD",,,,920
200500007595,5,2,11,1250,1,2,1,1.0,6.0,555.0,ARNAUD BERNARD (PL) DU 1,,,,310
200600024278,6,5,24,1700,1,1,1,1.0,2.0,435.0,,M,0.0,0,540
200800019463,8,4,17,1622,1,2,1,2.0,6.0,189.0,"25, BONFA (RUE)",M,4384653.0,436229,300
200900001267,9,1,7,1515,1,2,1,1.0,6.0,130.0,,M,4.0,0,120
201600001601,16,7,16,1015,1,1,1,1.0,1.0,623.0,,M,4965910.0,-183248,500
200700069684,7,11,21,1645,2,2,1,1.0,6.0,368.0,DE COUBERTIN PIERRE  BOU,,,,590
200700013170,7,3,23,1215,1,1,1,2.0,1.0,132.0,,M,0.0,0,910
200500033166,5,6,27,1810,1,2,1,1.0,3.0,362.0,"71, PAPIN RUE DENIS (304",,,,260
201600008965,16,9,27,730,1,2,1,1.0,3.0,258.0,AVENUE NELSON MANDELA,M,4367618.0,441907,300
200800065788,8,11,30,1950,5,2,2,2.0,3.0,62.0,"00, DE DION BOUTON (QUAI",,,,920
201100008110,11,10,26,1700,1,1,1,1.0,1.0,192.0,Ch de la rate,M,0.0,0,740
201400057698,14,1,28,2215,5,2,1,2.0,6.0,112.0,PORTE DE CHARENTON,,,,750
200500031418,5,5,27,815,1,2,1,1.0,2.0,48.0,"30-32, VILLIERS (RUE DE)",,,,930
201100038352,11,12,6,1810,2,2,1,2.0,1.0,189.0,AV DE CHANTACO,M,4338410.0,-165276,640
200500005960,5,1,19,1250,1,2,1,1.0,6.0,51.0,BUTTE VERTE,,,,930
201500037323,15,2,23,1220,1,2,1,1.0,2.0,4.0,", DOCTEUR DERVAUX  ( QUA",,,,920
201400046342,14,12,13,2310,5,2,2,1.0,6.0,4.0,"., NAPOLEON COURS AVANT",M,0.0,0,201
201600029733,16,4,22,1130,1,2,6,1.0,2.0,194.0,"SANS, Rond point de la L",M,4697800.0,312497,580
201600002737,16,10,6,1830,1,2,2,1.0,3.0,14.0,Inter D22E2-R.GRAVIERES,M,4497084.0,15901,330
200700020149,7,4,13,500,3,1,1,1.0,2.0,1.0,,M,4355200.0,532800,130
200700050309,7,8,23,1800,1,2,2,1.0,3.0,160.0,DEPORTES (RUE DES),,,,590
200800066644,8,11,2,1600,1,2,1,2.0,7.0,88.0,"73, PESSICART (JUSQU'AU",,,,60
200500056071,5,9,11,15,3,1,1,1.0,3.0,14.0,,M,0.0,0,630
201000001747,10,6,26,1800,1,1,1,1.0,3.0,222.0,,M,4854100.0,-154900,350
201600048080,16,2,25,2050,3,1,1,3.0,2.0,33.0,193 - RN,M,4267447.0,944408,202
200800014573,8,3,6,1315,1,2,3,1.0,3.0,382.0,"30, COURS DE VERDUN PERR",,,,690
201600055500,16,6,18,1645,1,2,1,1.0,3.0,117.0,"87, AVENUE DE WAGRAM",M,4888080.0,230014,750
200600003599,6,1,21,1025,1,2,1,1.0,6.0,31.0,"65, GALLIENI (AVENUE)",,,,930
200500066196,5,10,13,1530,1,1,2,8.0,3.0,198.0,D21E,,,,340
200800034844,8,6,23,920,1,1,1,1.0,6.0,217.0,A13,,,,780
200800049164,8,9,10,1700,1,1,1,1.0,1.0,405.0,,M,0.0,0,160
200600022446,6,4,25,1145,1,2,1,1.0,2.0,5.0,"21, JACQUES DUCLOS [CD44",,,,930
201400043868,14,3,8,2030,5,2,3,1.0,3.0,17.0,"83, TALAMONI / A TRAIT",M,4881280.0,251415,940
201600009349,16,5,11,1100,1,1,1,8.0,1.0,96.0,,M,0.0,0,202
201100030527,11,5,20,1100,1,2,4,1.0,6.0,544.0,MALISSOL(MONTEE DE),M,4551680.0,491875,380
201000034303,10,5,11,1410,1,2,1,1.0,7.0,7.0,"49, TOUSSAINT RUE ET IMP",M,4746920.0,-55713,490
201000002387,10,7,19,1745,1,1,2,1.0,3.0,228.0,,M,4929500.0,-41600,140
200800042882,8,8,9,1015,1,2,2,1.0,6.0,110.0,"158, RUE LA FAYETTE",,,,750
201500036742,15,11,25,2125,5,2,6,2.0,7.0,201.0,GENERAL DE GAULLE(BOULEV,M,4868827.0,239070,910
201200014498,12,2,2,1810,5,2,1,1.0,2.0,55.0,"0, AVE DE CHATEAU GOMBER",,,,130
201600011584,16,2,7,1400,1,1,1,4.0,5.0,257.0,,M,4536686.0,651872,730
200700053298,7,9,13,1430,1,1,1,1.0,3.0,191.0,,M,4375500.0,-8900,320
201000062026,10,5,2,40,5,2,1,2.0,6.0,110.0,"166, RUE LA FAYETTE",,,,750
201500047223,15,7,3,120,5,1,1,1.0,2.0,174.0,RN 104,,,,910
200700023686,7,4,3,1600,1,1,1,1.0,7.0,65.0,RD 622,,,,810
200800053311,8,9,25,1650,1,2,1,1.0,6.0,111.0,"85, RUE DU FAUBOURG SAIN",,,,750
201100034895,11,4,21,1330,1,1,2,1.0,3.0,431.0,PAVE FRUIT (RUE DU),,,,590
201500023437,15,5,20,1800,1,2,1,1.0,6.0,63.0,"215, RUE MALBEC",M,4482180.0,-56944,330
200800050853,8,9,19,920,1,1,1,1.0,2.0,114.0,ROUTE NATIONALE 6,,,,910
200500012820,5,3,5,1545,1,1,1,1.0,6.0,78.0,,M,4366300.0,198400,810
200600002943,6,1,10,2015,5,2,3,1.0,3.0,5.0,"41, CONFLANS (AVENUE DE)",,,,780
201600031320,16,11,11,1900,3,1,1,1.0,5.0,300.0,RD 2009,M,4591636.0,313419,630
200900062180,9,10,16,1145,1,1,1,1.0,3.0,37.0,"SANS, TOUTES RUES",,,,202
201600020918,16,10,7,1840,1,2,2,1.0,3.0,187.0,"0, RUE DU GENERAL DE GAU",M,4854027.0,-277114,220
201400027830,14,10,30,1255,1,2,1,7.0,6.0,109.0,"111, RUE DU LANDREAU",,,,440
201600004971,16,7,12,1515,1,1,1,1.0,1.0,203.0,,M,0.0,0,380
201400005088,14,1,14,700,5,1,2,8.0,1.0,180.0,,M,4558946.0,414680,420
200800029836,8,6,28,1545,1,1,1,1.0,6.0,506.0,,M,0.0,0,330
200900026473,9,6,11,815,1,2,3,1.0,1.0,193.0,rue du port de l'isle,M,0.0,0,380
200700037619,7,6,13,1700,1,2,3,1.0,6.0,48.0,"209, ROSNY (RUE DE)",,,,930
201100002201,11,1,11,1530,1,2,1,1.0,7.0,69.0,Kermunition.,M,4764018.0,-345789,560
201100060903,11,5,5,2215,5,2,5,1.0,6.0,113.0,"184, RUE DE TOLBIAC",,,,750
201600006553,16,1,22,2245,5,2,1,2.0,7.0,520.0,rue du général de gaulle,M,0.0,0,670
200700074025,7,11,13,1515,1,2,1,1.0,3.0,85.0,Route d'Italie,M,0.0,0,50
201100010335,11,6,24,200,3,1,1,1.0,3.0,235.0,,M,4864715.0,487394,520
200700038642,7,6,10,1145,1,2,1,1.0,6.0,107.0,"39, AVENUE DE SUFFREN",,,,750
200900063490,9,12,27,630,3,1,1,1.0,3.0,36.0,AUTOROUTE A15,,,,920
201300051144,13,5,15,1900,1,2,2,1.0,3.0,107.0,AVENUE DUQUESNE,,,,750
201000002315,10,6,2,1545,1,1,1,1.0,3.0,20.0,,M,0.0,0,560
201400023908,14,1,14,1640,1,2,3,1.0,6.0,318.0,"156, AVE JEAN JAURES",,,,330
201100052642,11,10,15,1020,1,2,2,1.0,2.0,563.0,AV DES TILLEULS,M,4901590.0,223850,950
201000062486,10,9,3,1305,1,2,1,1.0,6.0,111.0,"5, AVENUE PHILIPPE AUGUS",,,,750
201200022694,12,6,15,1235,1,2,3,2.0,2.0,681.0,BD G AZEMIA  R L DAMASSE,M,4908100.0,148499,270
200600026752,6,5,6,1013,1,1,1,8.0,7.0,269.0,"., MANS (ROUTE DU)",,,,410
200800056613,8,10,21,2015,3,1,1,2.0,4.0,285.0,,M,0.0,0,470
200500038306,5,6,20,2345,3,1,1,1.0,6.0,511.0,,M,0.0,0,640
201200026828,12,9,12,946,1,2,3,2.0,7.0,238.0,V.MAREUIL/CHARDONNET,M,4810670.0,-165090,350
201600045149,16,11,9,1015,1,1,1,2.0,7.0,42.0,A4,M,4882860.0,247634,940
201300055495,13,12,23,1645,5,2,1,1.0,3.0,119.0,"236, BOULEVARD DE LA VIL",,,,750
200500035859,5,6,18,230,3,1,1,1.0,6.0,447.0,C.D 50,,,,770
200600076733,6,12,1,2110,5,2,2,1.0,3.0,147.0,PAUL (RUE MARCEL PAUL),,,,450
200500035133,5,6,3,1813,1,2,1,1.0,6.0,20.0,34 R DURIS,,,,750
200800033994,8,6,9,2050,1,2,1,1.0,1.0,209.0,"00, RENE FONCK (RUE)",,,,880
200700054531,7,9,8,1900,1,2,1,1.0,6.0,108.0,36 rue de la chapelle,M,4853300.0,759400,670
201300016935,13,9,26,150,4,2,1,1.0,7.0,366.0,"12, NICOLAS ORESME (BOUL",,,,140
201600031910,16,1,18,948,1,2,1,3.0,6.0,286.0,"10, ESPAGNE (BOULEVARD D",M,4309180.0,-4075,650
200600079434,6,12,4,1820,5,2,1,2.0,6.0,72.0,MOULIN NEUF (RUE DU),,,,930
200600058464,6,10,20,800,3,1,1,2.0,6.0,246.0,,M,4805100.0,-298000,560
200600021186,6,4,11,220,5,2,1,1.0,6.0,12.0,RTE DAUPHINE,,,,750
200500079129,5,12,24,15,5,2,1,1.0,6.0,57.0,AVENUE DES APPOLONS,M,4364000.0,392000,340
200800059212,8,10,9,1620,1,2,1,1.0,6.0,218.0,"61, STRASBOURG (ROUTE DE",,,,670
201200029767,12,10,23,1357,1,2,1,1.0,6.0,7.0,"48, ROI RENE BOULEVARD",M,4746722.0,-55522,490
201300025082,13,1,12,920,1,2,1,1.0,1.0,281.0,TEMPLE-DE-BLOSNE (RUE DU,M,4808987.0,-169541,350
201300053923,13,11,16,245,5,2,3,1.0,6.0,115.0,"1, RUE MIZON",,,,750
200500005476,5,1,13,1005,1,2,2,1.0,6.0,7.0,L.CARPENTRAS(Impasse),,,,840
200600026838,6,5,16,1825,1,2,2,1.0,3.0,109.0,RUE DES PLATANES,,,,440
200700043929,7,7,27,1400,1,2,3,1.0,3.0,224.0,"01, SAINT-SAUVEUR (RUE)",,,,680
201400003632,14,5,5,1930,1,2,6,1.0,7.0,526.0,avenue du grand bois,M,4357469.0,124440,310
200500070135,5,10,25,1945,1,1,1,1.0,2.0,137.0,Route Nationale 83,,,,670
201200031928,12,1,16,925,1,2,9,1.0,6.0,183.0,"0000, BATELLERIE",,,,590
200800017384,8,4,7,1830,1,2,1,1.0,1.0,135.0,Pietrapola,M,4199200.0,929500,202
201300009142,13,12,7,115,5,2,1,1.0,6.0,630.0,rue du village face au 7,M,0.0,0,910
201300041369,13,7,22,1345,1,2,1,1.0,6.0,27.0,"56, CONVENTION (RUE DE L",,,,930
201000046341,10,8,22,1103,1,2,2,1.0,3.0,85.0,"15, MATISSE (RUE HENRI)",,,,870
200900058687,9,11,11,100,3,1,1,1.0,6.0,340.0,,M,4.0,0,340
201100024845,11,11,18,1905,5,2,1,1.0,6.0,281.0,26281,,,,260
200500035427,5,6,16,1230,1,2,1,1.0,3.0,19.0,24 AV JEAN JAURES,,,,750
200500035937,5,6,19,1520,1,2,2,1.0,1.0,335.0,"1, AVENUE DU STADE",,,,780
200800054685,8,9,4,1930,1,2,1,1.0,3.0,118.0,PORTE DE LA CHAPELLE,,,,750
200800004238,8,1,17,1940,3,1,3,2.0,1.0,621.0,POLITZER (AVENUE GEORGES,,,,780
200800010155,8,2,19,1215,1,2,1,1.0,3.0,11.0,"0, SEMARD(RUE PIERRE)",,,,940
201600006516,16,2,24,1515,1,1,1,1.0,7.0,348.0,,M,0.0,0,670
200600023278,6,4,22,2200,4,2,1,1.0,3.0,48.0,"165, CHANZY (BOULEVARD)",,,,930
200800010491,8,2,6,1545,1,1,1,1.0,3.0,507.0,AUTOROUTE A1,,,,590
200500047198,5,7,28,1550,1,1,1,1.0,6.0,66.0,BRISE ECHALAS,,,,930
201600021462,16,3,25,810,1,2,1,1.0,6.0,229.0,"34, RUGBY (RUE DE)",M,4900834.0,115915,270
200700017984,7,3,21,718,2,1,1,1.0,3.0,423.0,A12W,,,,780
201600057007,16,11,25,1220,1,2,2,8.0,3.0,101.0,QUAI FRANCOIS MITTERRAND,M,4886010.0,233333,750
201300007393,13,2,6,1930,3,1,1,4.0,7.0,132.0,,M,0.0,0,700
200500054009,5,9,19,1745,1,2,1,1.0,1.0,136.0,Rue Pasteur,M,0.0,0,590
201500028111,15,12,23,1120,1,2,1,1.0,6.0,502.0,RUE DE LAITIERE NORMANDE,M,4911530.0,-109046,500
201000013363,10,3,20,500,3,1,1,2.0,7.0,277.0,,M,4421977.0,454256,300
200800065997,8,11,27,1010,1,1,1,5.0,2.0,33.0,NEVERS (AVENUE DE),,,,180
201300013731,13,1,7,1330,1,2,1,1.0,1.0,102.0,COUVENT  CHEMIN DU,M,4341925.0,522883,130
201500057880,15,1,16,815,1,2,1,1.0,3.0,302.0,ROUTE NATIONALE 1,G,0.0,0,973
201600041622,16,8,22,250,5,2,4,1.0,3.0,70.0,"04, SEINE (QUAI DE)",,,,930
201300033698,13,10,10,705,2,2,1,1.0,3.0,256.0,"31, LOUIS SAILLANT",,,,690
201000059811,10,4,14,30,5,1,1,8.0,7.0,211.0,A50-SENS MARSEILLE VERS,M,4328820.0,544248,130
200900037503,9,9,6,530,3,1,1,1.0,6.0,30.0,,M,0.0,0,290
201100013152,11,2,28,1745,1,1,3,1.0,3.0,1.0,,M,0.0,0,201
200500062528,5,10,28,1130,1,2,1,1.0,6.0,527.0,Rue de Cauhet,M,4945800.0,318000,20
201000039200,10,11,13,340,5,2,2,1.0,3.0,113.0,"1, THEURIET (RUE ANDRE)",,,,630
201100016250,11,9,29,2335,5,2,1,1.0,3.0,88.0,"0, GAMBETTA (JUSQU'AU N?",,,,60
201200040159,12,9,6,818,1,2,1,1.0,6.0,113.0,"0, GIRAUDOUX (AVENUE JEA",,,,870
200800062774,8,11,9,815,1,1,1,1.0,6.0,173.0,,M,4411200.0,417500,300
200700042163,7,7,21,1730,1,2,3,1.0,6.0,55.0,LÉON BANCAL (RUE),,,,130
201600032838,16,10,19,2016,5,2,2,1.0,1.0,224.0,SAINT-NAZAIRE (RUE DE),M,4777334.0,732898,680
200500015186,5,3,19,1745,1,2,1,1.0,6.0,238.0,"00, UKRAINE (ALLEE D')",,,,350
201600015881,16,11,4,1410,1,2,1,1.0,6.0,55.0,"175, CASSIS ANCIEN CHEM",M,4326019.0,541737,130
201300020929,13,10,1,815,1,2,1,1.0,6.0,319.0,rue d'Alsace,M,5097099.0,244493,590
201200043750,12,6,18,1550,1,2,1,1.0,6.0,1.0,"26, LOPEZ ET JULES MARTI",M,4891470.0,239939,930
201500054562,15,5,29,840,1,2,7,1.0,6.0,117.0,"24, PLACE CHARLES FILLIO",,,,750
200900035756,9,9,9,1700,1,2,1,1.0,1.0,127.0,RUE DE LA MAIRIE,M,4.0,0,280
201500008811,15,5,12,1915,1,2,1,1.0,7.0,215.0,"RT40, route de Sartène,",M,0.0,0,201
201400004152,14,7,25,1500,1,1,1,3.0,1.0,51.0,,M,4396150.0,190535,810
200600068639,6,11,8,1950,5,2,2,1.0,3.0,16.0,PL AMIRAL DE GRASSE AV D,,,,750
200600007776,6,2,27,1520,1,2,1,1.0,7.0,55.0,"252, BAILLE (BOULEVARD)",,,,130
200900004673,9,1,5,2040,5,2,3,1.0,3.0,557.0,LARRAMET/TUCAUT/GRILLOU,M,4.0,0,310
201300003925,13,5,13,630,1,1,1,1.0,6.0,208.0,,M,4395200.0,61177,320
200500040223,5,6,3,45,5,2,1,1.0,6.0,150.0,ROND POINT HAMAT,M,0.0,0,310
201600015112,16,7,11,950,1,2,1,1.0,3.0,55.0,"61, JEAN MOULIN (BOULEVA",M,4328715.0,540006,130
201500007124,15,6,14,900,1,1,1,1.0,7.0,590.0,,M,4728900.0,643600,250
201500037908,15,3,30,1805,1,2,2,1.0,6.0,24.0,"5, CLAUDE DEBUSSY (AVENU",,,,920
201300000894,13,4,6,1845,1,1,3,1.0,3.0,95.0,,M,4853695.0,-176586,350
201200038585,12,12,3,1755,2,2,1,2.0,6.0,621.0,R PAUL LANGEVIN,M,4877651.0,199319,780
201400044392,14,8,24,1205,1,2,2,1.0,7.0,33.0,DUHAIL / SAINT-VINCENT,M,4884520.0,246806,940
200500009930,5,2,6,1740,2,2,1,1.0,6.0,28.0,"55, SAVAR.(RUE JULIETTE)",,,,940
201400022877,14,5,21,2015,1,2,2,1.0,3.0,169.0,RUE NOTRE DAME,M,4437990.0,469260,260
201100055776,11,10,11,1700,1,2,1,1.0,6.0,286.0,"6, AVENUE DE L EUROPE",,,,690
201000032139,10,6,4,1300,1,2,1,1.0,3.0,185.0,RUE GÉNÉRAL MANGIN,,,,380
200900001337,9,1,5,1815,3,1,1,4.0,1.0,289.0,,M,0.0,0,450