Num_Acc,an,mois,jour,hrmn,lum,agg,int,atm,col,com,adr,gps,lat,long,dep
200500041597,5,7,28,2315,3,1,1,1.0,6.0,77.0,,M,0.0,0,690
200800006518,8,2,17,1915,5,1,1,1.0,6.0,285.0,,M,0.0,0,420
200700008941,7,2,6,800,2,2,1,1.0,6.0,267.0,"0, GEMMETRIE",,,,490
201500041609,15,3,25,555,5,2,3,2.0,3.0,72.0,STALINGRAD (AVENUE DE) D,,,,930
200900039492,9,10,6,1357,1,2,3,1.0,3.0,231.0,STRASBOURG (DE) (BOULEVA,,,,210
200800069912,8,12,6,115,3,1,1,1.0,6.0,320.0,,M,0.0,0,720
200600036633,6,6,25,600,1,2,1,9.0,6.0,32.0,HENRI BARBUSSE   (AVENUE,,,,930
201000019811,10,5,17,1525,1,2,6,6.0,2.0,1.0,PICASSO PABLO (AV),,,,130
200900006799,9,3,25,1020,1,2,1,1.0,2.0,445.0,AVENUE  DE L' EUROPE,M,4.0,-,640
200700006217,7,2,20,2000,3,1,1,1.0,3.0,644.0,CD181,M,0.0,0,270
201100000969,11,5,10,1145,1,2,1,1.0,3.0,636.0,D932,M,0.0,0,600
201500013135,15,3,2,1730,1,1,1,1.0,2.0,1.0,"., RD9",,,,130
201000055118,10,4,23,30,5,1,1,1.0,7.0,69.0,A4,M,4881730.0,244284,940
200500037260,5,6,2,1955,1,1,1,1.0,3.0,640.0,A86E,,,,780
201200026514,12,1,21,1530,1,2,1,1.0,7.0,238.0,"00, FREVILLE (AVENUE HEN",,,,350
201100025110,11,12,18,745,1,1,1,4.0,6.0,628.0,,M,4961728.0,104087,760
201100031526,11,4,16,1120,1,2,3,1.0,7.0,109.0,"., AVENUE CARNOT",,,,440
201600024721,16,7,9,1004,1,2,1,1.0,3.0,172.0,"SANS, MELIES (RUE GEORGE",M,4360650.0,392411,340
201200021756,12,12,12,1210,1,2,1,1.0,3.0,54.0,"38, VIGNOLLES-UNIVERSITE",,,,210
200700030894,7,5,6,1535,1,2,2,1.0,3.0,22.0,"2012, SALENGRO (AVENUE R",,,,920
201500043039,15,11,9,1640,1,2,2,1.0,3.0,41.0,GEORGES GOSNAT (AV),,,,940
200500000943,5,1,20,1015,1,1,1,4.0,1.0,56.0,,M,4523000.0,677100,730
200700081710,7,2,5,1130,1,1,1,1.0,2.0,213.0,ROUTE NATIONALE 1,,,,972
200900014865,9,5,14,1430,1,2,1,1.0,7.0,7.0,DUMAS (AVE JEAN-BAPTISTE,,,,300
200700002997,7,1,8,2302,3,1,1,2.0,7.0,316.0,CD 25,,,,420
201300008048,13,8,4,2145,3,2,1,1.0,3.0,119.0,route des plages RD93,M,4325400.0,663400,830
201500010426,15,10,24,2150,5,2,2,1.0,3.0,69.0,"98, DE LATTRE DE TASSIGN",M,4364910.0,692339,60
200800071587,8,12,1,1205,1,1,2,2.0,3.0,502.0,RD974 SAINT LO,,,,500
201100063687,11,6,21,920,1,2,2,2.0,7.0,120.0,"155 bis, RUE DES PYRENEE",,,,750
201400035111,14,3,16,1900,2,2,2,1.0,3.0,498.0,"1, R JULES MICHELET",M,4941392.0,107385,760
201200034920,12,7,11,1345,1,2,1,8.0,2.0,260.0,84 AV DES MIMOSAS,,,,640
200800039339,8,7,7,2045,1,2,1,1.0,6.0,172.0,ANTONELLI (AVENUE DU PRO,,,,340
200600033712,6,6,2,2025,1,2,2,1.0,6.0,238.0,"00, BULGARIE (BD DE)",,,,350
201300041368,13,7,16,1720,1,2,6,1.0,6.0,27.0,"02, LECLERC (AVENUE DU G",,,,930
201600003228,16,6,23,1345,1,2,3,1.0,3.0,237.0,Rue du Moulin Minot,M,4614820.0,27200,860
201200011297,12,4,13,1650,1,2,1,1.0,6.0,88.0,"70, GROSSO (A PARTIR DU",,,,60
201200018542,12,8,23,1720,1,1,2,1.0,7.0,715.0,FORGE (CHEMIN DE LA),,,,140
201400007188,14,7,6,945,1,1,3,1.0,1.0,242.0,,M,4786233.0,376803,890
201000042744,10,10,26,2300,5,2,3,1.0,6.0,351.0,"Néant, ARISTIDE BRIAND <",,,,760
200800005461,8,1,13,1430,1,2,1,1.0,2.0,113.0,AVENUE DE LA PORTE D ITA,,,,750
200600051332,6,9,3,145,3,1,1,1.0,6.0,287.0,,M,0.0,0,160
200800045411,8,8,17,1702,1,2,2,1.0,2.0,172.0,"sans, BECQUEREL (RUE HEN",M,4361053.0,391482,340
201200017581,12,3,11,2330,3,1,1,1.0,7.0,234.0,CD 10 LIEUDIT TAVAN,M,4720530.0,103299,370
200600074447,6,12,19,1800,5,2,1,1.0,6.0,176.0,CD942,M,4449600.0,612700,50
200900040377,9,4,29,1620,1,2,1,1.0,5.0,108.0,"18, MARECHAL FOCH (AV)",,,,770
201400039166,14,1,23,915,1,2,2,1.0,6.0,12.0,GAMBETTA (RUE),,,,920
200500011935,5,2,3,1600,1,2,9,1.0,3.0,85.0,403 AVENUE DE TOURNAMY,M,0.0,0,60
200700040218,7,7,24,1545,1,1,1,1.0,6.0,12.0,,M,4490500.0,432500,70
201500006912,15,6,2,1545,1,1,1,1.0,6.0,588.0,,M,0.0,0,710
201200037972,12,7,22,1535,1,2,1,1.0,6.0,146.0,"06, PREMIER MAI (ALLEE D",M,4882681.0,263705,770
201000032288,10,10,3,524,3,1,1,1.0,6.0,362.0,"0, ZONE ARTISANALE DES T",,,,390
200700023899,7,4,10,1,5,2,1,1.0,6.0,10.0,"1, FOCH (AVENUE)",,,,900
200600072640,6,11,30,1000,1,2,3,1.0,3.0,37.0,avenue des hauts de Cane,M,0.0,0,660
201600024093,16,8,12,1220,1,2,3,1.0,3.0,63.0,317 THIERS/S.CHANTELOUP,M,4485040.0,-54317,330
201600007300,16,5,7,1645,1,1,1,1.0,6.0,27.0,,M,0.0,0,580
200900011337,9,5,26,1700,1,2,1,1.0,3.0,112.0,Av de lattre de tassigny,M,4.0,0,430
201300048549,13,5,29,705,1,2,1,1.0,1.0,384.0,CHEMIN DE SERIN A LA CRO,,,,690
201300012631,13,6,9,1500,1,1,1,1.0,5.0,252.0,,M,0.0,0,560
200800007862,8,2,9,2300,5,2,1,1.0,1.0,461.0,"04, PRIMEVERES (DES)",,,,170
201200031046,12,3,30,1930,1,2,2,1.0,7.0,98.0,"34, BILLOUX ( AV. FRANCO",M,4776425.0,-335065,560
200800052692,8,9,15,815,1,2,2,1.0,3.0,262.0,ARMISSAN ROUTE D'),,,,110
200700047358,7,8,2,1545,1,1,1,1.0,3.0,26.0,,M,4419500.0,548800,260
201500011445,15,7,6,600,1,1,1,1.0,2.0,339.0,A6,M,0.0,0,770
200700054601,7,9,28,1300,1,1,1,8.0,7.0,179.0,,M,0.0,0,270
200800041121,8,7,8,1935,1,2,6,1.0,3.0,75.0,DE L'INSURRECTION,,,,920
201000020247,10,7,3,1115,1,2,1,1.0,6.0,54.0,"7, SCHWEITZER  AVENUE DU",,,,130
201300015015,13,6,8,1020,1,2,1,1.0,2.0,55.0,"00, RTE D' ALLAUCH",,,,130
200900002254,9,1,5,1400,1,1,1,9.0,1.0,367.0,,M,4.0,0,680
201100014119,11,9,23,930,3,1,1,1.0,6.0,114.0,,M,4815900.0,159800,280
200600054016,6,9,9,2225,5,2,3,1.0,3.0,19.0,"., SALAUN PENQUER",,,,290
200700064000,7,10,27,1620,1,2,2,1.0,3.0,12.0,"21, LORRAINE (RUE DE)",,,,570
200700058936,7,9,23,1900,1,1,1,1.0,2.0,202.0,AUTOROUTE A25,,,,590
200600055746,6,9,5,2020,5,2,2,1.0,6.0,11.0,R DE CHARONNE R RICHARD,,,,750
201600059294,16,1,13,1657,1,2,1,1.0,6.0,611.0,m'tsapere-Nationale 2 (r,Y,0.0,0,976
201000049331,10,5,12,850,1,2,1,2.0,3.0,62.0,"4, BERTHELOT (RUE MARCEL",,,,920
201600028733,16,3,29,1648,1,2,1,1.0,4.0,395.0,"6, BROT (Rue Marcel)",,,,540
201600026307,16,3,23,2050,5,2,3,1.0,3.0,279.0,RESISTANCE (AVE DE LA),M,4372528.0,-106403,400
201100041856,11,12,8,1240,1,2,6,2.0,2.0,297.0,PLC GEORGES BESSE,,,,780
200500063125,5,10,29,300,3,2,1,1.0,6.0,140.0,D734,M,0.0,0,170
201500045612,15,6,25,815,1,1,1,1.0,5.0,36.0,AUTOROUTE A86,,,,920
201200016566,12,10,20,1115,1,2,1,1.0,6.0,55.0,"20, RUE D AIX",M,,,130
200600037488,6,6,14,1100,1,1,1,1.0,2.0,244.0,A6,,,,690
200600058824,6,10,13,1805,1,2,1,1.0,5.0,33.0,22  Avenue de Toulouse,M,4335700.0,147000,310
201000058899,10,2,19,1925,4,2,1,8.0,2.0,388.0,BOULEVARD JEAN XXIII,,,,690
200900069101,9,8,3,2325,5,2,2,1.0,3.0,66.0,SEMBAT / LEBLANC,M,4.0,0,930
200600003000,6,1,24,1130,1,2,1,1.0,7.0,551.0,"Ignoré, REPUBLIQUE (DE L",,,,780
201100026933,11,11,10,845,1,2,1,1.0,2.0,555.0,"999, AV DU MIRAIL",,,,310
201500030711,15,10,21,945,1,1,1,1.0,6.0,366.0,,M,4560573.0,-23423,160
200500034670,5,6,20,910,1,2,1,1.0,7.0,125.0,"., OYHARA (RUE)",,,,640
201300005711,13,5,10,2330,5,2,2,1.0,3.0,185.0,REPUBLIQUE ( AV. DE LA ),,,,30
200800008328,8,2,19,1358,1,2,2,1.0,3.0,32.0,22 AOUT 1944 (AVENUE DU),,,,340
200700062424,7,10,25,1635,1,2,1,1.0,4.0,55.0,ROLAND DORGELES (BOULEVA,,,,130
201200036030,12,1,28,1120,1,2,1,1.0,2.0,34.0,"82, AVENUE GENERAL DE GA",,,,690
200900051265,9,4,29,120,5,2,6,2.0,2.0,5.0,DE GAULLE / SEMARD,M,4.0,0,930
200500042488,5,7,30,1805,1,1,1,1.0,5.0,116.0,"14500 décroisant, RN560",M,0.0,0,830
201000050943,10,10,27,1320,1,2,1,1.0,3.0,6.0,"193, GAMBETTA AV.",,,,930
200800050273,8,9,9,1430,1,1,1,1.0,7.0,545.0,IBARDIN (ROUTE D'),,,,640
201200061421,12,2,9,1745,1,2,1,1.0,6.0,13.0,ROUTE DEPARTEMENTALE 3 B,,,,972
200800050750,8,9,26,1930,1,1,1,1.0,1.0,95.0,RD 50,M,4454387.0,345699,480
200500011762,5,2,27,1745,3,1,1,4.0,3.0,391.0,,M,4818500.0,192800,280
201000019421,10,10,27,1350,1,2,1,1.0,7.0,262.0,MARCERO (RUE FRANCIS),,,,110
201400005596,14,8,11,1545,1,1,1,8.0,4.0,316.0,,M,4667300.0,324000,30
200900068264,9,10,22,1955,5,2,1,1.0,6.0,562.0,BOULEVARD DE GAULLE,M,4.0,0,270
201000051217,10,12,1,1000,1,2,1,8.0,6.0,48.0,"60, PARIS (RUE DE)",,,,930
201100007310,11,3,23,1435,1,2,1,1.0,6.0,691.0,":, HOSPITAL (AV. MICHEL",,,,20
201000009103,10,2,8,805,1,2,1,1.0,6.0,185.0,8 MAI 1945 ( AVENUE DU ),,,,30
201200033717,12,6,2,2150,5,2,2,1.0,3.0,218.0,"sans, LORRAINE (R DE)",,,,620
201300035433,13,11,13,1705,2,2,1,1.0,2.0,402.0,C.D  113,,,,780
200600050792,6,9,15,1215,1,1,1,1.0,6.0,756.0,lieu dit le cornet d' or,M,0.0,0,20
201500009956,15,1,28,1840,5,2,3,1.0,3.0,27.0,NICE AVENUE DE (RN7),,,,60
201100021500,11,4,20,1610,1,2,1,1.0,2.0,56.0,PORT DE BOUC ROUTE DE,,,,130
200600073672,6,12,3,120,5,2,1,1.0,3.0,282.0,VC - COTE DE MORLANNE,M,4376800.0,-57400,400
201400018953,14,7,11,1615,1,1,2,2.0,3.0,518.0,,M,0.0,0,800
201000038670,10,2,24,1400,1,2,3,1.0,3.0,498.0,"274, BERT (R PAUL)",,,,620
201300037625,13,9,17,1330,1,2,1,2.0,7.0,10.0,"17, ALTKIRCH (AVENUE)",,,,900
200600001306,6,1,16,1320,1,2,2,1.0,3.0,187.0,"20, DORMOY (RUE MARX)",,,,420
200700073925,7,11,19,715,2,1,1,2.0,1.0,14.0,,M,0.0,0,710
200700042734,7,7,27,1610,1,2,1,1.0,6.0,149.0,ECHANGEUR ST MARTIN (A62,,,,310
201000000265,10,3,11,1315,1,2,1,1.0,3.0,448.0,carrefour RD240/RD901,M,5066900.0,168000,620
200700048385,7,8,15,100,3,1,1,1.0,6.0,62.0,,M,4541100.0,599600,380
201600048652,16,10,2,1140,1,2,1,1.0,3.0,34.0,"30, ARISTIDE BRIAND",M,4578332.0,484460,690
200800053087,8,9,22,845,1,1,1,1.0,3.0,205.0,ORLEANS (ROUTE D'),,,,180
201100031806,11,12,2,1555,1,2,1,1.0,6.0,114.0,AVENUE DE LA MORLIERE,,,,440
201100033294,11,10,17,1455,1,2,2,1.0,3.0,502.0,"., SAINT JEAN",,,,500
201300031550,13,2,13,1515,1,2,1,1.0,6.0,113.0,"1, RABANESSE (RUE DE)",,,,630
200800044185,8,8,21,1405,1,2,1,1.0,3.0,114.0,CHARLES DE GAULLE,,,,910
201600025074,16,4,7,1630,1,2,1,1.0,6.0,51.0,RUE DE CHÂTILLON,M,4811570.0,-158237,350
200900074687,9,11,11,1940,3,1,1,1.0,6.0,9.0,"114, MOUTTE (ROUTE DE)",,,,972
200600037852,6,7,7,1545,1,2,3,1.0,2.0,122.0,LECLERC (AVENUE DU GENER,,,,90
201000053705,10,4,8,1250,1,2,1,1.0,6.0,68.0,"8, CHEVREUIL (R)",M,4880520.0,247060,940
200500052337,5,8,7,2010,1,2,1,1.0,1.0,181.0,DAC ( PIERRE ),,,,720
201000023928,10,4,5,1730,1,2,1,1.0,7.0,299.0,"172990375, ZOLA RUE EMIL",,,,170
200800007975,8,2,11,1845,5,2,1,1.0,1.0,56.0,"24-26, FONTENOTTES RUE D",,,,250
200700065463,7,10,12,1425,1,2,1,1.0,2.0,51.0,"194, BINEAU (BOULEVARD,",,,,920
200900059616,9,10,22,1630,1,1,1,1.0,3.0,566.0,,M,0.0,0,700
200900036782,9,9,26,1545,1,2,1,1.0,1.0,91.0,avenue des POILUS,M,0.0,0,830
200700002440,7,1,5,2045,3,1,1,1.0,5.0,58.0,"Sans n, L.A.C.R.A RN7 (B",,,,260
201300055020,13,6,13,1830,1,2,5,1.0,6.0,118.0,"28, RUE RAMEY",,,,750
200600007086,6,2,26,1345,1,1,1,1.0,1.0,295.0,Route de ST LAURENT,M,0.0,0,300
200900040336,9,4,22,1800,1,2,6,1.0,6.0,152.0,MONTEBELLUNA(ROND POINT,,,,770
201600031843,16,6,16,1040,1,2,1,1.0,6.0,483.0,AVENUE JOACHIM LABROUCHE,M,4338697.0,-166126,640
200500036256,5,6,28,1140,1,2,1,1.0,3.0,85.0,"3, GAY-LUSSAC (COURS)",,,,870
201000006313,10,12,27,900,1,1,1,1.0,6.0,155.0,,M,4387300.0,309100,120
201000067313,10,6,12,2200,3,1,1,2.0,1.0,4.0,,A,0.0,0,972
200500034345,5,6,11,1125,1,1,1,1.0,2.0,588.0,"88, COUDEKERQUE - ROUTE",,,,590
201000005938,10,9,2,1930,1,2,1,1.0,6.0,113.0,8 Boulevard des genêts,M,0.0,0,310
201300024008,13,8,30,1350,1,2,1,1.0,3.0,318.0,"31, AVE GUSTAVE EIFFEL",,,,330
200700024578,7,4,30,915,1,2,1,1.0,3.0,52.0,"NC, STRASBOURG (BD DE)",,,,940
201400050839,14,9,15,1000,1,1,1,1.0,5.0,87.0,A7N  PK  20+335,M,4558486.0,480005,380
201600031928,16,10,13,1955,5,2,1,2.0,6.0,286.0,"0, ABADIE (Avenue Frano",M,4310922.0,-3806,650
200600057975,6,9,6,1725,1,1,1,1.0,3.0,366.0,AUTOROUTE A 10,,,,330
200500049826,5,8,31,1740,1,1,1,1.0,4.0,615.0,RD 119,M,4884700.0,191700,780
201300025546,13,9,24,1811,1,2,2,1.0,3.0,241.0,,M,4861378.0,-203655,350
200700010662,7,2,18,430,5,2,1,1.0,7.0,387.0,"0, KENNEDY (BOULEVARD)",,,,890
200500013288,5,3,31,1845,1,2,1,1.0,5.0,206.0,Rue de la Porte de Percy,M,0.0,0,890
201400031384,14,11,3,1940,5,2,1,1.0,6.0,79.0,"00, HUIT MAI 1945 (RUE D",,,,590
200800040662,8,7,10,920,1,2,1,2.0,1.0,21.0,"00, MARIVAUX (RUE)",,,,800
200500019194,5,4,8,1325,1,2,1,8.0,6.0,281.0,"neant, MONTMARTEL (BD)",,,,260
200800069365,8,12,12,1845,3,1,1,1.0,4.0,323.0,,M,4872700.0,380000,510
201400001612,14,12,16,1400,1,2,9,2.0,6.0,53.0,"04, SPORTS ((AVENUE DES",,,,10
201500012153,15,12,21,1800,5,2,1,1.0,6.0,81.0,8 AVENUE PIERRE TRAPPIER,M,0.0,0,740
200900027720,9,4,12,212,5,2,1,1.0,6.0,19.0,"8, PORTZMOGUER",,,,290
200500063378,5,10,9,1115,1,1,1,1.0,3.0,54.0,,M,4588500.0,516600,10
201100055312,11,11,18,1515,1,1,1,1.0,2.0,2.0,AUTOROUTE A10,,,,920
201300036461,13,2,2,2030,5,2,1,1.0,3.0,137.0,"160, INFANTERIE DE MARIN",M,4311590.0,593535,830
201400042463,14,10,31,1625,1,2,1,1.0,6.0,61.0,"01, ESTIENNE D'ORVES RUE",,,,930
200600015249,6,3,31,1850,1,1,1,1.0,2.0,155.0,AUTOROUTE A16,,,,590
200800051865,8,9,4,735,1,2,1,2.0,6.0,85.0,"69, PERRIN (RUE FRANCOIS",,,,870
200800055133,8,10,16,1800,1,1,1,1.0,6.0,124.0,,M,0.0,0,350
200900068004,9,11,9,1740,5,2,1,1.0,6.0,104.0,"55, JAURES (AVENUE JEAN)",,,,60
201100010602,11,2,19,845,1,1,1,1.0,6.0,14.0,,M,0.0,0,710
201200043254,12,10,5,1400,1,2,3,1.0,6.0,63.0,"50, HUGO (AVENUE VICTOR)",,,,920
201200049955,12,1,27,1050,1,1,1,1.0,5.0,60.0,RN385,,,,920
200900064153,9,9,5,1832,1,2,1,1.0,6.0,555.0,"14 BIS, IMP BARTHE",,,,310
200900073294,9,3,17,1310,1,2,6,1.0,3.0,2.0,SUZINI (CARREFOUR),,,,973
201400021440,14,7,23,2145,2,1,1,1.0,2.0,57.0,RD 538,,,,260
201500001040,15,11,4,915,1,1,1,1.0,6.0,268.0,,M,4855505.0,-234949,220
201600018625,16,3,27,1800,1,1,1,3.0,6.0,320.0,,M,4889795.0,31084,610
201000028986,10,4,7,1210,1,2,2,2.0,3.0,63.0,BD GODARD,,,,330
200800044984,8,8,12,1050,1,1,1,1.0,3.0,687.0,FRANCOEUR (RUE),,,,910
201300053358,13,1,18,1640,1,2,4,1.0,2.0,114.0,BOULEVARD PERIPHERIQUE,,,,750
200500056681,5,7,28,1725,1,1,1,2.0,5.0,186.0,D138. girat.valvins à cr,,,,770
200600078092,6,12,23,1500,1,2,2,1.0,6.0,20.0,R DE LA BIDASSOA R ORFIL,,,,750
200500064870,5,10,22,1110,1,2,1,2.0,5.0,69.0,"82, DRAGUIGNAN (ROUTE DE",,,,60
200800046145,8,8,29,845,1,2,1,1.0,3.0,116.0,CD 306,M,0.0,0,690
200600083105,6,10,25,2300,5,2,1,1.0,1.0,407.0,RUE JACQUES PREVERT,,,,974
200500007380,5,2,28,1357,1,2,1,1.0,4.0,231.0,"4, PARC (DU) (COURS)",,,,210
201300044475,13,4,11,1355,1,2,1,1.0,2.0,80.0,"60, MINIMES (AV DES)",,,,940
201600012552,16,10,29,1630,1,2,3,1.0,3.0,85.0,900 route de la roquette,M,4360850.0,696454,60
200800049591,8,9,23,1945,2,2,1,1.0,6.0,38.0,Route de Vallenay,M,4677200.0,242700,180
200600077937,6,12,11,2210,5,2,3,2.0,6.0,12.0,QU DE LA RAPEE PL MAZAS,,,,750
201300049956,13,9,15,1542,1,1,1,1.0,2.0,19.0,A51-Sens Aix en Provence,,,,130
201600013754,16,12,9,1000,1,2,1,1.0,2.0,28.0,"NS, ROUMANILLE (AVENUE J",M,4319870.0,562176,130
200600079464,6,12,21,1100,1,2,1,8.0,1.0,4.0,"0, VILLENEUVE (R DE)",,,,940
200600011096,6,2,13,1300,1,2,1,1.0,3.0,51.0,"78, ROULE (AVENUE DU, N°",,,,920
200700046125,7,7,3,1215,1,2,3,2.0,1.0,117.0,"6, PLACE GENERAL CATROUX",,,,750
201100065427,11,6,1,1200,1,2,1,1.0,1.0,15.0,chauss?e Royale,R,0.0,0,974
201300041763,13,6,30,1100,1,2,1,1.0,2.0,74.0,"72, MEAUX RUE DE",,,,930
200800017311,8,4,6,600,1,1,1,1.0,7.0,6.0,,M,4846200.0,139200,280
200500058873,5,9,2,1429,1,2,3,1.0,3.0,83.0,"03, JOFFRE (RUE  DU MARE",,,,560
201200001100,12,7,24,1130,1,1,1,1.0,2.0,209.0,LE PONT CRETIN,M,4855126.0,-210853,220
201200034680,12,5,29,1945,1,2,1,1.0,2.0,335.0,"0,RUE THOMAS EDISON",,,,640
200800025465,8,5,20,1940,1,1,2,1.0,3.0,28.0,D 112,,,,770
201500055342,15,9,19,1000,1,2,2,1.0,6.0,119.0,"34, AVENUE DE LAUMIERE",,,,750
201400031064,14,7,18,910,1,2,1,1.0,2.0,163.0,"., FLANDRE (AVENUE DE)",,,,590
200700079662,7,12,18,1520,1,2,1,1.0,6.0,7.0,", ""REPUBLIQUE (AVENUE DE",,,,930
200500073487,5,11,25,1420,1,2,2,1.0,3.0,63.0,BD MARECHAL LECLERC,,,,330
200700079889,7,12,12,710,2,2,1,1.0,6.0,28.0,"0, VERDUN (AV DE)",,,,940
200600072747,6,11,19,945,1,1,1,2.0,3.0,73.0,,M,4804600.0,298300,450
201200005453,12,1,29,1800,3,1,1,4.0,1.0,128.0,,M,4594288.0,428492,420
201100066080,11,4,27,2049,5,1,1,1.0,7.0,13.0,ROUTE NATIONALE 1,,,,972
201300031504,13,1,11,1907,5,2,1,1.0,6.0,14.0,COURNON (AVENUE DE),,,,630
201300046475,13,10,8,1300,1,1,1,1.0,4.0,66.0,AUTOROUTE A1,M,4892200.0,235734,930
200500022455,5,4,1,1550,1,1,1,1.0,4.0,43.0,A13,,,,780
201000010888,10,7,10,1845,1,2,1,1.0,1.0,102.0,rue de la piscine,M,4737400.0,311600,580
201600012516,16,12,16,1600,1,1,1,2.0,2.0,123.0,,M,0.0,0,820
201600049088,16,3,23,925,1,2,1,1.0,1.0,383.0,PAUL BERT,,,,690
200500041902,5,7,8,1530,1,1,1,1.0,1.0,92.0,,M,4644000.0,317000,30
200500053506,5,8,5,1210,1,2,3,1.0,3.0,69.0,GRAVELLE (AV DE),,,,940
200900067842,9,11,11,1820,2,2,1,1.0,2.0,189.0,BRAILLE LOUIS (BOULEVARD,M,4.0,0,420
201500011963,15,5,10,1800,1,1,9,1.0,6.0,606.0,,M,0.0,0,570
200900054014,9,3,18,1515,1,2,1,1.0,3.0,3.0,11 NOVEMBRE (F14 F15,,,,340
201200026627,12,4,11,50,5,2,1,1.0,7.0,238.0,16 BD DE LA T.D'AUVERGNE,M,4810700.0,-168450,350
200500007038,5,2,1,1915,5,2,1,1.0,5.0,55.0,VALBARELLE (CHEMIN DE LA,,,,130
200900055585,9,10,3,2145,3,1,1,1.0,6.0,40.0,FONTENAY,M,0.0,0,450
201200043145,12,6,11,1410,1,2,1,1.0,2.0,62.0,MOULIN (RUE),,,,920
200500034922,5,6,27,1335,1,2,1,1.0,6.0,270.0,LAMARTINE (QUAI),,,,710
201600057143,16,3,27,650,1,2,1,1.0,6.0,118.0,ECHANGEUR CHAPELLE,M,4890020.0,236084,750
201200028346,12,9,21,1335,1,2,1,1.0,7.0,187.0,"66, RIVAGE (RUE DU)",M,4602481.0,407277,420
201500025687,15,10,16,2050,5,2,1,1.0,6.0,261.0,191 RUE ED   VAILLANT,M,0.0,0,370
201500025916,15,7,15,2132,2,2,1,1.0,6.0,421.0,BOULEVARD DULCIE SEPTEMB,M,4516603.0,575821,380
200500084034,5,12,1,1825,5,1,1,1.0,3.0,17.0,A4,,,,940
201300015903,13,10,6,1730,1,2,1,1.0,6.0,55.0,"111, AVE DE LA ROSE",M,4332736.0,542388,130
201200035037,12,1,13,730,2,2,1,1.0,1.0,440.0,"., MARTINET (BOULEVARD D",M,4323589.0,8376,650
200700068123,7,11,15,1156,1,2,1,6.0,6.0,55.0,"2, HAIFA (AVENUE)",,,,130
201200051251,12,12,27,2050,5,2,2,1.0,3.0,33.0,"SANS, TOUTES RUES",,,,202
200700042184,7,7,23,940,1,2,1,1.0,2.0,55.0,"10, MICHELET (BOULEVARD)",,,,130
201500034287,15,9,20,900,1,2,1,1.0,6.0,621.0,"INDT, PASTEUR MARTIN LUT",,,,780
200500000806,5,1,3,930,1,1,1,9.0,7.0,206.0,,M,4608000.0,475000,690
200800055194,8,10,29,1630,1,1,1,1.0,1.0,34.0,,M,4759100.0,-304700,560
201300030702,13,3,3,150,5,2,1,1.0,6.0,421.0,"21, CARNOT (BLD) DE1 A 2",,,,590
200900026015,9,8,19,1745,1,1,1,1.0,5.0,49.0,PV,M,4.0,0,670
201200031777,12,10,26,2250,3,1,1,1.0,7.0,43.0,PAPERSTRAETE,,,,590
201000017096,10,10,4,1215,1,2,1,1.0,6.0,88.0,"83, GROSSO (A PARTIR DU",,,,60
201200039321,12,3,19,1810,2,2,1,1.0,6.0,129.0,"0, ROUVEAU (RUE DU)",M,4311634.0,580961,830
201600053498,16,6,23,1320,1,2,2,1.0,6.0,112.0,"42, BOULEVARD DIDEROT",M,4884630.0,237745,750
200600060520,6,10,28,107,5,2,1,8.0,5.0,105.0,FOREST AVENUE,,,,80
200500048262,5,8,20,2115,2,2,1,1.0,3.0,36.0,rue Winston Churchill,M,0.0,0,440
200600001338,6,1,27,1350,1,2,1,4.0,1.0,218.0,"48, PLOTTON CALIXTE",,,,420
201500047974,15,6,25,1815,1,2,1,1.0,3.0,382.0,KITCHENER MARCHAND,M,0.0,0,690
201600004186,16,12,13,800,1,1,1,5.0,5.0,46.0,PK 54+700,M,4388780.0,197892,810
201300041799,13,11,13,1825,2,2,2,1.0,6.0,46.0,EUROPE BOULEVARD DE L',,,,930
200700023191,7,4,22,1945,1,2,1,1.0,2.0,17.0,158 AV DE SAINT OUEN,,,,750
200500041729,5,7,14,1800,1,2,1,1.0,6.0,455.0,CHEMIN DES SABLONS,M,4564700.0,530400,380
201600029453,16,12,1,1450,1,2,6,1.0,2.0,260.0,"., SAINTE-ANNE(ROUTE)",M,4766699.0,-278461,560
200500014064,5,3,19,1215,1,2,1,1.0,1.0,29.0,"00, PERIER (BOULEVARD DU",,,,60
201400033570,14,11,10,1717,5,2,2,2.0,6.0,66.0,"29, EST (RUE DE L')",M,4807699.0,736433,680
200500000313,5,1,30,915,1,1,1,1.0,1.0,753.0,,M,4895000.0,-27100,140
200800070299,8,12,24,1700,5,2,1,1.0,6.0,83.0,"1640, SOLEIL (PROMENADE",,,,60
200600046386,6,8,9,1900,1,2,1,1.0,1.0,19.0,Route du Baguier,M,0.0,0,830
201200016971,12,3,8,1045,1,1,1,1.0,2.0,71.0,ROUTE NATIONALE 113 - AG,M,,,130
201600013718,16,8,25,1645,1,2,1,1.0,3.0,28.0,"42, GAROUTIER (CHEMIN DU",M,4320368.0,562321,130
201500046496,15,6,28,501,5,1,1,1.0,2.0,126.0,A13,,,,780