Num_Acc,an,mois,jour,hrmn,lum,agg,int,atm,col,com,adr,gps,lat,long,dep
200600042348,6,7,31,1715,1,1,1,1.0,1.0,759.0,RN 17,M,0.0,0,800
201600019500,16,1,7,1145,1,2,1,2.0,6.0,461.0,01 rue alfred de musset,M,4823666.0,356263,890
201600057512,16,12,22,1300,1,2,1,8.0,2.0,116.0,PORTE DAUPHINE,M,4886850.0,227026,750
201600016613,16,8,7,745,1,1,1,1.0,6.0,350.0,,M,0.0,0,720
200700011128,7,2,19,1902,5,2,1,1.0,2.0,28.0,"0, HALPERN.(AVENUE BERNA",,,,940
200600077385,6,12,13,2020,5,2,2,1.0,1.0,113.0,"1, RAYNAUD (RUE FERNAND)",,,,630
200600019526,6,4,19,2015,1,1,1,1.0,1.0,117.0,CHEMIN DEPARTEMENTAL CD,,,,130
201400045330,14,5,24,1550,1,2,1,2.0,6.0,78.0,"45, AV DE CHOISY",M,4874870.0,243522,940
201400058870,14,9,19,1715,1,1,1,1.0,2.0,1.0,"RN 1, RN1 ROCADE DE CHAU",A,0.0,0,971
201100024864,11,2,6,145,5,2,1,1.0,2.0,362.0,"54, ROMANS AVENUE DE (30",M,4493300.0,490040,260
201000033469,10,7,13,2030,1,2,1,1.0,3.0,109.0,QUAI DU MARQUIS D'AIGUIL,,,,440
200700069587,7,11,28,1300,1,2,1,1.0,3.0,672.0,ALLIES (PONT DES),,,,570
201000064007,10,9,8,938,1,2,5,2.0,6.0,115.0,"0, QUAI BRANLY",,,,750
201000016933,10,8,13,1920,1,2,2,1.0,6.0,88.0,"0, DIGUE DES FRANCAIS (T",,,,60
200500029568,5,5,1,2130,3,2,1,1.0,6.0,136.0,ARGELES SUR MER AVENUE D,,,,660
201300018625,13,6,14,1930,1,1,1,1.0,7.0,73.0,,M,0.0,0,820
200600072302,6,11,21,855,1,1,2,1.0,1.0,532.0,ximité Carrefour D22/D26,M,0.0,0,510
201100065855,11,2,1,2250,5,2,1,1.0,6.0,9.0,"82, PASTEUR (AVENUE)",,,,972
200600069359,6,11,25,800,1,1,2,1.0,1.0,114.0,D471,,,,770
201400026658,14,12,16,1635,1,2,1,8.0,3.0,233.0,185 RUE MARCEL CACHIN,,,,370
201400034751,14,11,10,1830,5,2,1,1.0,3.0,231.0,"26, R JEAN JAURES",M,4928997.0,100961,760
201500058174,15,6,4,2155,5,2,1,1.0,3.0,411.0,"216, JAURES (BLD 1 JEAN)",R,,,974
201200027482,12,7,12,820,1,2,3,1.0,2.0,261.0,AUBERDIERE (RUE DE L'),,,,370
201100028665,11,6,1,2320,5,2,1,2.0,7.0,172.0,"sans, PAVELET (AVENUE DU",M,4358923.0,385590,340
200800015229,8,3,26,1440,1,2,2,2.0,3.0,116.0,RUE DE LONGCHAMP,,,,750
200700081066,7,12,28,1825,5,2,1,1.0,6.0,117.0,"141, AVENUE DE VILLIERS",,,,750
200800032761,8,6,8,1036,1,2,3,1.0,3.0,7.0,"0, AYRAULT",,,,490
200500081709,5,12,14,2000,5,2,1,1.0,6.0,9.0,"Sans objet, JAURES JEAN",,,,590
201300055316,13,5,20,1930,1,2,3,3.0,3.0,119.0,"90, BOULEVARD DE LA VILL",,,,750
200800032887,8,6,24,1915,1,1,1,1.0,2.0,300.0,RN 4,,,,540
201100045994,11,7,3,1920,1,2,3,1.0,3.0,24.0,JAURES / MAIRIE,,,,920
200900060852,9,8,7,2015,1,1,1,1.0,7.0,249.0,AUTOROUTE A21,,,,620
201200049707,12,10,18,1000,1,1,1,1.0,2.0,63.0,AUTOROUTE A3,M,4887847.0,244691,930
201600015304,16,8,12,900,1,2,4,1.0,2.0,55.0,"00, JEAN MOULIN (BOULEVA",M,4329027.0,539981,130
200900054814,9,10,10,1330,1,1,1,1.0,6.0,114.0,LDT SESCOUSE,M,4.0,0,470
201100030760,11,12,12,1656,5,2,6,1.0,2.0,18.0,ROBERT NAU (ROND POINT),M,4761420.0,133414,410
200700047313,7,8,30,1800,1,2,1,1.0,6.0,261.0,lotissement le village,M,4596200.0,494200,10
200700022767,7,4,3,2055,5,2,1,1.0,3.0,10.0,"41, PARMELAN",,,,740
201500021444,15,1,11,1530,1,1,1,1.0,1.0,437.0,,M,0.0,0,670
200600004826,6,1,8,445,3,1,1,1.0,1.0,326.0,,M,4394800.0,-130400,400
201000057541,10,11,2,1613,1,1,1,1.0,7.0,3.0,AUTOROUTE A6A,,,,940
201300022415,13,6,29,2113,2,2,1,1.0,2.0,189.0,ROUTE BEAUCAIRE,M,4383689.0,438825,300
200800015250,8,3,9,245,5,2,1,1.0,3.0,109.0,"45, RUE DE LA CHAUSSEE D",,,,750
201500015960,15,6,12,930,1,1,2,1.0,3.0,32.0,saint gilles route de D3,M,4380785.0,462700,300
201600040164,16,6,8,2140,5,2,4,1.0,1.0,47.0,"85, JEAN JAURES (AVENUE)",,,,930
200800006661,8,2,11,615,3,1,1,9.0,7.0,436.0,,M,0.0,0,670
201400055469,14,3,16,630,2,2,2,1.0,3.0,116.0,AVENUE DE NEW YORK,,,,750
201600005552,16,9,18,145,3,1,1,8.0,6.0,288.0,ROUTE DU BIOLLAY,M,0.0,0,740
201400045515,14,4,4,2350,5,2,1,1.0,6.0,81.0,"159, PAUL VAILLANT COUTU",M,4879180.0,239486,940
201200012123,12,10,16,1345,1,1,1,1.0,6.0,242.0,A26,M,0.0,0,510
201000065110,10,12,17,130,5,2,5,4.0,5.0,117.0,RUE DE TOCQUEVILLE,,,,750
201400023645,14,12,11,1645,1,2,6,2.0,3.0,69.0,RP MATISSE/CH GRENADE,M,4363738.0,139073,310
201000062950,10,9,27,1110,1,2,1,8.0,6.0,112.0,"104 bis, RUE DE REUILLY",,,,750
201200031861,12,11,19,835,1,2,1,2.0,6.0,8.0,BICENTENAIRE DE LA REVOL,,,,590
201400043018,14,1,3,1815,5,2,2,1.0,3.0,77.0,"43-45, VAUBAN (AVENUE)",,,,930
200600041507,6,7,4,1430,1,2,5,1.0,3.0,73.0,"5, SIXIEME (AVENUE)",,,,930
200600015776,6,3,28,1740,1,2,1,7.0,3.0,274.0,LE BREYRA,M,0.0,0,330
201000044079,10,10,9,1842,1,2,1,1.0,6.0,498.0,BRUYERE RUE DE LA,,,,780
200700040292,7,7,22,1815,1,1,1,1.0,2.0,172.0,,M,0.0,0,420
200800059742,8,10,14,815,1,2,1,1.0,3.0,21.0,"11, AUGUSTINS (RUE DES)",,,,800
201300021156,13,8,5,1120,1,1,2,1.0,3.0,252.0,26252,,,,260
201100043580,11,8,8,1353,1,2,1,1.0,2.0,7.0,SAINT MICHEL (Boulevard),,,,840
200600078085,6,12,15,230,5,2,1,1.0,6.0,16.0,BPE PASSY AUTEUIL,,,,750
201600048119,16,5,2,1410,1,2,1,1.0,2.0,33.0,"SANS, ROUTE ROYALE",M,4267590.0,943705,202
201000045778,10,4,18,1635,1,2,1,1.0,6.0,87.0,"01, POURTOULES (COURS)",,,,840
200800058614,8,10,29,2340,5,2,1,3.0,6.0,83.0,"., REPUBLIQUE ( AVE DE L",,,,560
200700028972,7,5,7,1330,1,2,1,1.0,6.0,350.0,"Sans objet, HEGEL RUE",,,,590
200500077726,5,12,6,1815,3,2,1,1.0,6.0,803.0,CD 206 rue du breuil,M,0.0,0,620
200500078388,5,12,24,1730,1,1,1,1.0,6.0,43.0,,M,4427800.0,255800,120
200900033361,9,6,6,1059,1,2,1,3.0,6.0,306.0,"2, FONTAINE (RUE DE LA)",,,,570
201300028236,13,10,14,1955,3,1,1,2.0,6.0,203.0,AXE NORD - SUD,M,4959830.0,-159665,500
200900013145,9,5,15,1730,1,2,1,1.0,1.0,116.0,ROUTE DE BRUGUIERES,M,4.0,0,310
200500045446,5,7,10,1430,1,2,1,1.0,6.0,113.0,"3, AMANDIERS (ALLEE DES)",,,,630
201500035143,15,9,5,440,5,1,1,1.0,7.0,123.0,"1912, BANDOL (ROUTE)N° P",M,4312843.0,578409,830
200500082626,5,12,10,1850,5,2,1,1.0,3.0,18.0,08 AV PTE CLIGNANCOURT,,,,750
201100038495,11,6,1,1725,1,2,2,1.0,6.0,440.0,"., MAGNOAC (RUE GEORGES)",,,,650
201000005852,10,4,30,1500,2,1,1,1.0,6.0,182.0,gaux,M,4524335.0,140402,190
201000011695,10,8,21,1615,1,1,1,1.0,2.0,169.0,,M,4456100.0,481200,260
200800016663,8,3,26,1800,1,1,1,1.0,3.0,28.0,,M,4361200.0,314800,340
201400059556,14,3,22,1920,3,2,4,2.0,1.0,11.0,"15, MONGAILLARD (ROUTE D",R,,,974
201600017833,16,8,24,1745,1,2,1,1.0,6.0,79.0,"02, TENNIS (RUE DES)",M,4933710.0,2907,140
201300027578,13,2,11,1800,2,2,7,3.0,6.0,1.0,14 JUILLET (COURS DU),,,,470
200600070152,6,11,28,2145,5,2,2,2.0,2.0,5.0,"neant, MITRY [CD115] (RU",,,,930
200800061027,8,10,29,756,2,1,1,5.0,6.0,90.0,A13,,,,780
201400024490,14,9,4,750,1,2,3,1.0,3.0,167.0,"0, AVE SALVADOR ALLENDE",,,,330
200700030440,7,5,12,1849,1,2,1,1.0,6.0,118.0,"0, AVENUE ALPHONSE KARR",,,,830
200500084461,5,12,24,2000,5,1,1,1.0,7.0,388.0,RN383,,,,690
201000022203,10,8,10,930,1,2,1,1.0,6.0,55.0,"40, BD ROUX",,,,130
201600056889,16,7,2,1608,1,2,3,1.0,6.0,105.0,"7, RUE DU FER A MOULIN",M,4883930.0,235484,750
200500033525,5,6,25,1930,1,2,3,1.0,3.0,63.0,MARNE (CRS DE LA),,,,330
201100027276,11,2,9,1545,1,2,6,1.0,3.0,119.0,AVE PIERRE BROSSOLETTE,,,,330
200500036957,5,6,18,1525,1,2,1,1.0,6.0,77.0,"0, NON DENOMMEE (VOI)",,,,940
201200018550,12,10,28,2255,5,2,1,1.0,7.0,220.0,LOUIS-ARMAND (PLACE),,,,140
200600008946,6,2,5,30,5,2,6,1.0,6.0,133.0,"0, REPUBLIQUE (AV. DE LA",,,,620
201100044601,11,6,18,1410,1,1,1,2.0,2.0,339.0,RN 20,,,,910
200600046557,6,8,2,730,1,2,1,1.0,4.0,305.0,hameau de grisgione,M,4273900.0,946300,202
201600050070,16,4,26,1735,1,1,1,3.0,2.0,666.0,Autoroute A31,M,4934436.0,611428,570
200500054341,5,9,30,1915,3,1,9,1.0,3.0,601.0,,M,4928500.0,21500,140
201000007212,10,4,29,930,1,1,1,1.0,7.0,145.0,,M,0.0,0,10
201100009020,11,8,12,1000,1,1,1,1.0,5.0,641.0,,M,0.0,0,570
200800035175,8,6,10,2330,5,2,1,1.0,2.0,102.0,"31, BOULEVARD DE BONNE N",,,,750
200600057599,6,9,12,1753,1,2,1,1.0,6.0,4.0,"SANS, RECCO ABBE BOULEVA",,,,201
200800039751,8,7,4,1915,1,2,1,1.0,7.0,121.0,"2, RIBOT (RUE)",,,,520
201300013963,13,1,10,1730,2,2,1,1.0,6.0,55.0,"108, AVE JULES CANTINI",M,4328131.0,539214,130
200500061552,5,9,24,1740,1,2,1,1.0,2.0,52.0,"99, ALSACE LORRAINE (BD",,,,940
200500079162,5,12,21,1915,3,1,9,1.0,1.0,143.0,RN113,M,4344300.0,362600,340
201200031011,12,2,2,1857,2,2,1,1.0,6.0,162.0,"8, DOLMEN (RUE DU)",M,4770289.0,-345301,560
200500059969,5,9,17,1050,1,2,3,1.0,6.0,16.0,R F SARCEY R DE LA TOUR,,,,750
200900003526,9,1,1,1345,1,1,2,1.0,3.0,35.0,,M,0.0,0,830
201600028382,16,8,12,1945,1,2,2,1.0,3.0,454.0,MARCHANDEAU/BOCQUAINE,M,4924398.0,402745,510
200900053439,9,6,16,1740,1,2,1,1.0,1.0,66.0,176 BD ANATOLE FRANCE,M,4.0,0,930
200700063789,7,10,3,2330,5,2,1,1.0,7.0,129.0,"8, ONGLET (RUE DE L')",,,,500
201600053681,16,11,10,915,1,2,7,2.0,7.0,112.0,CARREFOUR DE CONSERVATIO,M,4882790.0,241894,750
200800021598,8,4,30,1905,1,2,1,2.0,3.0,383.0,"33, AVENUE GEORGES POMPI",,,,690
201300055519,13,1,28,1730,5,2,1,1.0,6.0,120.0,BOULEVARD PERIPHERIQUE,,,,750
201600038819,16,5,23,1830,1,2,2,1.0,3.0,50.0,COMMUNE DE PARIS AVENUE,,,,920
200700015157,7,3,26,1455,1,2,1,1.0,3.0,454.0,"28, JAURES 'AVENUE JEAN)",,,,510
200800053619,8,9,6,730,1,1,1,2.0,6.0,350.0,ROUTE DEPARTEMENTALE 656,,,,590
201500049196,15,10,27,1125,1,1,1,2.0,4.0,550.0,ROCADE A 630,M,4477749.0,-56199,330
201100047403,11,8,13,1920,1,2,1,1.0,7.0,46.0,AV PIERRE BROSSOLETTE,,,,920
200600066148,6,11,3,1600,1,2,1,1.0,1.0,55.0,"546, MIREILLE LAUZE (BOU",,,,130
200800052063,8,9,6,350,3,1,1,1.0,6.0,198.0,SAINT GERVAIS (ROUTE),,,,260
201500057497,15,4,27,350,3,1,1,1.0,6.0,213.0,"1, PAYS MELES",A,1462934.0,6100851,972
201400015795,14,10,5,1850,5,2,1,1.0,6.0,55.0,"56, BD DE LA VALBARELLE",M,4328689.0,544556,130
200600061183,6,10,17,1655,1,2,2,1.0,3.0,19.0,"., CONQUET",,,,290
200700043296,7,7,31,1020,1,2,1,1.0,2.0,99.0,"47, DOUMER (RUE DU PRESI",,,,490
200600013491,6,3,1,852,1,2,2,1.0,7.0,9.0,R DU FG MONTMARTRE R LA,,,,750
201400018001,14,8,10,1530,1,1,1,1.0,3.0,49.0,,M,0.0,0,30
200500064740,5,10,14,1825,1,2,9,1.0,3.0,722.0,EDWARD BRANLY ( BOULEVAR,,,,20
200500048249,5,8,8,1430,1,1,1,1.0,1.0,486.0,,M,4877000.0,-71000,610
200700080207,7,12,14,30,3,1,1,1.0,2.0,48.0,AUTOROUTE A1086,,,,930
201600048904,16,9,1,1600,1,1,1,1.0,2.0,410.0,ROUTE NATIONALE 356,M,5064827.0,309368,590
201500018352,15,11,20,1430,1,2,1,1.0,6.0,137.0,rue de la digue,M,0.0,0,710
201000009675,10,1,17,815,1,1,1,2.0,1.0,135.0,,M,4814830.0,661466,880
200700057501,7,9,13,2110,3,1,1,1.0,1.0,518.0,FORTOISEAU(CHEMIN DE),,,,770
200600013754,6,3,22,1318,1,2,4,2.0,3.0,5.0,AV OBSERVATOIRE BD SAINT,,,,750
201400058803,14,2,21,1625,1,1,1,1.0,2.0,1.0,"RN 1, GRAND CAMP(SECTION",A,0.0,0,971
200800065304,8,11,5,1300,1,2,1,1.0,6.0,351.0,"NEANT, PARVIS SAINT MICH",,,,760
201200020729,12,6,28,1225,1,2,1,1.0,4.0,300.0,SARTRE   AVENUE JEAN-PAU,,,,170
200500001924,5,1,11,1715,2,1,1,1.0,1.0,137.0,,M,0.0,0,740
201100059798,11,9,29,920,1,2,2,1.0,3.0,110.0,"12, RUE PHILIPPE DE GIRA",,,,750
201100039145,11,10,21,1440,1,2,3,1.0,3.0,365.0,"00, 23 NOVEMBRE (RUE DU)",,,,670
201400019635,14,4,6,50,5,2,1,2.0,6.0,299.0,"40, BUISSON BOULEVARD",M,4594178.0,-98214,170
201000052907,10,10,26,1800,2,2,1,1.0,6.0,28.0,AV DU DOCTEUR PAUL CASAL,,,,940
200700081766,7,2,24,759,1,2,2,1.0,3.0,302.0,CABASSOU (ROUTE DE),,,,973
201400001725,14,12,14,915,1,1,1,5.0,6.0,219.0,,M,0.0,0,440
201400049599,14,2,23,1455,1,2,2,1.0,3.0,386.0,"0, RUE DUGUESCLIN",,,,690
201600044587,16,1,10,1519,1,1,1,2.0,4.0,258.0,A4.Y PARIS-PROVINCE,,,,770
200700056882,7,9,20,1330,1,2,2,1.0,5.0,299.0,CALMETTE (AVENUE),,,,590
201100059361,11,2,1,1155,1,2,5,1.0,3.0,109.0,"40, BOULEVARD HAUSSMANN",,,,750
201100001152,11,7,3,1300,1,2,1,1.0,2.0,222.0,721 AV DU PRESIDENT COTY,M,4947880.0,86949,760
200500069050,5,10,3,1220,1,2,3,1.0,6.0,12.0,"50, GAMBETTA (RUE)",,,,920
200700069724,7,11,21,1440,1,2,3,1.0,3.0,365.0,JULES GALLOIS (RUE),,,,590
200600080575,6,2,17,1950,3,1,1,1.0,7.0,215.0,routre de bellevue,A,0.0,0,972
200900020899,9,9,27,1650,1,2,4,1.0,2.0,112.0,AVENUE DE GRAVELLE,,,,750
200500016440,5,3,12,1550,1,2,1,1.0,3.0,8.0,14 AV HOCHE,,,,750
201600002955,16,7,7,1800,1,1,1,1.0,1.0,267.0,,M,4397641.0,-24377,400
200700021413,7,4,18,1250,1,1,1,1.0,4.0,555.0,VA007331 A620,,,,310
200600005487,6,1,17,1200,1,1,1,2.0,1.0,41.0,RD 46 a,M,0.0,0,130
201000059405,10,9,7,1505,1,1,1,2.0,7.0,336.0,A7   32.870 A 35.680,M,4549600.0,483797,380
201200015468,12,6,21,2040,1,2,1,1.0,5.0,55.0,"124, BD FRANCOISE DUPARC",M,,,130
200800054009,8,9,19,2235,5,2,2,1.0,3.0,105.0,RUE MONGE,,,,750
200900030116,9,4,16,2005,1,2,2,1.0,3.0,63.0,RUE DE BLANQUEFORT,,,,330
200600051747,6,9,23,1130,1,2,1,1.0,4.0,104.0,"Lieu-dit ""Bout du Lac""",M,0.0,0,740
200800011343,8,3,29,1015,1,2,1,1.0,2.0,4.0,GRASSE RTE DE,,,,60
200500077318,5,11,16,930,1,2,1,1.0,3.0,386.0,"111, GENERAL SARRAIL (DU",,,,690
200900060369,9,10,8,830,1,2,2,3.0,6.0,387.0,RUE DE MARSEILLE,,,,690
201100052739,11,8,9,930,1,2,1,1.0,2.0,4.0,BIANCAMARIA COLONEL ET C,,,,201
201300005493,13,1,8,900,1,1,1,5.0,5.0,11.0,,M,0.0,0,630
200500037901,5,6,21,1620,1,1,1,1.0,6.0,344.0,16 rue de l'école,M,0.0,0,220
201400059052,14,12,4,920,1,1,1,1.0,6.0,9.0,"1, AUTOROUTE (A1)",A,0.0,0,972
201000052142,10,9,19,330,5,2,2,1.0,3.0,78.0,GARE (AVENUE DE LA),,,,930
201300052869,13,9,26,1930,5,2,1,1.0,1.0,112.0,"38, BOULEVARD DE BERCY",,,,750
201600043760,16,10,28,1725,1,2,1,1.0,6.0,78.0,"113, ANATOLE FRANCE (AV)",,,,940
200900057057,9,8,30,1830,1,2,3,1.0,3.0,203.0,Fï¿½LIX PYAT (RUE),,,,130
200700020819,7,4,15,1150,1,2,2,1.0,3.0,55.0,"205, LIBERATION (BOULEVA",,,,130
200500037437,5,6,21,750,1,2,2,1.0,3.0,384.0,"0, ADRIEN GODIEN",,,,690
201100000934,11,1,17,2300,3,1,1,1.0,7.0,524.0,,M,,,600
200500080744,5,12,2,1820,2,2,1,2.0,3.0,555.0,"250, AV DE GRANDE BRETAG",,,,310
200600009233,6,2,1,840,1,2,1,8.0,3.0,1.0,360 R SAINT HONORE,,,,750
201100015034,11,7,11,850,1,2,1,1.0,4.0,29.0,"16, MIDI (BOULEVARD DU)",,,,60
200800041867,8,7,17,1718,1,1,1,1.0,3.0,482.0,Autoroute A.35,,,,670
200500041170,5,7,2,430,3,1,1,1.0,6.0,108.0,,M,0.0,0,330
201300007763,13,6,14,1330,1,1,1,1.0,3.0,7.0,,M,4470645.0,672568,50
201500036046,15,9,12,1142,1,1,1,1.0,2.0,85.0,RN520,M,4589320.0,129136,870
201300020058,13,10,10,730,2,1,1,1.0,3.0,36.0,,M,0.0,0,340
200600034998,6,6,10,1140,1,2,1,1.0,3.0,11.0,102 R DE CHARONNE,,,,750
200800067831,8,11,5,725,5,2,2,2.0,6.0,108.0,RUE PIERRE CHARRON,,,,750
201100023917,11,5,9,830,1,2,3,1.0,4.0,231.0,"45, STALINGRAD (DE) (AVE",,,,210
200600001680,6,1,11,725,5,2,1,9.0,7.0,194.0,MARINIERS (QUAI),,,,580
201000034794,10,12,21,1755,2,1,1,2.0,2.0,328.0,ROCADE N 347,M,4727790.0,-7405,490
201600015672,16,10,3,1640,1,2,3,1.0,6.0,55.0,"24, BAILLE (BOULEVARD)",M,4328677.0,538681,130
200700052110,7,8,24,1830,1,2,1,8.0,6.0,112.0,"104, BOULEVARD DIDEROT",,,,750
201400047039,14,3,10,820,1,1,1,1.0,6.0,27.0,AUTOROUTE A86,M,4892570.0,239669,930
200500086191,5,8,8,515,2,1,1,1.0,1.0,117.0,,A,0.0,0,971
200900064652,9,10,31,1815,5,2,1,1.0,6.0,463.0,"20, TREVES (BOULEVARD DE",,,,570
201600025854,16,6,21,1925,1,2,1,1.0,1.0,261.0,09 PLACE DU MAL LECLERC,,,,370
201500034844,15,2,6,1715,1,2,1,1.0,7.0,21.0,"4,RUE DE LA RESISTANCE",M,4989823.0,229587,800
200700001269,7,1,6,1315,1,1,1,1.0,6.0,262.0,PK 46.29,M,0.0,0,780
200700044462,7,7,5,1835,1,2,1,1.0,6.0,85.0,"38, CERCLER (RUE DU)",,,,870
200700084247,7,11,23,300,3,1,1,1.0,7.0,113.0,"RN4, Morne Salines",,,,971
201600005309,16,6,17,1815,1,1,1,3.0,1.0,145.0,,M,4603295.0,422289,420
200900071316,9,12,10,830,1,2,1,1.0,3.0,58.0,"85BIS, LEDRU ROLLIN (AV)",M,4.0,0,940
200900050211,9,12,8,800,2,1,1,1.0,5.0,260.0,,M,4.0,0,720
201300044659,13,12,22,1310,1,2,1,2.0,6.0,81.0,"14,AV DU GENERAL LECLERC",,,,940
201200047655,12,11,14,1350,1,2,4,1.0,2.0,78.0,APPEL 18 JUIN/CHURCHILL,M,4875510.0,244413,940
200600007273,6,2,25,1915,5,1,9,1.0,1.0,573.0,,M,4925900.0,397300,510
201600011218,16,8,27,1215,1,2,1,1.0,6.0,88.0,"9, PARIS (R. DE)",,,,60
201400042605,14,12,10,1200,1,2,3,8.0,3.0,46.0,MARX DORMOY BOULEVARD,,,,930
200600014532,6,3,31,2210,5,2,1,1.0,6.0,36.0,"31, GRESILLONS (QUAI DES",,,,920
200700040183,7,7,6,2000,1,1,3,1.0,1.0,399.0,,M,0.0,0,10
200700000727,7,1,23,1700,1,1,2,5.0,1.0,42.0,,M,0.0,0,380
200600016797,6,3,14,845,1,1,1,1.0,6.0,6.0,,M,4727300.0,58300,370
201200039900,12,8,2,1850,1,2,1,1.0,3.0,194.0,"34  RUE, NELSON MANDELA",,,,860
200700001109,7,1,5,1050,1,2,1,7.0,6.0,149.0,PARKING AUCHAN,M,0.0,0,60
201100058562,11,1,31,1315,1,2,3,1.0,7.0,106.0,"22, RUE DAUPHINE",,,,750
201200027773,12,1,29,250,3,1,1,1.0,6.0,229.0,,M,4520570.0,579021,380
201500004983,15,1,23,1545,1,2,1,2.0,6.0,22.0,Rue des Essarts,M,4552364.0,421787,420
201300051443,13,6,5,917,1,2,7,1.0,6.0,108.0,"1, PLACE CHARLES DE GAUL",,,,750
200800049876,8,9,12,1733,1,2,1,1.0,6.0,547.0,"1, CHARMOIS (AVENUE DU)",,,,540
200700006274,7,2,21,1615,1,1,1,1.0,5.0,371.0,,M,4820100.0,-230500,220
201500026840,15,7,9,1235,1,2,1,1.0,2.0,109.0,"13, BD MARTYRS N. DE LA",M,4720420.0,-154663,440
200600020549,6,4,8,1400,1,1,3,1.0,2.0,184.0,BRIGACHTAL (AVENUE DE),,,,540
200500021829,5,4,30,2000,2,2,1,1.0,6.0,4.0,"30, GUILLEMIN  ( AVE )",,,,920
200800060286,8,10,24,830,1,2,1,1.0,1.0,50.0,"07, PAIX RUE DE LA",,,,920
201400045920,14,11,13,1745,3,1,1,1.0,2.0,288.0,RTE DE CALAIS,M,4898280.0,236240,950
200700000860,7,1,28,345,5,2,1,2.0,6.0,320.0,Rue Principale,M,0.0,0,570
201200034015,12,5,26,1442,1,2,2,1.0,3.0,113.0,BRUGIERE (BD AMBROISE),M,4578970.0,311795,630
201300055810,13,12,13,950,1,2,3,1.0,7.0,120.0,"84, RUE HAXO",,,,750
200500010300,5,2,18,730,2,1,1,1.0,6.0,771.0,AUTOROUTE A211,,,,620
201500045735,15,8,14,1700,1,1,1,1.0,3.0,6.0,AUTOROUTE A3,M,4886650.0,242387,930
200700004062,7,1,3,2053,5,2,1,1.0,6.0,13.0,51 BD AUGUSTE BLANQUI,,,,750
200500031494,5,5,31,1000,1,2,3,1.0,3.0,72.0,"FACE 05, MOULIN NEUF (RU",,,,930
200700069560,7,11,10,1700,2,2,1,3.0,3.0,616.0,"00, PAUL LANGEVIN (AVENU",,,,570
201100005230,11,12,20,1215,1,1,1,8.0,6.0,270.0,,M,0.0,0,170
201000024005,10,11,26,915,1,2,1,1.0,2.0,299.0,"172990323, ROCHELLE ROUT",,,,170
200700074085,7,11,29,815,1,2,1,1.0,2.0,67.0,CD 950 Rte de Carpentras,M,0.0,0,840
201000003956,10,10,28,2015,5,2,1,1.0,6.0,181.0,5 route de FONTENAY,M,0.0,0,850
201500036177,15,2,24,2125,5,2,1,2.0,6.0,85.0,"01, BOSSUET (RUE)",,,,870
200600069142,6,11,28,1530,1,2,1,2.0,6.0,12.0,158 R DE BERCY,,,,750
200800068629,8,12,3,1000,1,1,1,1.0,3.0,289.0,,M,4958900.0,81400,760
200500082224,5,12,19,1930,5,2,3,1.0,3.0,65.0,"0.001, DUCS DE SAVOIE (A",,,,730
201600000159,16,12,27,1015,1,2,6,1.0,3.0,409.0,rue Jean Jaurès,M,5030900.0,320800,590
200600024911,6,5,12,1115,1,2,1,1.0,6.0,119.0,XXXXXXXXX,M,4712300.0,42200,370
201500049652,15,5,21,2310,5,1,1,1.0,6.0,256.0,RD383   1.893 A 2.321,,,,690
200700005591,7,1,4,1105,1,2,1,1.0,6.0,219.0,"2, FOCH (ALLEE DE LA RES",,,,950
201100049069,11,5,13,930,1,2,1,1.0,7.0,51.0,AV DE NEUILLY,,,,930
201100002982,11,8,19,1830,1,2,1,1.0,7.0,204.0,FACE AU 74 RUE DE MAUVES,M,4727700.0,-143000,440
201100038247,11,12,14,2210,5,2,1,8.0,3.0,445.0,10 AV PIERRE MASSE,M,4331330.0,-35798,640
200700021512,7,4,17,1840,1,2,1,1.0,3.0,318.0,"259, AVE PASTEUR",,,,330
201300037211,13,6,8,1537,1,2,1,2.0,3.0,85.0,"4, AMPHITHEATRE (RUE DE)",,,,870
200500022226,5,4,11,1955,1,2,1,1.0,4.0,41.0,NELSON MANDELA,,,,940
201300001865,13,11,12,1800,2,1,1,1.0,3.0,69.0,,M,4732800.0,-239600,440
200900033062,9,10,20,1715,1,2,1,1.0,3.0,130.0,CD55 MARINE DE PORTICCIO,M,0.0,0,201
200600028458,6,5,19,845,1,1,3,1.0,6.0,407.0,RN 7,,,,770
200600048897,6,8,6,2350,5,2,1,2.0,6.0,482.0,PONT DE L EUROPE (AVENUE,,,,670
201500026791,15,5,6,1210,1,2,1,1.0,6.0,109.0,"., RUE DE SUISSE",M,4721715.0,-152235,440
201100036563,11,11,9,1750,5,1,1,1.0,3.0,175.0,RD 201_PONT DE L'OISE_AP,,,,600
200800032262,8,6,25,1045,1,2,1,1.0,3.0,555.0,"49, AV CRAMPEL",,,,310
201500010758,15,5,13,110,5,2,1,1.0,2.0,88.0,ANGLAIS (DU N° 45 AU N°,,,,60
200900027301,9,10,21,2110,5,2,5,2.0,6.0,106.0,"23, BOULEVARD DU MONTPAR",,,,750