Num_Acc,an,mois,jour,hrmn,lum,agg,int,atm,col,com,adr,gps,lat,long,dep
201600019852,16,6,17,1430,1,2,2,1.0,3.0,300.0,"33, HAUTIER   AVENUE HEN",M,4616424.0,-120274,170
200600014512,6,3,16,2245,5,2,1,1.0,1.0,25.0,"71, PAUL BERT (RUE)",,,,920
201600023229,16,11,14,1245,1,1,1,1.0,5.0,555.0,RD901,,,,310
201600033376,16,7,23,1705,1,2,1,1.0,1.0,499.0,8 rue LEON BLUM,M,4666469.0,428904,710
201500052445,15,7,13,1635,1,2,1,8.0,3.0,111.0,"21, RUE SEDAINE",,,,750
201600042471,16,12,29,1250,1,2,1,1.0,2.0,22.0,ALFORTVILLE (AV D),,,,940
201600026333,16,11,16,1900,5,2,6,1.0,3.0,192.0,"., PLACE JEAN JAURES",M,4388733.0,50019,400
201300001940,13,12,7,1500,1,1,1,1.0,7.0,190.0,,M,4735900.0,-104900,490
200600056740,6,9,21,1244,1,2,1,1.0,7.0,137.0,JUIN (AVE ALPHONSE),,,,830
201000015679,10,5,29,635,1,2,1,7.0,6.0,29.0,"33bis, MIDI (BOULEVARD D",,,,60
201300030540,13,7,1,900,1,2,1,1.0,3.0,299.0,"187, DE GAULLE (AVENUE C",,,,590
201000000505,10,5,29,2315,3,1,1,2.0,6.0,87.0,,M,0.0,0,800
201500012004,15,1,9,1145,1,1,1,1.0,2.0,150.0,,M,4374631.0,737998,60
200700012314,7,3,14,815,1,1,2,1.0,3.0,297.0,,M,4661000.0,26500,860
201600014171,16,2,27,2040,5,2,1,3.0,6.0,55.0,"2, LACEPEDE (RUE)",M,4330434.0,539751,130
201300044864,13,3,17,19,5,2,1,2.0,1.0,500.0,QUAI DU POTHUIS,M,4904890.0,210190,950
200900066645,9,10,12,1440,1,1,1,1.0,4.0,421.0,ROCADE SUD,,,,380
200800006189,8,2,8,1800,2,1,1,1.0,7.0,154.0,,M,0.0,0,850
201500019338,15,5,3,2035,2,2,1,1.0,3.0,300.0,"17, MULHOUSE  AVENUE DE",M,4615473.0,-114562,170
200800066648,8,11,3,1455,1,2,2,1.0,3.0,88.0,"0, SAINT-LAMBERT (AV.) (",,,,60
201500021818,15,5,1,1350,1,1,1,1.0,7.0,232.0,"., POULGUINAN BOULEVARD",M,4798511.0,-411138,290
201400059405,14,10,17,1315,1,2,1,1.0,2.0,7.0,MASCAREIGNES(BOULEVARD),R,,,974
200500082476,5,12,2,1710,1,2,5,2.0,3.0,8.0,PL DUBLIN R ST PETESBOUR,,,,750
201500022526,15,4,24,530,5,2,1,1.0,3.0,555.0,RD901,,,,310
201200032287,12,6,18,1000,1,2,1,1.0,6.0,368.0,"19, SAINT MAUR AVENUE",,,,590
200900063073,9,12,4,800,2,2,2,9.0,6.0,642.0,MALRAUX BD ANDRE,,,,780
200500014817,5,3,10,1655,1,2,2,8.0,3.0,85.0,"SANS, SOURS (RUE DE)",,,,280
201000007826,10,9,18,1515,1,1,1,1.0,6.0,342.0,,M,4490030.0,561519,380
201200061576,12,4,4,1050,1,2,1,1.0,3.0,2.0,"27, ESTREES (AVENUE D')",,,,973
200700032390,7,6,15,1715,1,2,2,1.0,4.0,132.0,route de mamers,M,4819700.0,63800,720
200800039631,8,7,5,2355,5,2,1,1.0,3.0,234.0,"3, FAUBOURG DE BOURGOGNE",,,,450
200500009858,5,2,4,1440,1,2,1,1.0,3.0,62.0,"24, NORD (BOULEVARD DU)",,,,930
200700030943,7,5,14,1720,1,2,1,8.0,6.0,5.0,"NEANT, EDGAR DEGAS (RUE)",,,,930
200600073467,6,12,8,1515,1,1,1,2.0,1.0,86.0,,M,0.0,0,500
200500042116,5,7,14,2015,1,2,1,1.0,3.0,559.0,avenue du général Lecler,M,4912700.0,454600,510
200600064405,6,10,27,800,1,2,1,2.0,6.0,657.0,PRESIDENT ROBERT LAKOTA,,,,910
201000037740,10,6,11,1140,1,2,3,1.0,3.0,163.0,MICHEL (RUE LOUISE),,,,590
201100000450,11,6,11,30,5,2,1,1.0,5.0,357.0,,M,4983900.0,204999,800
200500074837,5,11,28,1735,5,2,1,1.0,6.0,181.0,"234, JAURES JEAN (AV) N°",,,,720
200800025857,8,5,31,1625,1,1,1,1.0,7.0,223.0,R.N.20,,,,910
201000057474,10,9,27,1832,1,1,1,1.0,6.0,174.0,RN 104,,,,910
200800046495,8,8,24,930,1,1,1,1.0,7.0,437.0,,M,0.0,0,670
200900037139,9,6,20,1538,1,2,1,1.0,6.0,232.0,"., BREST ROUTE DE",,,,290
201300051065,13,12,3,1830,5,2,5,1.0,6.0,106.0,"53, RUE DE RENNES",,,,750
201600034669,16,8,3,1010,1,2,2,1.0,3.0,367.0,CD 98 (RTE DEPARTEMENTAL,M,4888725.0,207779,780
201500022053,15,2,3,815,2,2,1,1.0,2.0,189.0,ALLENDE SALVADOR (RUE),M,0.0,0,300
201500047522,15,11,17,310,3,1,1,2.0,6.0,34.0,AUTOROUTE A86,M,4875600.0,233464,940
200800001371,8,1,10,715,3,2,1,9.0,1.0,577.0,RD443 - Rte de Morsang -,M,4860600.0,249700,910
201300057670,13,8,26,55,5,2,1,1.0,2.0,9.0,"RD13, CHATEAUBOEUF (ROUT",A,0.0,0,972
200700068439,7,11,23,1557,1,2,3,2.0,3.0,231.0,GUSTAVE EIFFEL (AVENUE),,,,210
200800022472,8,4,7,831,1,1,1,1.0,5.0,3.0,AUTOROUTE A6A,,,,940
201100063921,11,2,24,1725,2,2,5,1.0,3.0,112.0,PLACE DE LA NATION,,,,750
201200047326,12,6,28,1650,1,2,1,1.0,6.0,58.0,"40, LEDRU ROLLIN (AV)",,,,940
201100022969,11,12,3,1745,2,2,1,2.0,6.0,300.0,LACROIX   RUE MARIUS,,,,170
201300035227,13,9,10,2030,3,1,1,8.0,5.0,350.0,RN4 HORS AGGLOMERATION,,,,770
200500085975,5,7,31,245,3,1,1,8.0,7.0,117.0,,A,0.0,0,971
200500003519,5,1,9,1700,2,2,1,2.0,6.0,157.0,MESCHEDE (AV. DE),,,,430
200900031117,9,9,12,1615,1,1,1,1.0,6.0,9.0,,M,0.0,0,202
201100033864,11,8,28,1405,1,2,6,1.0,3.0,184.0,BRIGACHTAL (AVENUE DE),,,,540
201400048506,14,1,19,1125,1,1,1,1.0,7.0,19.0,RN 385,,,,920
201400051665,14,12,12,9,3,1,1,1.0,5.0,71.0,A7-Sens Lyon vers*Marsei,,,,130
201400012407,14,1,18,2130,5,2,1,1.0,2.0,81.0,Avenue Charles Poncet,M,0.0,0,740
201600010714,16,6,7,1830,1,2,1,8.0,7.0,69.0,"X, DRAGUIGNAN (ROUTE DE)",M,4338410.0,654028,60
200800014424,8,3,12,930,1,1,1,2.0,7.0,18.0,A4,,,,940
200800067336,8,11,15,1130,1,2,5,1.0,3.0,119.0,PLACE AUGUSTE BARON,,,,750
200600081708,6,6,21,600,5,2,1,1.0,3.0,420.0,nue Pierre Mendès France,R,0.0,0,974
200600059673,6,10,6,1500,1,1,1,1.0,3.0,33.0,CD610,M,0.0,0,340
201000039624,10,3,11,730,1,2,1,1.0,3.0,445.0,37 RUE MONTPENSIER,M,4330140.0,-37343,640
201300039147,13,11,15,1820,5,2,2,2.0,5.0,24.0,"81, HENRI BARBUSSE (RUE)",,,,920
201300048902,13,7,4,1930,1,1,1,1.0,2.0,452.0,Autoroute A31,,,,570
201000061142,10,7,1,1105,1,2,1,1.0,6.0,107.0,"24, RUE DUROC",,,,750
200700016323,7,3,21,930,1,2,3,2.0,6.0,20.0,R DE BAGNOLET R PLANCHAT,,,,750
201200009469,12,6,9,1945,1,1,1,8.0,6.0,601.0,,M,0.0,0,780
201600026676,16,9,20,1315,1,2,1,1.0,2.0,218.0,"15, UNIVERSITE (DE L')",M,4542050.0,442540,420
200800023526,8,5,21,2015,1,2,1,9.0,6.0,55.0,"282, MIREILLE LAUZE (BOU",,,,130
201400008925,14,9,27,615,3,1,1,1.0,6.0,37.0,,M,0.0,0,660
200600022208,6,4,18,840,1,1,1,1.0,6.0,433.0,CD 63,,,,910
201400028435,14,7,7,1716,1,2,1,1.0,4.0,7.0,RABELAIS,M,4746124.0,-54666,490
201200012950,12,10,26,930,1,1,6,1.0,3.0,466.0,,M,0.0,0,780
201400051089,14,12,31,1900,5,2,1,1.0,3.0,389.0,RUE VICTOR SCHOELCHER,,,,690
200500000856,5,1,13,1600,1,1,1,1.0,7.0,145.0,,M,0.0,0,260
201000067338,10,8,6,330,5,2,1,1.0,6.0,7.0,RN 8 PAYS NOYE,A,0.0,0,972
201200041075,12,10,9,930,1,2,1,1.0,3.0,326.0,"66, JEAN ARGELIES (RUE)",,,,910
201500005542,15,4,5,1945,1,2,1,1.0,6.0,165.0,"RD 7, le bourg",M,4502600.0,213900,150
201100044850,11,1,13,1615,1,2,4,1.0,2.0,223.0,"1, LYS (RUE DES)",,,,910
201400014813,14,6,1,530,5,2,2,1.0,3.0,55.0,"01, BD DE PLOMBIERES",M,4331489.0,538787,130
201400012716,14,8,31,2030,5,2,1,1.0,1.0,282.0,rue du Capitaine Anjot,M,0.0,0,740
201500006672,15,7,2,1145,1,1,1,1.0,6.0,514.0,,M,0.0,0,210
201200059077,12,4,12,2240,5,2,3,1.0,6.0,120.0,"62, BOULEVARD DE BELLEVI",,,,750
200700003393,7,1,22,2155,5,2,1,8.0,7.0,260.0,"., MATISSE(RUE HENRI)",,,,560
200900070486,9,10,21,1000,1,2,1,2.0,2.0,521.0,RESISTANCE (RUE DE LA),,,,910
200900022999,9,4,20,1805,1,2,1,1.0,3.0,262.0,"1, DE GAULLE (BOULEVARD",,,,110
200700048128,7,8,7,1445,1,2,1,1.0,3.0,247.0,CD859,M,0.0,0,201
201100055080,11,7,4,830,1,1,1,1.0,3.0,64.0,RN 118,,,,910
200600022376,6,4,11,740,1,2,1,1.0,2.0,51.0,"46, CHARLES DE GAULLE (A",,,,920
200600047337,6,8,2,1015,1,2,2,1.0,3.0,54.0,BARRELET  AVENUE HENRI,,,,130
200900050899,9,4,30,945,1,2,1,1.0,6.0,510.0,"., HUGO (R VICTOR)",,,,620
200700061625,7,10,7,2130,3,1,1,1.0,6.0,207.0,,M,4796300.0,545300,520
200700075065,7,12,22,945,1,2,1,7.0,6.0,493.0,CD 11 AV. F. DE ST JAMES,M,4333000.0,-102900,640
201200060890,12,8,10,1315,1,2,1,1.0,6.0,3.0,Chemin dit de la Retrait,A,0.0,0,971
201500056340,15,7,1,1420,1,2,1,1.0,6.0,118.0,ECHANGEUR CHAPELLE,,,,750
201200044088,12,10,28,1945,5,2,3,1.0,3.0,7.0,DEFENSE DU BOURGET (AVEN,,,,930
200900055367,9,9,18,1520,1,2,1,1.0,7.0,274.0,251 RUE DES ECOLES,M,4.0,0,450
201000065281,10,6,1,1645,1,2,3,1.0,6.0,118.0,"25, RUE ORDENER",,,,750
201600028360,16,6,21,2232,5,2,1,2.0,1.0,454.0,N44,M,4926245.0,402876,510
200700052790,7,9,25,1945,1,2,1,1.0,6.0,758.0,avenue Foch,M,0.0,0,760
200800060075,8,10,19,1425,1,2,1,1.0,2.0,691.0,RESISTANCE(AVENUE),,,,910
200700054205,7,9,12,830,1,1,1,1.0,1.0,96.0,,M,0.0,0,202
201200019420,12,10,8,945,1,1,1,1.0,1.0,175.0,,M,4451040.0,75616,470
200500062735,5,10,18,1615,1,1,1,2.0,3.0,204.0,,M,0.0,0,560
201400012404,14,10,13,1945,3,1,1,2.0,6.0,265.0,,M,4585500.0,341100,630
201600026955,16,6,7,1445,1,2,1,1.0,6.0,109.0,BOULEVARD DE CARDIFF,M,4711587.0,-134493,440
201500018824,15,7,12,1530,1,2,1,1.0,3.0,11.0,D52A,M,4821988.0,260575,770
201200019041,12,6,15,2030,1,1,1,1.0,6.0,82.0,,M,4743800.0,-136900,440
200500048458,5,8,18,1400,1,1,1,1.0,7.0,274.0,,M,0.0,0,240
200500013349,5,3,10,1345,1,1,1,1.0,5.0,42.0,,M,0.0,0,130
200900027112,9,10,18,300,5,2,1,1.0,6.0,119.0,AVENUE DE PORTE DE LA VI,,,,750
200500024859,5,5,9,1245,1,1,1,1.0,1.0,507.0,,M,4891400.0,128200,270
201000022903,10,6,15,1600,1,1,1,3.0,1.0,39.0,RN 544,,,,130
200700072859,7,11,15,1530,1,2,1,1.0,2.0,112.0,PORT DE BERCY,,,,750
200700040617,7,7,22,1030,1,1,1,1.0,6.0,535.0,,M,4873500.0,372100,510
201000036280,10,9,3,1545,1,2,1,1.0,3.0,240.0,CD 26,,,,570
201300026798,13,4,24,1643,1,2,7,1.0,3.0,218.0,"1, VILLEBOEUF (PLACE)",M,4543256.0,439445,420
201500056131,15,2,6,1530,1,2,1,1.0,3.0,119.0,PORTE D AUBERVILLIERS,,,,750
201300047611,13,7,4,1305,1,1,1,1.0,3.0,377.0,RN20,,,,910
201300024186,13,11,2,1315,1,2,2,2.0,3.0,63.0,RTE DE TOULOUSE,,,,330
200800074585,8,1,6,2120,2,1,1,1.0,7.0,113.0,"RN4, SECTEUR GRAND BOIS",,,,971
201400031878,14,4,7,2140,3,1,1,8.0,2.0,215.0,RD917   57+1,M,5047994.0,295737,620
200900038266,9,1,13,1536,1,1,1,7.0,6.0,218.0,Dï¿½partementale,M,0.0,0,420
200900064391,9,8,21,1535,1,2,1,1.0,6.0,216.0,"75, DIEPPE. ROUTE DE (RN",,,,760
201000067655,10,11,28,1800,1,1,1,1.0,7.0,12.0,,G,0.0,0,973
200700056739,7,9,26,753,2,2,2,8.0,6.0,672.0,"23, CLEMENCEAU (AVENUE)",,,,570
200800014205,8,3,16,2105,5,2,1,2.0,3.0,59.0,"0, DAME BLANCHE (AV DE L",,,,940
200800018607,8,4,16,2347,5,2,2,1.0,3.0,540.0,"1, CORNEILLE. QUAI (HAUT",,,,760
201500048667,15,6,30,946,1,2,2,1.0,3.0,387.0,"23, RAOUL SERVANT",M,0.0,0,690
200900059361,9,12,18,1545,1,2,1,1.0,3.0,206.0,RUE DE LA FONTAINE,M,4.0,-,560
200900011172,9,2,1,1645,2,2,1,4.0,3.0,530.0,Lieu dit Creusefond,M,0.0,0,710
200700015123,7,3,23,1740,1,2,1,1.0,2.0,129.0,"0, BREMERHAVEN (AVENUE D",,,,500
200700046016,7,7,4,1610,1,2,1,2.0,2.0,114.0,"21, AVENUE PIERRE DE COU",,,,750
200500038694,5,6,10,1645,1,1,1,1.0,3.0,153.0,,M,4467800.0,409700,70
200700040274,7,7,29,1930,1,1,1,1.0,1.0,22.0,,M,4562400.0,558800,380
200800069589,8,12,12,800,2,1,1,1.0,1.0,243.0,,M,4391000.0,373000,340
201400033256,14,4,6,200,5,2,2,1.0,3.0,482.0,VIENNE (ROUTE DE),,,,670
200600068784,6,11,16,1855,5,2,1,2.0,7.0,5.0,PO SAINT MICHEL,,,,750
200900035315,9,8,30,2030,2,1,1,1.0,7.0,140.0,,M,0.0,0,20
200700066768,7,10,24,1635,1,2,1,1.0,6.0,106.0,"59, BOULEVARD DU MONTPAR",,,,750
201200010194,12,9,17,1015,2,1,3,1.0,5.0,55.0,,M,4752210.0,125342,410
201200054567,12,1,14,1700,1,2,1,1.0,7.0,108.0,"39, AVENUE DES CHAMPS EL",,,,750
200800047484,8,8,17,1530,1,1,1,1.0,3.0,202.0,,M,4401200.0,678100,40
200900066019,9,9,25,1600,1,1,3,1.0,6.0,17.0,ALBERT THOMAS (R),M,4.0,0,940
200800041950,8,7,3,1750,1,1,1,1.0,4.0,70.0,A50-Sens Aubagne vers Ma,,,,130
200600055170,6,9,26,1310,1,2,2,1.0,3.0,512.0,LUXEMBOURG (RUE DU),,,,590
201000034649,10,3,30,1945,2,2,1,1.0,2.0,99.0,"58, JOFFRE (BOULEVARD DU",M,4706750.0,-88458,490
201100054296,11,3,21,815,1,1,1,1.0,2.0,63.0,A86,M,4888980.0,216966,920
200500008748,5,2,3,2010,5,2,1,1.0,2.0,7.0,36 R SAINT DOMINIQUE,,,,750
200500032770,5,6,29,1000,1,2,1,1.0,3.0,55.0,"98, BAILLE (BD)",,,,130
201500027640,15,10,27,1719,1,2,1,1.0,6.0,7.0,JEANNE D'ARC AVENUE,M,4746825.0,-54010,490
201500006987,15,10,13,1000,1,1,3,1.0,3.0,2.0,,M,4771747.0,390998,890
200700027322,7,5,30,700,1,2,1,1.0,2.0,88.0,"167, MADELEINE (BD DE LA",,,,60
201100049766,11,2,23,1620,1,2,3,2.0,3.0,72.0,GORKI / MONMOUSSEAU,,,,930
201100009046,11,6,4,1500,1,1,1,1.0,1.0,650.0,"GN 49.74,6.6",M,0.0,0,570
200800002133,8,1,19,1430,1,2,1,1.0,3.0,343.0,CHATEAU DES COURS (RUE D,,,,100
200700032572,7,6,16,230,3,2,1,8.0,6.0,91.0,Rue du port,M,4630800.0,-110000,170
200900063727,9,11,22,1040,1,2,1,1.0,3.0,510.0,"., DELEBECQUE (R GERMAIN",,,,620
201300030481,13,3,9,525,5,2,3,2.0,3.0,650.0,"51, SAINT VINCENT DE PAU",,,,590
200900006182,9,2,26,1530,1,2,1,1.0,6.0,555.0,"44, CHE HENRI BESSEMER",,,,310
201200047927,12,4,16,930,1,2,1,1.0,2.0,18.0,BD JEAN ALLEMANE,M,4895990.0,225830,950
201300002978,13,8,22,1545,1,1,1,1.0,5.0,404.0,,M,0.0,0,640
201300038485,13,9,24,830,1,2,1,1.0,2.0,2.0,ADOLPHE PAJEAUD (RUE),,,,920
200600012173,6,3,1,1720,1,2,3,2.0,3.0,281.0,AVE DES FRERES ROBINSON,,,,330
200500070590,5,11,27,145,3,1,1,2.0,7.0,322.0,,M,4924500.0,-70400,140
200600039051,6,7,29,2050,5,2,6,1.0,7.0,302.0,ROUTE NATIONALE 20,,,,450
200700037609,7,6,15,1800,1,2,1,1.0,3.0,46.0,"14, MENDES FRANCE RESIDE",,,,930
200600041837,6,7,10,1805,1,1,1,1.0,6.0,607.0,AUTOROUTE A115,,,,950
200900015481,9,4,25,1730,1,2,1,1.0,1.0,214.0,D1090,M,0.0,0,380
200900044482,9,5,29,1215,1,1,1,1.0,6.0,55.0,A50-SENS AUBAGNE VERS MA,M,4.0,0,130
200500020130,5,4,25,825,1,2,1,1.0,2.0,194.0,"sans, MARZY",,,,580
201000030423,10,7,22,450,5,2,1,1.0,7.0,172.0,"911, AGROPOLIS (AVENUE)",M,4364580.0,386861,340
200800060969,8,10,13,2100,5,1,1,1.0,3.0,36.0,AUTOROUTE A86,,,,920
200800023946,8,5,15,2249,5,2,1,1.0,6.0,28.0,"1005, ALPHONSE DAUDET (A",,,,300
201600031838,16,6,9,840,1,1,1,1.0,3.0,260.0,RUE D'AIZPURDI,M,4335660.0,-177432,640
201100011969,11,7,5,730,1,1,1,1.0,2.0,23.0,,M,4341300.0,604400,830
201000029209,10,6,12,650,1,2,2,1.0,6.0,63.0,PCE DE LATULE,,,,330
200500023097,5,4,11,1445,3,1,1,1.0,3.0,389.0,,M,0.0,0,610
201000045079,10,9,21,2148,5,2,9,1.0,3.0,61.0,"0, AVENUE DE L'AGACHON",,,,830
200500067320,5,10,1,15,5,2,1,1.0,6.0,24.0,"., VAGUES (AVENUE DES)",,,,640
200900065752,9,9,19,1900,1,2,2,1.0,6.0,8.0,Rue de Chabassiere,M,0.0,0,230
201200028066,12,9,4,455,3,1,1,1.0,2.0,212.0,D 956,M,4756810.0,136269,410
200900009192,9,6,20,130,5,2,1,1.0,7.0,112.0,"55, RUE DE LYON",,,,750
201200024240,12,5,25,1140,1,2,1,1.0,3.0,69.0,"999, CORNEBARRIEU (AV DE",M,4363769.0,138569,310
200600061329,6,10,9,1420,1,2,3,1.0,3.0,555.0,"999, AV DE LA ROSERAIE",,,,310
201200050851,12,9,16,940,1,1,1,1.0,6.0,37.0,A6A,M,4881370.0,233606,940
200600017326,6,4,6,1100,1,1,1,1.0,1.0,178.0,,M,4969600.0,-143900,500
201000013980,10,2,3,745,2,1,1,1.0,1.0,71.0,N191,M,4849420.0,184362,780
200600070960,6,11,2,1210,1,2,1,1.0,1.0,383.0,"1, BONNEL (DE)",,,,690
201000008884,10,9,2,1915,1,2,1,1.0,6.0,247.0,18 PLACE DE L'EGLISE,A,0.0,0,30
200800018671,8,4,14,2115,5,2,1,1.0,6.0,53.0,"SANSN°, ALSACE LORRAINE",,,,10
201000001471,10,10,15,545,3,1,1,1.0,1.0,116.0,LES ESSSARTS,M,4921020.0,72072,270
200500054678,5,9,4,1415,1,2,1,1.0,3.0,267.0,Rue de St sauveur,M,0.0,0,170
200600033509,6,6,30,2250,1,1,1,1.0,2.0,555.0,VA007547 SOUPETARD A61 S,,,,310
200700076120,7,12,19,600,3,1,1,1.0,3.0,42.0,,M,4450000.0,-83600,330
200500081162,5,12,18,1700,2,2,3,1.0,7.0,18.0,VENDOME (AVENUE DE),,,,410
200800025190,8,5,11,1415,1,2,1,1.0,6.0,43.0,"00, BALLASTIERE DE BISCH",,,,670
201300028325,13,11,23,1800,5,2,1,2.0,6.0,532.0,ROUTE DU CROISSANT,M,4881420.0,-155226,500
201500053415,15,3,19,215,5,2,1,1.0,2.0,114.0,AVENUE DE LA PORTE DE CH,,,,750
200800076886,8,10,22,1400,1,1,1,1.0,3.0,309.0,,G,0.0,0,973
201200049076,12,1,3,2200,3,1,1,2.0,6.0,256.0,ROUTE NATIONALE 184,,,,950
200700029636,7,5,6,1525,1,2,3,1.0,6.0,18.0,R CHAMPIONNET R N CHARDO,,,,750
200800008120,8,2,1,830,1,2,1,1.0,3.0,555.0,"250, AV DE GRANDE BRETAG",,,,310
200700001276,7,1,17,1900,3,2,1,2.0,7.0,544.0,rue de marancourt,M,0.0,0,910
200700011434,7,2,26,945,1,1,1,2.0,5.0,66.0,AUTOROUTE A1,,,,930
200700079546,7,12,3,2100,5,2,1,1.0,6.0,20.0,"164, PARIS AVENUE DE N°8",,,,920
201200012459,12,1,31,1415,1,1,1,1.0,6.0,590.0,,M,4713300.0,426700,210
201000023617,10,5,14,1045,1,2,7,1.0,6.0,192.0,83 rue de la libération,M,0.0,0,760
201500050620,15,2,20,920,1,2,1,2.0,2.0,102.0,"25, BOULEVARD DE BONNE N",,,,750
201400031216,14,2,22,140,5,1,1,1.0,7.0,98.0,BOIS (RUE CEINGLES AU),,,,590
200500034574,5,6,1,1910,1,2,2,1.0,3.0,737.0,DE GAULLE (BOULEVARD DU,,,,620
200800046906,8,8,25,1230,1,1,1,1.0,3.0,92.0,,M,0.0,0,850
201300018342,13,9,18,1600,1,2,1,1.0,5.0,248.0,,M,4388600.0,261400,120
200800065415,8,11,8,1335,1,2,2,2.0,3.0,191.0,ATLANTIQUE (BD)V.VERTE/P,,,,790
200500071883,5,11,11,1800,3,1,1,1.0,3.0,320.0,,M,4216700.0,952700,202
201600057742,16,9,29,1215,1,1,1,1.0,3.0,305.0,,G,0.0,0,973
201400043945,14,11,3,620,2,2,1,1.0,3.0,17.0,"1, ROGER SALENGRO (AV)",,,,940
201500047114,15,5,7,845,1,1,1,1.0,2.0,86.0,RN 104,,,,910
201600006611,16,7,9,1400,1,1,1,1.0,3.0,120.0,,M,0.0,0,670
201000038594,10,10,21,1715,1,2,2,1.0,3.0,413.0,"sans, DEBARGE (R CHARLES",,,,620
200700001807,7,1,18,1450,1,2,1,1.0,6.0,88.0,"0, FRANCE (R. DE) DU N°",,,,60
201600016290,16,11,24,2027,5,2,1,3.0,5.0,56.0,SAINT-ANNE,M,4339955.0,506333,130
200700034533,7,6,5,2000,1,2,1,8.0,1.0,55.0,"24, CAILLOLS (TRAVERSE D",,,,130
201400037341,14,5,18,1215,1,2,2,1.0,3.0,41.0,AMANDIERS (AVENUE DES),,,,860
201100006980,11,11,8,930,1,2,1,2.0,6.0,185.0,,M,0.0,0,10
200700013797,7,3,10,1900,2,2,1,1.0,3.0,325.0,"000, PHILIPPE THOMASSIN",,,,100
201200026412,12,12,21,935,1,2,1,1.0,3.0,172.0,", RIMBAUD (RUE PAUL)",M,4361858.0,384548,340
201500031589,15,11,19,1555,1,2,3,1.0,3.0,445.0,RUE DES FRERES WRIGHT,M,4330611.0,-36689,640
201300012280,13,8,14,1700,1,1,9,1.0,4.0,4.0,,M,0.0,0,60
201300056465,13,6,17,845,1,2,1,2.0,4.0,113.0,PORTE DE GENTILLY,,,,750
201200061924,12,6,16,1800,2,2,1,1.0,2.0,11.0,3RN2/092,,,,974
200700038852,7,6,20,650,1,2,2,1.0,3.0,113.0,BOULEVARD VINCENT AURIOL,,,,750
200700007968,7,2,8,2030,5,2,2,2.0,2.0,55.0,FRAIS VALLON (AVENUE),,,,130
200700059673,7,9,26,1030,1,2,1,1.0,6.0,117.0,"27, RUE LA CONDAMINE",,,,750
201200027154,12,10,13,1520,1,2,6,8.0,3.0,44.0,MONTAIGNE/MALLET STEVEN,M,4679310.0,171111,360
201100039323,11,11,29,1820,5,2,1,1.0,3.0,66.0,"63, CARLOVINGIENS (RUE D",M,4809220.0,735628,680
200600003210,6,1,4,1830,2,2,1,1.0,1.0,85.0,"39, ROUSSILLON (AVENUE D",,,,870
200500000506,5,1,16,1930,3,1,1,1.0,1.0,540.0,,M,0.0,0,240
201600054321,16,10,4,1800,1,2,3,1.0,6.0,114.0,AVENUE DENFERT ROCHEREAU,M,4883770.0,233556,750
200800009169,8,2,15,2155,5,2,2,1.0,6.0,482.0,BERNE (RUE DE),,,,670
201000002124,10,8,29,1615,1,1,2,1.0,3.0,251.0,,M,4868475.0,-377777,290
201300051708,13,1,25,2130,5,2,7,1.0,5.0,102.0,BOULEVARD DES CAPUCINES,,,,750
201100065614,11,7,24,700,1,1,6,1.0,3.0,7.0,,G,0.0,0,973
201200030824,12,10,5,1840,1,2,1,1.0,2.0,328.0,"103, PLISSES (RUE DES)",M,4862577.0,615999,540
201200016228,12,10,3,1030,2,2,1,1.0,2.0,55.0,"32, BD DE LA BARASSE RN",M,,,130
201300025715,13,2,24,1640,1,2,1,8.0,6.0,122.0,RUE HENRI DUNANT,,,,370
200700060091,7,10,23,1700,1,1,1,1.0,6.0,7.0,,M,0.0,0,270
201000056919,10,10,28,5,3,1,1,2.0,6.0,7.0,A13 Y,,,,780
201300018860,13,3,23,1230,1,2,9,1.0,3.0,188.0,11 RUE DU PONTRET,M,0.0,0,790
200500027301,5,5,8,725,1,2,1,1.0,3.0,88.0,"0, GRENOBLE (ROUTE DE)",,,,60
201000042007,10,12,22,1730,5,2,1,2.0,4.0,445.0,RENE CASSIN (RUE),,,,710
201500018988,15,7,12,1500,1,2,1,1.0,7.0,90.0,8 RUE Joseph JEGOUSSE,M,4784269.0,-326840,560
201000028326,10,9,10,855,1,2,1,1.0,2.0,555.0,"46, CHE DE LA FLAMBERE",,,,310
200500073814,5,11,21,723,1,2,1,1.0,1.0,218.0,"1, ALBERT FRANCOIS",,,,420
200800029162,8,5,15,815,1,2,1,1.0,3.0,71.0,RD 943,M,0.0,0,360
200700009788,7,2,10,1320,1,2,5,1.0,3.0,8.0,BD MALESHERBES PL SAINT,,,,750
200800031186,8,6,25,915,1,1,1,1.0,3.0,404.0,,M,4557600.0,324800,630
200700016424,7,3,25,2210,5,2,1,1.0,7.0,16.0,36 R CHARDON LAGACHE,,,,750
200900021126,9,6,3,400,5,2,1,1.0,6.0,234.0,SECRETAIN (AVENUE ROGER),M,4.0,0,450
201000028584,10,8,30,1600,1,1,1,1.0,7.0,13.0,"7, ANDRE CAYATTE (RUE)",M,4363500.0,60215,320
201100043648,11,5,2,2255,5,1,6,1.0,7.0,191.0,GIRATOIRE DU 8 AOUT 1808,,,,850