Num_Acc,an,mois,jour,hrmn,lum,agg,int,atm,col,com,adr,gps,lat,long,dep
201200004946,12,1,1,1515,1,1,1,1.0,7.0,81.0,26081,M,0.0,0,260
200900012464,9,7,7,2240,5,2,1,1.0,6.0,114.0,BOULEVARD PERIPHERIQUE E,,,,750
200500036639,5,6,28,2210,5,2,3,2.0,3.0,7.0,"0, ""PAUL VAILLANT COUTUR",,,,930
200900013745,9,1,27,1240,1,1,1,1.0,3.0,123.0,ROUTE D'ANDRESY,M,4.0,0,780
200600015477,6,3,25,845,1,1,1,2.0,1.0,323.0,Lieu-dit Bellevue,M,0.0,0,570
200500074251,5,11,19,1620,1,2,1,1.0,6.0,194.0,PRE PLANTIN (BOULEVARD),,,,580
200700050471,7,8,22,2140,5,2,1,3.0,3.0,483.0,"35, HUGO VICTOR (BOULEVA",,,,640
201100058933,11,12,16,1845,5,2,4,2.0,7.0,107.0,"10, BOULEVARD RASPAIL",,,,750
200600077359,6,12,23,2128,4,2,2,1.0,3.0,498.0,"XXXXXXXX, JARDINS (R DES",,,,620
200600074897,6,12,15,2139,5,1,1,1.0,6.0,195.0,A 36 PK 0,M,0.0,0,680
200500008090,5,2,15,2020,5,2,2,1.0,3.0,129.0,CESSART (AVENUE DE),,,,500
201200011741,12,10,11,1950,5,2,1,1.0,3.0,88.0,"0, FREESIAS (AV. DES)",,,,60
200800044608,8,8,24,120,3,2,1,1.0,6.0,194.0,"59, SAULAIES (ROUTE)",,,,580
200900013355,9,4,17,1655,1,1,1,1.0,4.0,300.0,33 PK RN11 NANTES ROCADE,,,,170
200900067283,9,12,23,1800,5,2,1,3.0,6.0,88.0,"14, VOIE ROMAINE (AV. DE",,,,60
201200056193,12,8,25,1625,1,2,1,1.0,3.0,112.0,"37, RUE DE POMMARD",,,,750
201100042166,11,11,28,1835,5,2,2,1.0,6.0,498.0,AV URSULINES/DE GAULLE,,,,780
201500057558,15,8,12,1338,1,1,1,1.0,3.0,213.0,Z I LES MANGLES,A,0.0,0,972
201200025913,12,2,11,15,5,2,2,1.0,7.0,172.0,MARES (AVENUE HENRI),M,4362005.0,385113,340
201000052541,10,7,11,1830,1,2,1,1.0,6.0,18.0,"21, R DE CONFLANS",M,4882200.0,241157,940
200800058129,8,10,24,410,5,2,1,1.0,6.0,238.0,"25, DANTON",,,,350
201500018412,15,12,29,1045,1,1,1,1.0,6.0,235.0,,M,4354600.0,221100,810
200600026550,6,5,2,1700,1,2,9,1.0,3.0,172.0,PAUL (RUE MARCEL),,,,340
200900008525,9,3,11,1530,1,2,2,1.0,3.0,42.0,Bd P.Monod/rue Gallinons,M,4.0,0,740
201300046099,13,5,23,735,1,1,1,1.0,2.0,66.0,AUTOROUTE A1-,M,4892340.0,235708,930
201500058605,15,8,27,730,1,2,1,2.0,7.0,611.0,mamoudzou centre-Hopital,Y,0.0,0,976
201500013759,15,4,9,240,5,2,1,1.0,1.0,55.0,"00, PLOMBIERES (BOULEVAR",,,,130
201400054695,14,10,31,1315,1,2,3,1.0,6.0,105.0,"93, BOULEVARD DE PORT RO",,,,750
200800004245,8,1,27,2355,5,2,4,8.0,6.0,640.0,"35 bis, LAVOISIER (RUE)",,,,780
201100030014,11,6,2,1725,1,2,2,1.0,3.0,261.0,FOUCAULD (RUE CHARLES DE,M,4736060.0,70651,370
200700000533,7,1,6,1250,1,1,1,2.0,1.0,33.0,PONT DE TAILLAC,M,0.0,0,870
200500070826,5,11,28,635,3,1,1,2.0,6.0,10.0,CD 3,M,4519700.0,62200,240
200700076546,7,12,3,915,1,2,1,1.0,3.0,88.0,"25, SOLA (BD PIERRE)",,,,60
201300050972,13,6,14,1535,1,2,7,1.0,2.0,106.0,BOULEVARD SAINT GERMAIN,,,,750
200700053155,7,9,10,830,1,1,1,1.0,3.0,495.0,,M,0.0,0,640
200500010036,5,2,28,1210,1,2,3,1.0,3.0,63.0,"1, AGRICULTURE (RUE DE L",,,,950
200700012195,7,3,16,1730,1,2,1,1.0,6.0,154.0,,M,4772000.0,-10000,720
200500033973,5,6,22,1850,1,2,4,1.0,1.0,232.0,ARDON (ROUTE D'),,,,450
201300017497,13,10,25,2300,3,1,1,2.0,6.0,129.0,,M,4951800.0,303600,600
200800034519,8,6,30,920,1,2,6,1.0,2.0,78.0,BALLANGER (BD ROBERT),,,,930
201300010856,13,3,18,1515,1,2,1,1.0,6.0,88.0,"0, WILSON (PL.)",,,,60
201000016102,10,1,15,1655,1,2,1,7.0,6.0,83.0,"04, MUNET (RUE DES SOEUR",,,,60
201200036808,12,11,12,2025,5,2,6,1.0,3.0,270.0,"1,150, Rue de l'héritan",,,,710
200600021080,6,4,5,825,1,2,3,1.0,7.0,550.0,ALLIES (BOULEVARD DES),,,,700
200700024561,7,4,6,1530,1,2,1,1.0,6.0,41.0,FOUILLOUX (R),,,,940
201500022525,15,2,13,1050,1,1,1,1.0,2.0,555.0,VA007553 A61,,,,310
201500049603,15,4,7,1820,1,1,1,1.0,4.0,199.0,A7   7.000 A 8.630,,,,690
200900014893,9,5,30,25,3,1,1,1.0,2.0,170.0,,M,4.0,0,300
200900070169,9,9,12,540,3,2,2,1.0,3.0,210.0,", MORA (RUE DE)",M,4.0,0,950
201400019872,14,6,3,1906,2,2,1,1.0,6.0,306.0,"13, CHATEAU D'EAU (DU)",M,4562381.0,-103258,170
200800052973,8,9,28,1145,1,2,1,1.0,3.0,108.0,"185, RD 570 ROUTE D'AVIG",,,,130
201000039780,10,9,10,2020,2,2,1,1.0,6.0,445.0,"69, AV DES LILAS",M,4330820.0,-34557,640
201200013869,12,5,15,1300,1,2,1,1.0,3.0,1.0,FERRINI FORTUNE (AV),,,,130
201100063969,11,3,30,1415,1,2,1,1.0,7.0,115.0,"22, RUE JEAN REY",,,,750
201400014010,14,1,22,1315,1,2,1,1.0,6.0,55.0,", RUE PEYSSONNEL",,,,130
200900059039,9,8,24,1805,1,2,1,1.0,6.0,88.0,"7, HUGO (BD VICTOR)",,,,60
200600018174,6,4,4,1400,1,2,1,1.0,7.0,65.0,CD978 / CD160,M,4706000.0,368000,580
200800009958,8,2,27,920,1,2,1,1.0,3.0,31.0,"46, JEAN JAURES (AVENUE)",,,,930
201000026146,10,4,6,2000,1,2,1,1.0,7.0,653.0,8 rue raymond poincaré,M,5057700.0,294300,590
201300002643,13,8,23,1015,1,1,1,1.0,6.0,407.0,LA REYNIE,M,4493030.0,76516,240
200700024544,7,4,10,1110,1,1,1,1.0,3.0,65.0,TROIS MARCHES (AV) / MIN,,,,940
200700011102,7,2,16,1945,5,2,7,1.0,3.0,19.0,"00, REPUBLIQUE (R DE LA)",,,,940
201600044754,16,4,19,1720,1,1,1,1.0,4.0,373.0,RN104,,,,770
201300052576,13,12,13,1115,1,2,3,1.0,3.0,111.0,"63, RUE SAINT MAUR",,,,750
201200025613,12,11,18,745,2,2,6,1.0,7.0,318.0,AVE ROBERT CLAVE,,,,330
201400049095,14,12,16,1945,3,1,1,1.0,7.0,377.0,AUTOROUTE A10,,,,910
200600072358,6,11,7,330,3,1,1,1.0,7.0,513.0,impasse pré d'enfer,M,0.0,0,710
201000036722,10,8,2,1500,1,2,3,2.0,3.0,431.0,PAVE FRUIT (RUE DU),,,,590
200800069344,8,12,19,530,5,2,1,2.0,6.0,349.0,36 rue principale,M,4892600.0,797500,670
201100013591,11,5,29,145,5,2,1,1.0,6.0,40.0,28 GRANDE RUE,M,4908520.0,187200,950
201000050611,10,4,28,1918,1,2,1,1.0,6.0,29.0,AV HENRI BARBUSSE,M,4892180.0,245531,930
200900037005,9,10,10,1900,2,2,2,1.0,6.0,286.0,DUPRAT (RUE BARON),,,,650
201300008153,13,11,3,1730,1,1,1,1.0,1.0,82.0,,M,4405500.0,516500,840
201500001699,15,10,31,2315,3,1,1,1.0,1.0,221.0,,M,4874405.0,-47446,610
201300030997,13,6,25,2050,1,2,1,1.0,3.0,414.0,"33, MOCQUET (AVENUE GUY)",,,,600
201300002812,13,8,9,400,4,1,1,1.0,3.0,246.0,,M,4411076.0,-70228,400
200500065013,5,10,25,1815,1,2,1,1.0,6.0,88.0,"01, BARETY (RUE DOCTEUR)",,,,60
201200000311,12,5,27,1015,1,1,3,1.0,5.0,641.0,,M,0.0,0,620
201500003501,15,10,25,1845,3,1,1,1.0,6.0,433.0,,M,0.0,0,310
201200051977,12,7,24,835,1,2,1,1.0,6.0,385.0,"2, RUE DES AQUEDUCS",,,,690
201400032619,14,9,19,830,1,2,1,1.0,6.0,445.0,103 BD ALSACE LORRAINE,M,4330518.0,-37240,640
200600002467,6,1,12,940,1,2,2,8.0,7.0,9.0,R FG POISSONNIERE BD POI,,,,750
200600030341,6,6,6,1600,1,2,1,1.0,6.0,643.0,5 le bourg,M,4957300.0,-172900,500
200700071516,7,11,23,830,1,1,1,1.0,4.0,28.0,A86,,,,940
201100021837,11,10,12,1730,1,2,1,1.0,1.0,117.0,LEADER PRICE ( MAGASIN ),,,,130
200500074021,5,11,8,1215,1,2,2,1.0,7.0,129.0,"00, POLLE (RUE DE LA)",,,,500
201300043235,13,5,5,430,5,1,1,1.0,2.0,81.0,A86,M,4877340.0,240314,940
200700040275,7,7,15,2200,3,1,1,1.0,2.0,372.0,,M,0.0,0,380
201300007398,13,8,1,100,5,2,1,1.0,7.0,26.0,AVENUE DES PARC,M,0.0,0,700
201000009462,10,8,26,1215,1,2,3,1.0,3.0,310.0,SICHON (BOULEVARD DU),,,,30
200500044548,5,7,29,1400,1,2,2,1.0,3.0,63.0,HUGO (CRS VICTOR),,,,330
200800037178,8,7,1,1930,1,1,1,1.0,1.0,331.0,,M,0.0,0,680
201200006791,12,7,2,1300,1,1,1,1.0,1.0,185.0,,M,4827016.0,732677,680
200700015918,7,3,2,1719,1,2,3,2.0,3.0,12.0,R BIGNON R DE CHARENTON,,,,750
201200014192,12,6,6,1415,1,2,1,1.0,2.0,54.0,CD9,,,,130
200600060803,6,10,29,915,1,2,9,1.0,2.0,55.0,"32, CESAR BOY (AVENUE)",,,,130
201600035414,16,10,12,1615,1,1,1,1.0,3.0,90.0,"1915, SANARY (ROUTE DE)",M,4312577.0,583021,830
200700025429,7,5,5,1645,1,1,1,1.0,7.0,186.0,,M,0.0,0,560
201500003718,15,4,4,1950,2,1,1,3.0,6.0,215.0,RIEU NEGRE,M,4449290.0,238794,120
200500004494,5,1,30,1448,1,2,3,1.0,3.0,76.0,ANNE FRANCK (RUE),,,,710
201100026062,11,2,11,1700,1,2,1,1.0,1.0,32.0,"1305, CLAPAS DE CORNUT (",M,4381310.0,461386,300
200700017097,7,3,16,1945,5,2,1,1.0,6.0,174.0,"51, BRIAND(ALLEE ARISTID",,,,910
201300040186,13,11,6,910,1,2,3,8.0,6.0,62.0,"34, JAURES (RUE JEAN) DU",,,,920
201300053696,13,4,10,1240,1,2,1,1.0,6.0,115.0,"12, RUE PETEL",,,,750
201300000566,13,6,7,1215,1,1,1,1.0,1.0,503.0,,M,4953015.0,101302,760
200800002092,8,1,27,1100,1,2,1,1.0,3.0,88.0,"18, MAETERLINCK (BD M.)",,,,60
201400040931,14,4,16,1410,1,2,6,1.0,3.0,64.0,"0, MAGENTA PLACE",,,,920
200900024503,9,7,18,1430,1,2,1,1.0,3.0,133.0,boulevard Diderot,M,0.0,0,300
200900048717,9,7,8,1915,1,2,1,1.0,1.0,177.0,lieu dit les barrieres d,M,4.0,-,560
200600080021,6,12,9,15,5,1,1,1.0,6.0,350.0,ROUTE NATIONALE 356,,,,590
201000006050,10,1,16,1630,1,2,1,2.0,6.0,33.0,RD820,M,,,310
201000050136,10,4,6,340,5,2,2,1.0,3.0,71.0,JOHN F. KENNEDY (AVENUE),,,,930
200800027206,8,5,19,1120,1,2,1,1.0,6.0,112.0,"30, PLACE DE LA NATION",,,,750
201400020199,14,6,3,800,1,1,1,1.0,4.0,33.0,RD 400,,,,180
201500057499,15,2,15,25,5,1,1,1.0,1.0,213.0,ROUTE DEPARTEMENTALE 3,A,0.0,0,972
200900044670,9,5,10,215,5,2,1,1.0,3.0,55.0,"63, BD JEAN MOULIN",,,,130
200700015938,7,3,2,400,5,2,1,1.0,6.0,4.0,16 R PAVEE,,,,750
200800042816,8,8,2,205,5,2,1,1.0,6.0,112.0,"120, RUE DE BERCY",,,,750
201300004752,13,1,1,1145,1,1,1,2.0,6.0,231.0,26231,M,0.0,0,260
200600006357,6,2,19,415,4,1,1,8.0,6.0,278.0,,M,0.0,0,850
201200039110,12,5,3,755,1,2,1,1.0,3.0,121.0,"NC, CHANTILLY (BOULEVARD",,,,820
200800035845,8,6,2,1800,1,2,1,1.0,2.0,120.0,PORTE DE BAGNOLET,,,,750
201200052061,12,7,19,2030,2,1,1,1.0,2.0,206.0,Autoroute A30,,,,570
201200017214,12,4,17,1715,1,1,1,2.0,1.0,356.0,RD 91,M,0.0,0,780
200700077341,7,12,5,745,2,2,1,1.0,2.0,7.0,"983, CASSIN (RUE RENE)",,,,300
201100058748,11,1,27,1620,1,2,2,8.0,3.0,107.0,"149, RUE DE L UNIVERSITE",,,,750
201100032223,11,4,29,1230,1,2,1,1.0,1.0,1.0,"2, DINSLAKEN (RUE DE)",M,4421400.0,64343,470
201000000444,10,10,12,1345,1,2,1,1.0,3.0,583.0,ROUTE DE CONTY,M,0.0,0,800
201300018247,13,9,8,1515,1,1,3,1.0,3.0,242.0,,M,4726690.0,155331,410
200600062675,6,10,27,1410,1,1,1,1.0,5.0,300.0,ROCADE RD 446,,,,630
200900043946,9,6,16,2015,1,2,1,1.0,3.0,286.0,EMILE ALLIAUD (AVENUE),,,,910
200500056570,5,3,24,1920,5,2,3,1.0,3.0,55.0,"109, BLANCARDE (BD)",,,,130
200700004561,7,1,24,1845,5,2,1,1.0,6.0,15.0,146 R DE VAUGIRARD,,,,750
201400008547,14,8,15,945,1,1,1,1.0,2.0,901.0,,M,4332035.0,354255,340
200800045613,8,8,25,2115,5,2,3,1.0,3.0,104.0,LECLERC (AVENUE GENERAL),,,,60
201500020825,15,4,29,1440,1,2,1,1.0,6.0,281.0,43 BIS CHEMIN DES BOEUF,M,4504030.0,506620,260
201400017882,14,12,10,1845,4,2,1,2.0,6.0,220.0,GARE (QUAI DE LA),,,,140
201100030402,11,5,11,1215,1,2,3,1.0,3.0,179.0,"0, AVENUE DU DOCTEUR VAL",M,4517980.0,578374,380
200800059692,8,10,10,1200,1,2,1,1.0,1.0,640.0,CORDON DE VIROFLAY,,,,780
200500010583,5,2,13,2045,3,1,1,2.0,6.0,612.0,,M,4924400.0,258600,600
201600000318,16,12,2,1930,5,2,1,8.0,3.0,784.0,rue de faune,M,5020516.0,253364,620
200900050034,9,12,4,825,1,2,1,1.0,6.0,555.0,"999, AV DES MINIMES",,,,310
201100045614,11,2,14,915,1,2,2,1.0,6.0,12.0,PARCHAMP / DE GAULLE,M,4884670.0,223681,920
201200027968,12,1,11,825,2,2,1,1.0,6.0,88.0,LASAOSA (BOULEVARD PAUL),M,4371280.0,-104937,400
201000037655,10,3,31,2025,4,2,3,2.0,1.0,512.0,MAZAGRAN (RUE),,,,590
201500031714,15,8,10,1315,1,1,3,1.0,3.0,483.0,AVENUE DE JALDAY,M,4340627.0,-162434,640
201100054888,11,3,21,1643,1,1,1,1.0,2.0,521.0,RN 104,,,,910
201400022792,14,10,29,1556,1,2,6,1.0,3.0,189.0,PERE BROTTIER  (RUE),M,4381781.0,434750,300
201000010814,10,4,8,2100,3,1,1,5.0,1.0,710.0,,M,4739030.0,457926,210
201600037077,16,9,27,950,1,2,6,1.0,6.0,549.0,CORBEIL (ROUTE DE),M,4863742.0,233293,910
200500073802,5,11,14,930,1,2,2,1.0,3.0,218.0,"0000000001, CHOLAT CHARL",,,,420
200900003327,9,1,6,750,1,2,1,1.0,4.0,189.0,TRIAIRE SERGENT (BOULEVA,M,4.0,0,300
201100051288,11,10,9,2135,5,2,2,1.0,3.0,41.0,CASANOVA / ROLLIN,,,,940
201300020602,13,7,29,1630,1,2,1,1.0,4.0,278.0,RUE PROSPER MERIMEE,M,4849479.0,-275250,220
200800035042,8,6,27,2100,1,2,1,1.0,2.0,387.0,"142, GRANDE RUE DE LA GU",,,,690
200600052612,6,9,20,1515,1,2,1,1.0,1.0,199.0,Cours de la république,M,0.0,0,330
200900048641,9,9,26,1225,1,2,4,1.0,1.0,260.0,"161, VERDUN(AVENUE DE)",,,,560
200900018459,9,1,22,1830,5,2,1,2.0,2.0,17.0,UNION (R DE L),M,4.0,0,940
201400000925,14,9,18,300,3,1,1,1.0,6.0,123.0,,M,4799265.0,-188869,350
201100008702,11,7,25,1330,1,2,2,2.0,3.0,84.0,Les BARRAQUES,M,0.0,0,430
200600025213,6,5,21,1748,1,2,2,1.0,3.0,321.0,"32, JEAN-JAURES (BOULEVA",,,,30
201200020328,12,8,18,1830,1,1,1,1.0,1.0,119.0,LIEU-DIT LA FOLIE,M,0.0,0,510
200500074807,5,11,5,1635,1,2,1,1.0,3.0,181.0,"23, CORDELET LOUIS ( AV)",,,,720
200600075090,6,12,26,220,5,2,1,1.0,6.0,95.0,"87, GIRAUDOUX (RUE JEAN)",,,,30
200500075978,5,11,20,2230,5,2,1,1.0,3.0,137.0,"0, REPUBLIQUE (AVE DE LA",,,,830
201500026519,15,2,24,1930,5,2,2,2.0,5.0,218.0,"ignore, MUSSET ALFRED DE",M,4544170.0,437894,420
200600022918,6,4,22,5,5,1,1,1.0,2.0,10.0,AUTOROUTE A3,,,,930
200600033542,6,6,2,1050,1,2,1,1.0,3.0,167.0,"26, AVE PIERRE CURIE",,,,330
200600010395,6,2,2,910,1,2,2,1.0,3.0,48.0,GABRIEL PERI (AVENUE),,,,930
201100042779,11,9,5,1700,1,1,2,1.0,3.0,724.0,RD 210,,,,800
201500044575,15,3,26,1730,1,1,1,2.0,6.0,44.0,RN406.W,M,4875800.0,247079,940
201200036690,12,11,13,1750,3,2,1,1.0,1.0,290.0,"112, CHEMIN DE SAINT BON",,,,690
201000066249,10,3,23,845,1,2,1,1.0,6.0,112.0,AVENUE DU TREMBLAY,,,,750
200700039062,7,6,29,1225,1,2,6,8.0,2.0,119.0,PLACE SKANDERBEG,,,,750
201300015103,13,5,30,1830,1,2,1,1.0,3.0,55.0,"57, RUE TEISSERE",M,4330477.0,540277,130
201600013395,16,3,5,220,5,2,1,2.0,6.0,1.0,REQUIER MARIUS (AV),M,4350094.0,538186,130
201200049130,12,1,26,1500,1,1,1,2.0,7.0,27.0,A1 LA COURNEUVE,,,,930
200600061202,6,10,27,1315,1,2,2,1.0,3.0,19.0,"., HUIT MAI 1945 (DE 2 A",,,,290
201200019527,12,6,29,1730,1,1,1,1.0,7.0,26.0,la tremblaye,M,4750493.0,-78480,490
201200003838,12,6,14,1730,1,1,1,1.0,2.0,458.0,,M,4349930.0,135224,310
201400019540,14,7,4,1155,1,2,6,1.0,2.0,374.0,AVENUE DU Gal DE GAULLE,M,4564452.0,18119,160
200800048926,8,9,15,1800,1,2,1,1.0,6.0,99.0,rue holgate,M,4930800.0,-124500,500
200700045117,7,7,20,1440,1,2,1,1.0,2.0,582.0,"108, LIEUTENANT GEOGES K",,,,950
201100057695,11,11,9,1645,1,1,1,1.0,3.0,26.0,A55-Sens Martigues vers,,,,130
200800020783,8,4,9,750,1,2,3,1.0,3.0,146.0,"0, LE VAL SABLON (RUE)",,,,780
201400036005,14,2,5,1245,1,2,7,1.0,3.0,551.0,LAMANT (PLACE),,,,780
200600045182,6,8,7,1100,1,1,1,1.0,3.0,391.0,,M,0.0,0,500
200600033852,6,6,19,1536,1,2,3,1.0,3.0,18.0,ONZE ARPENTS (RUE DES),,,,410
200700031797,7,5,30,1351,1,1,1,1.0,7.0,303.0,Autoroute A31,,,,570
201100062942,11,5,21,1922,1,2,2,1.0,6.0,118.0,"144, BOULEVARD NEY",,,,750
201400058878,14,10,7,700,1,2,1,1.0,2.0,1.0,"RN 4, BLANCHARD",A,0.0,0,971
200800068193,8,11,22,2110,5,2,2,1.0,2.0,118.0,"92, RUE DE LA CHAPELLE",,,,750
200500070682,5,11,18,2200,5,2,1,1.0,3.0,74.0,rue de l'église,M,4719300.0,-168600,440
200500078763,5,12,15,715,5,2,1,5.0,6.0,543.0,ROUTE DE TRONVILLE,M,0.0,0,550
200500083739,5,12,21,1700,5,2,1,1.0,7.0,64.0,"05, BLUM (RUE LEON)",,,,930
200700022394,7,4,7,1055,1,2,1,1.0,6.0,755.0,"0, CROQUELOIS ( Av. du D",,,,620
201600040111,16,12,5,830,1,2,1,1.0,2.0,10.0,"2, VERDUN (AV. DE) 2 A 1",,,,930
200900010896,9,4,16,1215,1,1,1,8.0,6.0,352.0,,A,0.0,0,80
200700080295,7,12,19,1906,3,1,1,1.0,5.0,689.0,AUTOROUTE A6,,,,910
201200011373,12,5,12,2150,5,2,1,1.0,3.0,88.0,"141, BELLET (RTE DE)",,,,60
201400015159,14,6,18,1015,1,2,1,1.0,6.0,55.0,"18, BD GASTON CREMIEUX",M,4327952.0,537973,130
201200005267,12,4,15,1500,1,1,1,2.0,7.0,515.0,,M,4575190.0,508922,380
201000022350,10,10,14,1300,1,2,1,1.0,3.0,55.0,"28, ALL LEON GAMBETTA",,,,130
201200026026,12,5,3,2005,1,2,3,1.0,3.0,172.0,"150, BOUTONNET PIOCH DE",M,4362172.0,387727,340
201500043120,15,1,22,55,5,2,3,1.0,3.0,46.0,"., GENERAL LECLERC (AV D",,,,940
201300025301,13,7,31,915,1,2,3,8.0,7.0,238.0,PAPU/P?RE LEBRET,M,4811110.0,-169720,350
201600030469,16,1,8,1425,1,2,2,1.0,3.0,279.0,LILLE (RUE DE),,,,590
201600048798,16,1,24,1245,1,1,1,1.0,7.0,646.0,AUTOROUTE A22,M,5068293.0,308329,590
200900043266,9,7,17,1850,1,2,1,1.0,1.0,68.0,"24, BAC (AV DU)",M,4.0,0,940
201400035540,14,5,30,1610,1,2,1,1.0,6.0,296.0,"67, DROITS DE L'HOMME (R",,,,770
201100009284,11,7,1,615,1,1,1,1.0,1.0,288.0,,M,0.0,0,550
200600004783,6,1,22,1540,1,1,1,1.0,6.0,367.0,,M,0.0,0,330
201000045386,10,4,20,1050,1,2,1,1.0,3.0,137.0,JUIN (AVE ALPHONSE),,,,830
201500001735,15,9,18,1415,1,1,1,3.0,1.0,142.0,genicot,M,4704146.0,-141539,440
201300025445,13,11,16,1410,1,2,3,1.0,3.0,238.0,"00, TREGAIN (DE)",,,,350
201300056238,13,1,24,2215,5,2,4,1.0,6.0,113.0,PORTE DE GENTILLY,,,,750
201600009160,16,2,20,1930,3,1,1,1.0,3.0,190.0,,M,0.0,0,660
200800055039,8,10,24,2200,3,1,1,1.0,7.0,180.0,,M,0.0,0,600
200800052163,8,9,12,1718,1,2,1,1.0,2.0,232.0,LEBON RUE PHILIPPE,,,,290
200700035936,7,6,1,1300,1,2,3,1.0,2.0,274.0,"1, LECLERC (RUE DU GENER",,,,540
200900010483,9,4,21,1655,1,2,1,1.0,2.0,448.0,"1, AVENUE VICTOR HUGO",M,4.0,0,520
200800069643,8,12,16,1700,1,1,9,1.0,2.0,178.0,,M,0.0,0,660
201300032923,13,2,1,900,1,2,1,2.0,3.0,482.0,"3, CHARLES PEGUY (RUE)",,,,670
201600055998,16,9,17,1830,2,2,4,1.0,3.0,118.0,AVENUE DE LA PORTE D AUB,M,4890040.0,237020,750
200900055792,9,7,16,1730,5,2,1,1.0,6.0,138.0,avenue de lerins,M,4.0,0,60
200900031765,9,6,3,840,1,2,3,1.0,3.0,238.0,"00, CLEMENCEAU (BD GEORG",,,,350
201100008298,11,12,15,2100,3,1,1,2.0,1.0,175.0,ROUTE NATIONALE,M,0.0,0,740
200800050780,8,9,12,1425,1,2,1,1.0,3.0,7.0,"0, RAMON BOULEVARD",,,,490
200600071678,6,11,12,1000,1,1,1,1.0,6.0,198.0,D10  PK 17.500,M,0.0,0,330
200500004823,5,1,17,2000,5,2,1,2.0,6.0,1.0,42 R DU LOUVRE,,,,750
201400007673,14,7,1,600,2,1,1,1.0,6.0,32.0,,M,0.0,0,130
200700004626,7,1,11,1710,2,1,3,2.0,3.0,28.0,TOUCHE  (LIEU DIT),,,,770
200600021085,6,4,29,1940,1,2,3,1.0,3.0,153.0,"66, MARTYRS DE LA LIBERA",,,,710
200900017068,9,1,16,1315,1,1,9,1.0,5.0,56.0,RD 49,,,,130
201000022214,10,9,19,1945,5,2,2,1.0,3.0,55.0,"08, RUE DE L' EGLISE SAI",,,,130
200700067889,7,11,16,1400,1,2,1,1.0,6.0,202.0,"26, BETEILLE (RUE)",,,,120
200900049910,9,11,27,1805,5,1,1,1.0,4.0,555.0,"999, VA007418 PONT JUMEA",M,4.0,0,310
200800063023,8,11,15,845,1,1,1,1.0,7.0,96.0,,M,0.0,0,350
200700035221,7,6,19,2335,5,2,1,1.0,2.0,555.0,"86, AV JULES JULIEN",,,,310
201300028026,13,2,26,1715,1,2,1,1.0,6.0,328.0,"63, DESMARETS (RUE)",M,4724590.0,-8923,490
200500031542,5,5,15,1845,1,2,2,1.0,3.0,55.0,OLIVIER D ORMESSON (AV),,,,940
201600032782,16,5,23,1934,2,2,4,2.0,3.0,66.0,"10, SELESTAT (ROUTE DE)",M,4808291.0,736299,680
201600011017,16,3,26,522,5,2,1,1.0,6.0,88.0,"281, ANGLAIS (DU Nø 265",M,4368065.0,723117,60
200700036024,7,6,15,2015,1,2,2,1.0,3.0,121.0,"., POISSONNIERE (RUE)",,,,560
201200022381,12,8,11,915,1,2,1,1.0,3.0,198.0,TEIL (AVENUE DU),,,,260
201500056485,15,10,1,1650,1,2,1,1.0,3.0,120.0,PORTE DE BAGNOLET,,,,750
200900074052,9,10,13,1445,1,2,1,1.0,6.0,20.0,"RD, ZONE INDUSTRIELLE DE",,,,971
200800030880,8,6,10,2145,1,1,1,1.0,1.0,226.0,,M,0.0,0,910
201200052904,12,7,16,1600,1,2,2,1.0,3.0,389.0,"00, RUE SERGENT MICHEL B",,,,690
200700071840,7,11,16,1955,5,1,1,1.0,4.0,447.0,Autoroute A.4,,,,670
200600025522,6,5,29,725,1,2,2,1.0,3.0,88.0,"0, SOLA (BD PIERRE)",,,,60
200500059222,5,9,4,1010,1,2,1,1.0,1.0,510.0,"., TASSIGNY (R DU MAL. D",,,,620
201600021669,16,2,10,130,3,1,1,4.0,7.0,135.0,,M,4855963.0,-334413,220
200600005151,6,1,15,1345,1,1,1,1.0,7.0,327.0,,M,4545700.0,475400,420
200700019814,7,4,21,1500,1,1,1,1.0,3.0,42.0,,M,0.0,0,830
201300011932,13,2,17,1530,1,2,1,1.0,3.0,212.0,rue du 8 mai 1945,M,4838033.0,-459811,290
200700069788,7,11,3,2020,5,2,2,1.0,3.0,606.0,DAMPIERRE (AVENUE),,,,590
200700026353,7,5,30,1045,1,2,1,1.0,1.0,86.0,ROUTE DES SAJOTS,M,4737400.0,290400,580
201000005980,10,6,19,300,3,1,1,2.0,6.0,553.0,,M,0.0,0,310
200800050258,8,9,16,1850,1,2,9,1.0,6.0,445.0,"1, LEON BERARD",,,,640
201100027148,11,7,17,1,5,1,1,1.0,6.0,529.0,"., LIGNON (BD LOUIS)",,,,330
200600069054,6,11,17,2050,5,2,1,1.0,6.0,12.0,BPI CHARENTON BERCY,,,,750
201000015309,10,7,8,2355,5,2,3,1.0,3.0,4.0,PAULINE RUE ET JARDIN,,,,60