Num_Acc,an,mois,jour,hrmn,lum,agg,int,atm,col,com,adr,gps,lat,long,dep
200500065952,5,10,15,1300,1,2,1,1.0,6.0,555.0,"118, AV DE LARDENNE",,,,310
201300034225,13,9,20,2028,3,1,1,1.0,5.0,181.0,ITALIENS (BD DES),,,,720
200600060039,6,10,12,1028,1,1,1,1.0,7.0,8.0,"78, sens PROVINCE/PARIS",M,0.0,0,450
200900061685,9,4,23,1745,1,1,1,1.0,1.0,307.0,,M,0.0,0,760
200600054218,6,9,5,750,1,2,2,1.0,2.0,119.0,AVE JEAN ZAY,,,,330
200900022689,9,3,7,100,5,2,1,1.0,7.0,88.0,"0, PENETRANTE DU PAILLON",,,,60
201300012660,13,6,18,800,1,1,1,8.0,6.0,279.0,,M,0.0,0,180
201200052590,12,6,6,416,3,1,1,1.0,4.0,283.0,A46S   43.680 A 47.880,,,,690
201600028415,16,9,17,940,1,2,3,1.0,3.0,172.0,D9/RUE PARMENTIER,M,4922373.0,404779,510
201000020816,10,3,10,830,1,2,1,1.0,6.0,55.0,"1, AVE DE CORINTHE",,,,130
200500010496,5,2,25,1530,1,1,1,1.0,7.0,325.0,,M,5058800.0,209800,620
201200048350,12,10,15,850,1,2,1,1.0,6.0,424.0,R GENERAL DE GAULLE,M,4898970.0,219110,950
201000014549,10,9,3,1730,1,2,1,1.0,1.0,50.0,17 RTE DE BARVILLE,M,4811975.0,236176,450
200500018457,5,4,2,1644,1,2,1,1.0,2.0,29.0,"82, VALLAURIS (AVENUE DE",,,,60
201200024361,12,9,7,2233,5,2,2,1.0,1.0,149.0,bld calvet/r garibaldien,M,4361221.0,133409,310
200500057054,5,9,14,1830,1,2,1,1.0,6.0,88.0,"102, DUNANT (AV. HENRI)",,,,60
200800068780,8,12,2,830,2,1,1,1.0,5.0,154.0,,M,0.0,0,610
200800062036,8,10,23,2320,5,2,5,1.0,2.0,119.0,PLACE DE LA BATAILLE DE,,,,750
201500029317,15,12,16,740,2,2,1,1.0,6.0,463.0,"14, PROVENCE (BOULEVARD",M,4911317.0,621682,570
201200018323,12,8,20,2231,3,1,1,1.0,7.0,46.0,,M,0.0,0,900
200700008390,7,2,19,1500,1,2,6,2.0,3.0,19.0,"., EUROPE (RUE GAL PAULE",,,,290
200600054925,6,9,29,1450,1,2,3,1.0,3.0,476.0,PONT DAMMARIE (ROUTE DU),,,,550
201000023943,10,6,6,1940,1,2,1,1.0,6.0,299.0,"172990130, DIX NEUF MARS",,,,170
201000027412,10,5,12,852,1,2,2,1.0,3.0,7.0,"., D'HOMBRES (RUE MAXIMI",M,4412387.0,409029,300
200500057933,5,9,14,745,5,2,2,1.0,7.0,19.0,"., LOTI PIERRE",,,,290
200800054370,8,9,18,2010,5,2,1,1.0,3.0,68.0,DOCTEUR ROUX (R DU),,,,940
201000019290,10,7,8,2158,2,2,1,1.0,7.0,69.0,"6, ROSEVELT -PAIRS JUSQU",,,,110
200700045252,7,7,8,410,5,1,1,1.0,2.0,66.0,AUTOROUTE A1,,,,930
201400039880,14,6,23,1400,1,2,1,1.0,6.0,26.0,FAUVELLES ( RUE DES ),,,,920
201000028828,10,2,16,1630,1,2,3,1.0,3.0,63.0,RUE LAGRAVEYRE CAUD,,,,330
201500040747,15,9,15,2350,5,2,1,2.0,5.0,46.0,"2, ARISTIDE BRIAND AVENU",,,,930
201000010931,10,4,24,1230,1,1,2,1.0,3.0,509.0,,M,0.0,0,710
201100012065,11,7,14,2200,5,2,1,1.0,6.0,42.0,boulevard MICHELET,M,0.0,0,830
201300035592,13,12,28,1220,1,2,1,1.0,3.0,642.0,"63, MALRAUX BD ANDRE",,,,780
200900008940,9,6,9,2030,2,2,1,8.0,6.0,107.0,"15, QUAI VOLTAIRE",,,,750
200500067951,5,10,11,1550,1,2,2,1.0,6.0,16.0,R PAUL VALERY AV VICTOR,,,,750
201000055130,10,5,5,710,1,1,1,1.0,7.0,28.0,A86 SUD,M,4878060.0,244116,940
200500074124,5,11,24,2350,5,2,1,4.0,6.0,357.0,SEILLE (RUE DE LA),,,,540
201200000453,12,10,4,1645,1,1,1,1.0,7.0,10.0,,M,0.0,0,20
200700045380,7,7,14,2340,5,2,1,1.0,3.0,33.0,"SANS, AV DE LA LIBERATIO",,,,202
200500069380,5,10,14,925,1,2,1,1.0,6.0,53.0,"1, JEANNE D'ARC (PLACE)",,,,930
200700045593,7,7,5,1638,1,1,1,1.0,2.0,43.0,A55-Sens Marseille vers,,,,130
201500054185,15,7,10,1025,1,2,7,1.0,3.0,116.0,", AVENUE HENRI MARTIN",,,,750
200700010568,7,2,26,1915,3,1,1,1.0,6.0,87.0,CAMARET (ROUTE DE),,,,840
200500046315,5,7,30,1735,1,2,1,1.0,6.0,7.0,18 AV LA MOTTE PICQUET,,,,750
200900056908,9,8,26,2030,1,1,1,1.0,4.0,118.0,,M,4.0,0,130
200500054493,5,9,30,1000,1,2,1,1.0,4.0,236.0,lieu dit  les Jacquets,M,0.0,0,330
200600060260,6,10,5,815,1,2,1,1.0,3.0,4.0,"1066, RABIAC ESTAGNOL CH",,,,60
201600006474,16,4,23,1800,1,2,1,8.0,6.0,372.0,rue charles weill,M,4810676.0,684228,880
200500007900,5,2,2,1415,1,2,6,1.0,5.0,330.0,ROOSEVELT FRANKLIN (SQUA,,,,420
200900018448,9,1,21,1440,1,2,2,8.0,3.0,73.0,"FACE 84, STALINGRAD (BD",M,4.0,0,940
200600054319,6,9,13,2155,5,2,1,3.0,3.0,32.0,"29, CLAPAREDE EMILE (AVE",,,,340
200700000055,7,1,20,1815,1,1,1,1.0,1.0,32.0,,M,0.0,0,800
201100001197,11,10,23,1915,2,1,1,1.0,7.0,244.0,LES DEFENDS,M,4970422.0,136651,760
201000040610,10,4,9,1730,1,1,1,1.0,6.0,482.0,"SPV,41 R.MART.SCHONGAUER",,,,670
201300018999,13,6,24,1745,1,1,1,1.0,3.0,258.0,,M,0.0,0,560
200500011789,5,2,11,1345,1,1,1,2.0,1.0,3.0,,M,4738700.0,106600,370
200700014602,7,3,5,1530,1,2,2,1.0,3.0,63.0,RUE DU VELODROME CAUD,,,,330
200700067692,7,11,26,1200,1,2,1,1.0,6.0,69.0,"50, CANNES (ROUTE DE)  -",,,,60
200600058334,6,10,22,1800,2,1,3,2.0,3.0,404.0,,M,0.0,0,760
200600072632,6,11,15,805,1,1,1,1.0,3.0,122.0,CD 907 route de NIMES,M,0.0,0,300
201500048206,15,11,27,1840,5,2,5,1.0,1.0,81.0,"2, RAYMOND DE VEYSSIERES",M,4577347.0,478286,690
201100059220,11,9,23,150,5,2,2,1.0,6.0,108.0,"50, AVENUE DES CHAMPS EL",,,,750
201600032328,16,1,30,1820,5,2,1,2.0,6.0,482.0,"115, WANTZENAU (RTE DE L",M,4861071.0,778103,670
200700082486,7,5,24,1715,2,2,1,1.0,6.0,402.0,"2002, Rivière des Roches",R,0.0,0,974
201400007147,14,7,5,445,3,1,1,1.0,2.0,198.0,,M,4785560.0,355785,890
200700010129,7,2,28,835,1,2,2,1.0,4.0,15.0,IMP ENFANT JESUS R DE VA,,,,750
201200020313,12,7,7,1545,1,1,1,1.0,5.0,213.0,Rte départementale,M,5015556.0,331813,590
200600058127,6,9,13,1146,1,1,1,1.0,1.0,5.0,A52-Sens Pont de l'Etoil,,,,130
200900066638,9,10,22,2225,3,1,1,2.0,7.0,544.0,A7   25.770 A 27.460,,,,380
200900006609,9,4,27,1845,1,2,1,1.0,1.0,475.0,Lieu-dit La Maladiere,M,0.0,0,390
200700048186,7,8,26,45,5,2,1,1.0,2.0,99.0,30 RUE DE LA FERTE ALAIS,M,4844200.0,237400,910
201500039933,15,8,24,1710,1,2,1,8.0,6.0,7.0,"00, ""PIERRE SEMARD (RUE",,,,930
200900063964,9,11,17,1700,1,1,1,1.0,3.0,303.0,,M,0.0,0,110
201200041310,12,9,13,840,1,2,4,1.0,7.0,122.0,CHARLES DE GAULLE(RUE),,,,910
200700046379,7,7,30,840,1,2,1,1.0,2.0,66.0,"58, LENINE (AVENUE) NR 2",,,,930
201300014841,13,5,15,930,1,2,1,1.0,3.0,55.0,"325, AVE DE MAZARGUES",M,4326087.0,539384,130
201300031770,13,9,8,1455,1,2,1,1.0,6.0,113.0,ROSSIGNOL (RUE),,,,630
201500051702,15,6,30,900,1,2,2,1.0,3.0,108.0,RUE DE BASSANO,,,,750
201600015143,16,7,15,1410,1,2,1,1.0,6.0,55.0,"108, VALBARELLE (BOULEVA",M,4328740.0,544770,130
200600033857,6,6,30,1544,1,2,1,1.0,2.0,212.0,NATIONALE (ROUTE),,,,410
201600018139,16,12,6,1500,1,1,3,1.0,3.0,210.0,RD622 / D16,M,4337849.0,168252,310
201200020212,12,7,14,2245,3,2,1,8.0,7.0,31.0,D768 rue de la foret,M,0.0,0,560
201400028820,14,6,6,1320,1,2,3,1.0,3.0,129.0,R ROGER SALENGRO/V HUGO,M,4962410.0,-164596,500
201100056203,11,8,24,945,1,1,1,2.0,3.0,318.0,ROCADE A 630,,,,330
200600035456,6,6,25,1300,1,2,3,2.0,6.0,5.0,R DES BERNARDINS R DES E,,,,750
201600053531,16,7,26,1350,1,2,2,1.0,3.0,112.0,QUAI DE BERCY,M,4883350.0,238209,750
200600045136,6,8,30,1330,1,1,1,1.0,1.0,610.0,,M,4918700.0,-48700,140
200600080467,6,1,19,1040,1,1,2,1.0,3.0,302.0,BADUEL (ROUTE DE),,,,973
200600004784,6,1,5,900,1,1,1,1.0,3.0,23.0,,M,0.0,0,330
201100032799,11,3,29,1545,1,2,1,1.0,3.0,99.0,KENNEDY (AVENUE DU PRESI,M,4704723.0,-89127,490
201600004559,16,9,20,1545,1,2,9,1.0,6.0,306.0,avenur des sports,M,4626349.0,488608,10
201200048417,12,11,6,1930,5,2,1,1.0,5.0,585.0,R THEODORE BULLIER,M,4899120.0,237180,950
201400020451,14,2,6,1515,1,1,1,1.0,1.0,213.0,,M,0.0,0,720
200900002982,9,4,19,1325,1,2,2,1.0,3.0,115.0,AVENUE DE SUFFREN,,,,750
201300044374,13,7,8,1310,1,2,1,1.0,3.0,77.0,GENERAL DE GAULLE (R DU),,,,940
200800051416,8,9,11,1810,1,2,3,1.0,3.0,181.0,BEAUFILS (RUE),,,,720
201300053086,13,4,26,1505,1,2,4,8.0,3.0,113.0,"39, RUE BRUNESEAU",,,,750
200600042471,6,7,4,2115,2,1,1,1.0,6.0,116.0,10 Route de Valleville,M,0.0,0,270
201500022658,15,6,8,2220,5,2,1,2.0,2.0,555.0,"94, NARBONNE (ROUTE DE)",,,,310
200900067530,9,12,25,2115,3,1,1,1.0,1.0,91.0,,M,4.0,-,610
200500075529,5,11,28,1735,5,2,3,1.0,3.0,4.0,R D ARCOLE R CHANOINESSE,,,,750
200500025238,5,5,4,1800,1,1,1,1.0,3.0,79.0,,M,0.0,0,240
200900053360,9,6,14,1130,1,2,1,1.0,1.0,33.0,PROM ANDRE BALLU,M,4.0,0,930
201100012658,11,6,17,200,3,1,1,1.0,6.0,262.0,,M,0.0,0,110
200600005791,6,1,6,1000,1,2,9,1.0,3.0,233.0,Rue de Pont Aven,M,0.0,0,290
201400007461,14,6,9,1700,1,1,1,1.0,6.0,8.0,,M,0.0,0,390
201300057940,13,4,4,640,2,1,1,1.0,6.0,7.0,OWENS JAMES,R,,,974
201300004501,13,6,9,1800,1,1,1,1.0,3.0,185.0,,M,4600980.0,559088,10
201500016203,15,10,23,1300,1,1,1,1.0,1.0,117.0,EUROCOPTER CD 20,,,,130
201000028313,10,9,5,430,5,2,1,1.0,2.0,555.0,"53, BD DE STRASBOURG",,,,310
201000032699,10,4,22,1630,1,2,3,1.0,1.0,184.0,"5, NOBILE  (CHEMIN DE)",M,4604975.0,402130,420
201300049903,13,7,19,1735,1,1,1,1.0,7.0,106.0,A7-Sens Marseille ver* L,,,,130
200500015269,5,3,30,1000,1,2,1,1.0,6.0,185.0,"23, ALLIES (RUE DES)",,,,380
200600028754,6,5,11,1305,1,2,1,1.0,2.0,191.0,"0, GUTEMBERG RUE (SECTEU",,,,850
201100053131,11,9,6,1,3,1,1,1.0,2.0,514.0,A104,,,,770
201400032526,14,4,4,1830,1,2,1,1.0,6.0,445.0,COURS BOSQUET/MONNET,,,,640
200800068856,8,12,16,1245,1,1,1,1.0,6.0,65.0,,M,0.0,0,850
200700024685,7,4,18,1630,1,2,1,1.0,2.0,4.0,STILETTO LOT RTE MEZZAVI,,,,201
201500017679,15,7,12,2130,2,1,1,1.0,6.0,658.0,,M,0.0,0,20
200500051061,5,8,24,1650,1,2,6,3.0,2.0,19.0,"., RD 205",,,,290
200600015072,6,3,17,815,1,1,1,1.0,7.0,252.0,AUTOROUTE A15,,,,950
200800056824,8,10,6,1540,1,2,1,1.0,3.0,30.0,ROOSEVELT (AVENUE FRANKL,,,,60
201000063690,10,11,19,1925,5,2,3,2.0,1.0,114.0,"23, RUE BROUSSAIS",,,,750
200600069016,6,11,23,2355,5,2,2,1.0,2.0,20.0,R DES AMANDIERS BD DE ME,,,,750
201500002035,15,2,13,30,3,1,1,3.0,6.0,155.0,,M,4756780.0,-72364,490
200900038874,9,7,29,1216,1,2,1,1.0,7.0,279.0,BELLON (CAMPING),,,,180
201000024277,10,10,16,1020,1,2,1,1.0,2.0,291.0,"13, BAILLAC   RUE DE",,,,170
200600029020,6,5,22,1635,1,2,1,2.0,5.0,44.0,"140, VIC. HUGO(RUE)091A1",,,,920
200600028002,6,5,13,425,5,2,2,1.0,3.0,14.0,R D ALESIA R DIDOT,,,,750
200800068093,8,11,17,645,2,2,1,1.0,4.0,112.0,PORTE DE CHARENTON,,,,750
200800056313,8,10,2,745,1,1,1,1.0,1.0,289.0,,M,4340900.0,340900,340
200600013673,6,3,17,1615,1,2,1,1.0,6.0,13.0,BPE IVRY GARE,,,,750
200900021527,9,2,23,730,5,2,2,1.0,3.0,32.0,VERNES JULES (RUE),M,4.0,0,340
201300010232,13,10,22,1420,1,2,6,1.0,3.0,123.0,GUYNEMER AVENUE,,,,60
201500046937,15,2,12,400,3,1,1,1.0,6.0,340.0,A6,,,,910
201200042165,12,11,23,640,5,2,3,1.0,3.0,24.0,"108, VICTOR HUGO (BD)",,,,920
200500039528,5,6,18,30,3,1,1,1.0,6.0,54.0,,M,4392400.0,508900,840
201000050150,10,7,3,1445,1,2,1,8.0,6.0,71.0,GARENNE DE FONTENOY (AVE,,,,930
200900046859,9,12,3,1900,5,2,1,1.0,6.0,7.0,"0, GRAND LAUNAY",,,,490
200600082786,6,9,10,355,4,2,2,1.0,3.0,411.0,LACAZE (DE L'AMIRAL),,,,974
201600022591,16,11,21,605,3,1,1,3.0,6.0,106.0,A7,M,0.0,0,260
200500001389,5,1,13,1845,5,2,1,1.0,6.0,209.0,AVENUE DU STADE,M,4420100.0,594500,40
201100013892,11,12,23,1600,1,2,1,1.0,3.0,297.0,R PARIS,M,0.0,0,450
201300034408,13,3,3,1635,1,1,1,1.0,5.0,565.0,RD 915,M,4988682.0,108612,760
200600034253,6,6,21,1405,1,2,3,1.0,2.0,121.0,"48, THOREZ (RUE  MAURICE",,,,560
201400026532,14,10,12,515,5,2,1,1.0,7.0,261.0,61 RUE MIRABEAU,,,,370
200600042543,6,7,19,1630,1,2,1,1.0,1.0,70.0,rue du maréchal Foch,M,4856500.0,-315300,220
201300002254,13,1,9,1445,1,1,1,1.0,6.0,19.0,,M,0.0,0,850
201400004421,14,1,19,2230,3,1,1,2.0,3.0,151.0,,M,0.0,0,690
201600009942,16,9,7,1615,1,1,1,1.0,2.0,242.0,,M,4683293.0,295778,180
201000003278,10,5,30,630,2,1,1,2.0,7.0,217.0,,M,0.0,0,440
200500058208,5,9,15,1800,1,2,1,1.0,3.0,249.0,AVE CARNOT,,,,330
201200020298,12,5,1,1830,1,1,1,1.0,2.0,177.0,,M,0.0,0,560
200900047838,9,12,30,845,1,1,1,8.0,6.0,61.0,,M,0.0,0,860
200900072479,9,1,9,1130,1,2,1,1.0,3.0,3.0,ZI JARRY RUE NOBEL,A,0.0,0,971
201500037826,15,7,12,2230,5,2,1,1.0,3.0,23.0,"01, PAVE BLANC (ROUTE DU",,,,920
200800009780,8,2,21,1220,1,2,1,8.0,3.0,24.0,"69, GENERAL LECLERC (RUE",,,,920
200900072847,9,1,24,345,3,1,1,2.0,4.0,13.0,ROUTE NATIONALE 5,,,,972
200500007489,5,2,28,1755,1,2,2,1.0,5.0,85.0,"25, JAURES (BOULEVARD JE",,,,280
201200040252,12,11,22,1817,5,2,1,1.0,4.0,85.0,"0, PORT DU NAVEIX (RUE D",,,,870
200600012785,6,3,2,1515,1,2,1,1.0,6.0,260.0,"17, JUDE(RUE DU CAPITAIN",,,,560
201000038281,10,7,19,845,1,1,1,1.0,4.0,497.0,,M,4847420.0,10533,610
201300051064,13,12,3,1000,1,2,7,1.0,2.0,106.0,"18, RUE DE VAUGIRARD",,,,750
200500034417,5,6,30,1025,1,2,1,1.0,6.0,9.0,"00, CHAMPOLLION AVENUE",,,,590
201100003706,11,7,9,700,1,1,1,1.0,6.0,228.0,,M,4783600.0,-19400,720
201200007503,12,5,17,1440,1,2,1,1.0,2.0,384.0,46 route de Joigny,M,4791586.0,336178,890
201600019734,16,8,10,1930,1,1,1,1.0,1.0,449.0,", R.D. 137 (TONNAY CHARE",M,4595303.0,-87595,170
201100013400,11,2,13,1900,3,1,1,1.0,3.0,380.0,RD 45,M,4890700.0,184800,780
200900008279,9,4,11,1915,1,1,3,1.0,1.0,486.0,ROUTE DE REMIR/RUE ROCHE,M,4.0,0,880
200600013666,6,3,17,1540,1,2,1,1.0,6.0,10.0,22 R LUCIEN SAMPAIX,,,,750
200600004719,6,1,31,1415,1,1,1,1.0,3.0,13.0,,M,4738700.0,-209400,440
201000016977,10,9,1,1700,1,2,1,1.0,3.0,88.0,"0, MARNE (AV. DE LA)",,,,60
201000060760,10,7,3,1825,1,2,1,8.0,1.0,105.0,"7, QUAI SAINT BERNARD",,,,750
201600017991,16,12,18,1915,3,1,1,1.0,1.0,123.0,,M,0.0,0,840
200500025642,5,5,16,245,3,1,9,2.0,7.0,11.0,,M,0.0,0,260
200500075430,5,11,23,1605,1,2,2,1.0,6.0,9.0,R DE CHATEAUDUN R LA FAY,,,,750
201600021352,16,3,11,1640,1,1,3,1.0,3.0,362.0,ROUTE DE CHABEUIL,M,4492540.0,492290,260
200600030592,6,6,25,2330,3,1,1,1.0,1.0,484.0,,M,0.0,0,240
201200015445,12,6,11,1315,1,2,1,1.0,1.0,55.0,AVE DE LA CROIX ROUGE,,,,130
201000026104,10,6,7,1815,1,1,1,1.0,7.0,204.0,Route Départementale 437,,,,250
201200026656,12,5,3,1200,1,2,5,1.0,3.0,238.0,PORTES DES LOGES,M,4809150.0,-162682,350
200600002356,6,1,9,1655,2,2,4,1.0,6.0,9.0,R BLEUE R LA FAYETTE,,,,750
201500046090,15,11,28,910,1,1,1,1.0,6.0,5.0,AUTOROUTE A3,,,,930
200700040356,7,7,9,945,1,2,1,1.0,6.0,256.0,53 Place de la Grenette,M,0.0,0,740
201300031093,13,9,10,950,1,2,1,7.0,6.0,41.0,"64, MEAULENS",M,5029531.0,277166,620
200600038415,6,7,12,1615,1,2,1,1.0,6.0,229.0,"02, CHASLES (RUE PHILARE",,,,280
201600005312,16,8,19,715,2,2,1,1.0,7.0,69.0,rue des ARNAUDS,M,4601311.0,407911,420
200500020839,5,4,12,1040,1,2,2,1.0,3.0,2.0,BD POISSONNIERE R ST FIA,,,,750
200600031583,6,6,28,2115,5,2,1,1.0,2.0,161.0,CD6007,M,0.0,0,60
201100046382,11,8,9,1440,1,2,1,1.0,5.0,40.0,BD RODIN,,,,920
201000006049,10,12,27,1030,1,1,1,1.0,6.0,165.0,,M,0.0,0,310
201600044741,16,4,14,1240,1,1,1,1.0,1.0,294.0,A104,,,,770
200500082486,5,12,3,355,5,2,1,1.0,7.0,16.0,8 R BOULAINVILLIERS,,,,750
201400041987,14,11,26,1925,5,2,1,2.0,3.0,47.0,HARDY  (BOULEVARD),,,,930
201500013285,15,9,22,1815,1,2,1,1.0,3.0,5.0,CD 2 (CAMP MAJOR),M,0.0,0,130
200500068731,5,10,3,1950,5,2,1,1.0,1.0,123.0,HUIDE (CHEMIN DE) N° IMP,,,,830
200700008786,7,2,27,1750,1,2,2,1.0,3.0,185.0,"., STALINGRAD (RUE DE)",,,,380
201500035262,15,2,8,349,5,1,9,1.0,3.0,144.0,"0, BLANC (BD DR EUGENE)",,,,830
200700003122,7,1,29,1805,2,2,2,1.0,3.0,184.0,"1, HÔPITAL (BOULEVARD DE",,,,440
200600004026,6,1,8,140,5,1,1,1.0,6.0,1.0,AUTOROUTE A86,,,,930
201600021243,16,9,21,1150,1,2,1,1.0,6.0,198.0,18 BD DE EUROPE,M,4454599.0,475574,260
201000017900,10,6,28,2300,3,1,1,1.0,6.0,18.0,,M,0.0,0,740
201300007488,13,12,9,1745,2,1,1,8.0,7.0,144.0,26144,M,0.0,0,260
200500042087,5,7,7,2345,5,2,1,2.0,6.0,374.0,Halte de Wettolsheim,M,4807300.0,731000,680
201300019738,13,8,13,1745,1,1,1,1.0,6.0,196.0,,M,4409472.0,453776,300
200700012978,7,3,3,1445,1,1,1,1.0,4.0,170.0,,M,4446500.0,603400,50
201100024621,11,10,5,1730,1,2,3,1.0,3.0,388.0,COMBE AUX BICHES (RUE DE,,,,250
200800067100,8,11,12,1830,5,2,1,1.0,2.0,249.0,VOIE PARC D'ACTIVITES LA,,,,330
201100013056,11,12,7,1800,5,2,6,1.0,3.0,59.0,ROND POINT D'ORIOLA,M,4262761.0,294662,660
200500014316,5,3,6,1400,1,2,1,1.0,6.0,55.0,BARTHELEMY (IMPASSE),,,,130
201200052811,12,12,11,1930,5,1,1,1.0,1.0,29.0,RD383   7.640 A 11.044,,,,690
200800050846,8,9,19,1215,1,2,6,1.0,3.0,108.0,"1, BAGATELLE (RPT)",,,,510
200800065872,8,11,23,2030,5,2,1,2.0,6.0,77.0,"65, VERSAILLES (RUE DE)",,,,920
201600022203,16,10,17,1500,1,2,1,1.0,4.0,232.0,"43, KERFEUNTEUN RUE DE",M,4800127.0,-410046,290
200500058119,5,9,28,2145,5,1,1,1.0,6.0,555.0,VA001490 A621,,,,310
200800046648,8,8,2,2045,1,1,1,1.0,3.0,727.0,,M,4945400.0,65800,760
200900031769,9,6,3,1740,1,2,1,1.0,2.0,238.0,"117, CLEMENCEAU (BD GEOR",,,,350
200900003977,9,2,19,1550,1,2,2,1.0,1.0,85.0,"9, BETOULLE (PLACE LEON)",,,,870
201400036629,14,4,1,821,1,1,1,1.0,6.0,118.0,"0, ROUTE DES GOLFS",M,4345432.0,680515,830
201300036198,13,8,27,1753,1,2,2,1.0,3.0,121.0,"NC, FONNEUVE (AVENUE DE)",,,,820
200500048142,5,8,8,2230,3,1,2,1.0,3.0,203.0,,M,4865700.0,-432900,290
200700006497,7,2,20,1130,1,1,1,1.0,7.0,303.0,,M,0.0,0,400
201100057813,11,2,25,2100,5,2,1,1.0,6.0,101.0,"156, RUE DE RIVOLI",,,,750
201400025300,14,8,23,10,5,2,1,1.0,1.0,172.0,RIMBAUD (RUE PAUL),M,4362001.0,385031,340
201600004333,16,8,7,1015,1,2,1,1.0,6.0,186.0,avenue Marceau Hamecher,M,4409000.0,87800,820
201400013133,14,10,13,1807,1,1,1,1.0,7.0,69.0,BRAM -ROUTE DE-,M,4322625.0,228989,110
201000068827,10,11,28,1720,1,2,1,1.0,7.0,7.0,MOCQUET GUY(ALLEE),,,,974
200600037825,6,7,25,1630,1,2,1,1.0,2.0,88.0,"54, JARDINIERS (BD DES)",,,,60
201500054092,15,5,17,1145,1,2,2,1.0,2.0,116.0,"33, RUE BOISSIERE",,,,750
201500053196,15,7,30,1620,1,2,3,1.0,3.0,113.0,"127, RUE DE TOLBIAC",,,,750
200800001704,8,1,16,805,1,2,1,8.0,7.0,55.0,"12, ANDRE AUNE (BOULEVAR",,,,130
200700033618,7,6,13,1600,1,1,1,1.0,7.0,597.0,,M,4896100.0,166500,780
201100052640,11,9,1,1135,1,2,1,1.0,6.0,607.0,R DU MARECHAL FOCH,M,4902310.0,222920,950
201300010064,13,10,26,100,5,2,1,1.0,1.0,155.0,ROUSTAN AV.ET BD DES FRE,,,,60
200800013007,8,3,11,1220,1,2,1,1.0,6.0,606.0,"06, REPUBLIQUE (PLACE DE",,,,590
200800032792,8,6,26,1149,1,2,1,1.0,3.0,15.0,"0, CANTENAY EPINARD ROUT",,,,490
201000008426,10,4,28,1330,1,2,1,7.0,6.0,81.0,"2,grande rue",M,4606300.0,658300,740
201600053512,16,7,1,2205,5,2,2,2.0,3.0,112.0,BOULEVARD PONIATOWSKI,M,4883180.0,239765,750
201000012318,10,8,12,1000,1,1,1,1.0,1.0,124.0,,M,0.0,0,830
201000006931,10,12,14,830,2,2,1,1.0,6.0,286.0,avenue de l'europe,M,0.0,0,690
200500029109,5,5,23,1735,1,2,3,1.0,3.0,480.0,"00, 11 NOVEMBRE (RUE DU)",,,,570
200700026798,7,5,25,1315,1,2,1,1.0,3.0,88.0,rue du moulin de la vill,M,4695100.0,199500,360
201400015729,14,10,18,330,5,2,1,1.0,6.0,55.0,"00, VSN MARECHAL JUIN AL",,,,130
201500043243,15,11,9,1225,1,2,2,1.0,3.0,42.0,EUROPE/KENNEDY,,,,940
200500069265,5,10,18,2110,5,2,2,1.0,1.0,7.0,"""PAUL VAILLANT COUTURIER",,,,930
200800004190,8,1,12,1000,1,2,1,1.0,6.0,217.0,"36, RUE RENARD BENOIT",,,,780
200700073440,7,11,8,900,1,1,1,1.0,7.0,261.0,,M,0.0,0,170
200500003486,5,1,7,1900,5,2,3,1.0,3.0,305.0,REPUBLIQUE,,,,420
200500079591,5,12,18,1418,1,1,1,1.0,7.0,256.0,"is/Province, PK 167+750",M,0.0,0,410
200600032546,6,6,12,1715,1,2,1,1.0,6.0,88.0,"350, TURIN (RTE DE)",,,,60
200500081799,5,12,12,1630,1,2,9,2.0,7.0,98.0,WERVICQ (RUE DE),,,,590
200900045579,9,8,1,615,2,1,1,1.0,4.0,83.0,AIRE DE REPOS A 10,M,0.0,0,860
200900000469,9,1,30,1415,1,2,1,1.0,6.0,101.0,"128, RUE DE RIVOLI",,,,750
200900072083,9,7,3,1910,1,1,1,1.0,1.0,283.0,PV,M,4.0,0,670
200800045761,8,8,6,1025,1,2,3,1.0,3.0,4.0,"0, MIREILLE RUE",,,,130
201600013828,16,1,3,15,5,2,2,1.0,2.0,55.0,"50, RUFFI (RUE DE)",M,4331161.0,537132,130
200500043558,5,7,16,1115,1,2,1,1.0,2.0,88.0,"0, ARIANE (BD DE L')",,,,60
201100059725,11,6,28,1035,1,2,4,1.0,2.0,110.0,"194, RUE DU FAUBOURG SAI",,,,750
201100032113,11,7,4,845,1,2,1,1.0,4.0,147.0,R ANDRE DESSAUX,,,,450
200700062397,7,10,27,530,5,2,3,1.0,3.0,55.0,CORDERIE (BOULEVARD DE L,,,,130
200900028234,9,8,23,315,3,1,1,1.0,6.0,276.0,,M,0.0,0,850
201400010292,14,1,21,1645,1,2,1,1.0,6.0,30.0,POMPIDOU (AVENUE GEORGES,,,,60
201400040194,14,3,5,1815,2,2,3,1.0,6.0,44.0,"20, ALSACE (RUE) N?19 +",,,,920
200500078685,5,12,12,1220,1,1,1,8.0,6.0,222.0,"lieu-dit ""le soulié""",M,0.0,0,150