Num_Acc,an,mois,jour,hrmn,lum,agg,int,atm,col,com,adr,gps,lat,long,dep
200700067966,7,11,2,1545,1,2,2,1.0,3.0,55.0,RUFFI (RUE DE),,,,130
200800036046,8,7,12,230,3,1,1,1.0,6.0,506.0,,M,0.0,0,620
200800012190,8,3,19,1025,1,2,1,1.0,2.0,555.0,"81, AV JEAN CHAUBET",,,,310
201600023658,16,2,11,2130,5,2,1,2.0,3.0,63.0,409 ML LATTRE TASSIGNY,M,4485900.0,-62925,330
201100020894,11,10,5,1745,1,2,3,1.0,3.0,55.0,"1, TRA POURRIERE",,,,130
201200002586,12,3,23,1415,1,2,1,1.0,7.0,449.0,avenue du haillan,M,0.0,0,330
201100010875,11,11,15,1930,5,2,1,2.0,6.0,196.0,rue Dumont,M,0.0,0,890
200700019155,7,4,6,1215,1,1,1,1.0,3.0,160.0,,M,0.0,0,10
200600026028,6,5,3,1225,1,2,1,1.0,6.0,31.0,DE JOUVENEL (BOULEVARD H,,,,190
201600000910,16,12,26,2058,3,2,1,1.0,6.0,236.0,"route de vannes, zone de",M,4763815.0,-209372,350
201500022382,15,12,11,2025,5,1,1,1.0,6.0,565.0,MURAILLETTES (RUE DES),M,4309429.0,70944,310
201100019759,11,10,1,2249,5,2,1,1.0,3.0,55.0,AVE DU MARCHE NATIONAL,,,,130
201200028629,12,1,6,1545,1,2,1,1.0,6.0,157.0,JOFFRE (Bd MARECHAL),,,,430
201500019161,15,4,7,2200,3,1,1,1.0,7.0,291.0,La Fontaine des Riffauds,M,4568979.0,24832,160
201600000032,16,11,1,1115,1,1,1,1.0,2.0,338.0,,M,0.0,0,590
201100002383,11,1,20,845,1,2,1,1.0,6.0,20.0,RUE DE LA GARE,M,4912220.0,-17257,140
200500007884,5,2,20,155,5,2,1,4.0,6.0,147.0,"32 BIS, SAINT-ANTHEME (R",,,,420
201600055946,16,7,13,100,5,2,2,2.0,3.0,118.0,"53, RUE ORDENER",M,4889120.0,235160,750
201400035109,14,3,14,1830,1,1,1,1.0,4.0,319.0,RN 138,M,4934478.0,101335,760
201500003178,15,6,11,1830,1,1,1,1.0,7.0,326.0,,M,4548417.0,-27238,170
200700028835,7,5,16,2145,5,2,2,2.0,3.0,162.0,"., LECLERC (RUE DU GENER",,,,560
201500022573,15,5,4,635,2,2,1,1.0,3.0,555.0,"999, BD LASCROSSES",,,,310
201500014457,15,2,11,1130,1,2,1,1.0,6.0,55.0,"200, RUE D ENDOUME",M,4328593.0,536018,130
200500081901,5,12,16,1345,1,2,1,1.0,2.0,516.0,"73, VERDUN",,,,620
201000053810,10,3,24,820,1,2,1,1.0,3.0,78.0,"1, HUIT MAI 1945 (AV DU)",M,4872460.0,244506,940
201400048563,14,2,28,1649,1,1,1,2.0,4.0,235.0,RN 104,,,,910
201400027979,14,10,28,1735,1,2,6,1.0,3.0,184.0,APPRENTIS (BOULEVARD DES,,,,440
201100065622,11,10,23,1715,1,2,1,1.0,3.0,7.0,,G,0.0,0,973
200700068505,7,11,5,1343,1,2,1,1.0,2.0,56.0,CHURCHILL BD WINSTON,,,,250
201600041525,16,10,7,1145,1,2,1,1.0,2.0,66.0,WILSON (AVENUE DU PRESID,,,,930
201100021989,11,1,8,1130,1,2,2,1.0,3.0,118.0,"0, AUTHIE (<=N 106 PAIRS",M,4918580.0,-39047,140
201100038873,11,4,15,850,1,2,1,1.0,6.0,482.0,"8, ERNEST MUNCH (RUE)",,,,670
201200038625,12,2,1,1745,5,2,2,1.0,6.0,646.0,R ROYALE/AV DE SCEAUX,M,4879920.0,212774,780
201600003340,16,7,15,1200,1,1,1,1.0,7.0,468.0,,M,4534185.0,-34139,170
201400020545,14,4,30,1235,1,2,1,1.0,6.0,31.0,"39 BIS, RIBOT (AVENUE)",M,4516480.0,151664,190
200700018691,7,4,27,1900,1,2,1,1.0,7.0,381.0,LE BOURG,M,4895300.0,-4700,140
201500021196,15,3,15,1045,1,2,2,1.0,3.0,218.0,LECLERC (RUE DU MARECHAL,M,4843100.0,146386,280
201100041273,11,8,2,1800,1,1,1,1.0,5.0,449.0,RD 345  (PENETRANTE VAL,,,,770
200900063678,9,11,10,1420,1,2,3,1.0,3.0,328.0,BRUNEHAUT (CHAUSSEE),,,,620
200600050498,6,8,14,1440,1,1,1,2.0,6.0,350.0,AUTOROUTE A1,,,,590
200700064949,7,10,29,1855,5,2,1,8.0,6.0,21.0,"78, GAUTHIER DE RUMILLY",,,,800
200800002833,8,1,22,2235,5,1,1,1.0,3.0,555.0,VA007473 A62,,,,310
200500043157,5,7,24,2230,5,1,1,1.0,1.0,63.0,,M,0.0,0,690
200500079182,5,12,4,900,1,2,1,1.0,3.0,321.0,RUE ERNEST FRANCOIS,M,4378700.0,408800,300
201000010534,10,6,23,715,1,1,1,7.0,6.0,136.0,,M,0.0,0,100
200700031884,7,5,4,1405,1,1,1,2.0,3.0,216.0,A55-Sens Martigues vers,,,,130
200600067054,6,11,14,1818,3,1,1,1.0,1.0,32.0,RD.64,,,,340
200600049529,6,8,5,1830,1,1,1,1.0,7.0,186.0,RD148 carrefour DIANE à,,,,770
200600082160,6,7,21,1415,1,1,1,1.0,6.0,113.0,SECTEUR GRAND BOIS,,,,971
200500061941,5,9,27,1525,1,1,1,3.0,6.0,9.0,ROUTE NATIONALE 227,,,,590
201400007657,14,11,19,1315,1,1,1,1.0,1.0,166.0,26166,M,4475890.0,483400,260
201500027404,15,3,24,1216,1,2,2,2.0,3.0,353.0,CHOUTEAU,M,4744610.0,-49639,490
201400036225,14,12,9,945,1,2,2,1.0,1.0,329.0,1 BOULEVARD JEAN JAURES,,,,790
201000067002,10,7,30,1900,1,2,1,1.0,7.0,113.0,QUAI D IVRY,,,,750
201500042733,15,9,27,1900,2,2,3,1.0,7.0,76.0,"18, DIVISION DU GENERAL",,,,940
201500015370,15,10,21,1925,5,2,1,1.0,2.0,55.0,"182, MILLIERE (BOULEVARD",M,4328336.0,550370,130
200900018988,9,3,26,2200,5,2,2,2.0,3.0,59.0,MAURICE BERTEAUX (AV),M,4.0,0,940
201600032817,16,4,25,146,3,1,1,1.0,7.0,224.0,AUTOROUTE A 36,M,4775659.0,730002,680
200700018793,7,4,7,1630,1,1,1,1.0,5.0,175.0,,M,4802800.0,-68600,530
201100014565,11,10,21,800,2,2,1,1.0,6.0,236.0,Rue Fran?ois Cadoret,M,4784361.0,-369175,290
200800045390,8,8,31,350,3,1,1,1.0,7.0,32.0,RN.113 - 9 (BEZIERS-PEZE,,,,340
201400054895,14,7,7,800,1,2,3,1.0,2.0,114.0,RUE DE LA LEGION ETRANGE,,,,750
201100006734,11,5,30,1200,1,1,1,1.0,7.0,144.0,,M,0.0,0,690
200500031219,5,5,26,2110,1,2,1,1.0,1.0,40.0,"147, STALINGRAD (QUAI DE",,,,920
200900045624,9,9,11,1245,1,1,1,1.0,6.0,82.0,,M,4.0,0,860
201400042257,14,6,16,1605,1,2,1,1.0,2.0,31.0,"00, ENGHIEN (AV D')",,,,930
201100061813,11,12,24,555,5,2,4,1.0,6.0,115.0,RUE DE LA FEDERATION,,,,750
200600056491,6,9,29,1835,5,2,1,8.0,6.0,284.0,"18, APPEL DU 18 JUIN 194",,,,770
201500028229,15,11,28,1005,1,2,1,1.0,3.0,454.0,ALLEE GEORGES BIZET,M,4923884.0,401768,510
200600048197,6,8,2,1815,1,2,1,1.0,6.0,187.0,"1, BEAULIEU (RUE DE )",,,,420
200800070184,8,12,26,1400,1,2,2,1.0,3.0,387.0,"0, RUE RACHAIS",,,,690
200800066006,8,11,16,915,1,2,2,1.0,2.0,31.0,POMPIDOU (AVENUE GEORGES,M,4515786.0,454729,190
200700027742,7,5,16,820,1,2,3,1.0,3.0,300.0,"67, GRASSET   AVENUE EDM",,,,170
200500059728,5,9,17,645,2,2,1,1.0,2.0,18.0,BPI ST OUEN CLIGNANCOURT,,,,750
201400037055,14,9,4,2257,5,2,3,1.0,3.0,7.0,PIERRE SEMARD (avenue),M,4393874.0,482238,840
201000038615,10,2,9,1710,1,2,1,1.0,6.0,624.0,"35, HUGO (R VICTOR)",,,,620
200800023988,8,5,1,515,3,2,1,1.0,1.0,483.0,SAINT PLANCARD ( AVENUE),,,,310
200800041252,8,7,15,1500,1,2,2,1.0,3.0,48.0,GABRIEL PERI (AVENUE),,,,930
201000058356,10,2,20,1540,1,2,1,1.0,6.0,384.0,"45, QUAI JOSEPH GILLET",,,,690
201300046562,13,10,30,950,1,1,1,1.0,4.0,42.0,RN 104,,,,950
200500046259,5,7,26,1500,1,2,3,1.0,3.0,16.0,RTE SEVRES A NEUILLY POR,,,,750
200500073088,5,11,11,1750,5,1,1,1.0,3.0,56.0,"70, BELFORT RUE DE <144",,,,250
200700084258,7,11,13,2000,5,2,1,1.0,4.0,209.0,"0, PIERRE PLESDIN  (RUE)",,,,972
201000052788,10,3,19,1910,5,2,6,1.0,3.0,28.0,"0, POMPADOUR(CARREFOUR)",M,4877440.0,243923,940
201400008155,14,7,22,2245,3,1,1,1.0,6.0,77.0,,M,0.0,0,830
201200040825,12,11,29,700,5,2,3,1.0,6.0,174.0,"13, PARIS (RUE)",,,,910
200800074330,8,12,17,1810,3,1,1,8.0,3.0,312.0,RN 444,,,,910
200600056785,6,9,4,1830,1,1,1,1.0,5.0,35.0,"000, AVIGNON-RD973 (ROUT",,,,840
201400025064,14,2,3,1125,1,2,2,1.0,6.0,172.0,MONTMORENCY (ALLEE HENRI,M,4361038.0,389006,340
200600008379,6,2,19,1940,3,2,1,8.0,6.0,198.0,FOIRE (ROUTE DE LA),,,,340
201400049820,14,3,31,848,1,2,1,1.0,6.0,384.0,PLACE PICARD,,,,690
200600066961,6,11,10,950,1,2,2,1.0,6.0,63.0,PCE DE STALINGRAD,,,,330
201500031070,15,12,9,1840,5,2,1,1.0,6.0,617.0,"138 BIS, BLUM (RUE LEON)",M,5047811.0,267536,620
201400046397,14,1,19,1815,4,1,1,1.0,7.0,51.0,A4,,,,930
201100040909,11,9,28,1650,1,2,1,1.0,5.0,447.0,RTE ST MARTIN DU MANOIR,M,4954392.0,20303,760
201400037756,14,10,3,2258,5,2,1,1.0,6.0,85.0,"0, CAMBUSES (Avenue des)",,,,870
201000006834,10,11,22,915,1,1,1,1.0,6.0,96.0,,M,0.0,0,820
201300022262,13,7,17,806,1,2,1,1.0,6.0,28.0,"170, CARMIGNAN (CHEMIN D",M,4417251.0,462217,300
200900061167,9,2,6,2050,3,1,1,1.0,7.0,157.0,BLD CLAUDE MONET,,,,760
200500025880,5,5,3,800,1,2,1,8.0,2.0,550.0,rue de carling,M,0.0,0,570
201500039495,15,9,20,1925,1,2,3,1.0,3.0,46.0,"1, DE STALINGRAD",,,,920
200700016805,7,3,12,1625,1,2,6,1.0,3.0,643.0,EUROPE ROND POINT DE L',,,,780
201300030640,13,11,23,1045,1,2,1,1.0,3.0,512.0,ARTS  (RUE DES),,,,590
200600021034,6,4,8,1720,1,2,1,1.0,6.0,224.0,"30, FRANKLIN (RUE)",,,,680
200500020968,5,4,18,1437,1,2,2,1.0,6.0,6.0,R D ASSAS R DE RENNES,,,,750
200700025496,7,5,13,945,1,1,1,8.0,2.0,428.0,Le Petit Launay,M,0.0,0,610
201100054028,11,9,29,900,1,1,1,1.0,2.0,5.0,AUTOROUTE A3,,,,930
201500022293,15,9,9,1315,1,2,1,1.0,6.0,56.0,le bourg,M,4838390.0,-182486,350
200800064999,8,11,13,1440,1,2,1,1.0,6.0,11.0,"0, CHOISY.(AVENUE DE)",,,,940
201200020573,12,9,15,1225,1,2,1,1.0,7.0,299.0,"172990304, PREVERT RUE J",,,,170
201200051238,12,11,23,1730,2,1,1,1.0,4.0,37.0,TOUTES RUES,,,,202
200900013544,9,4,11,900,1,2,2,1.0,7.0,211.0,RD 2 - Route de Loisinge,M,0.0,0,740
201400032009,14,3,8,1915,2,2,1,1.0,3.0,510.0,TASSIGNY (R DU MAL. DE,M,5041490.0,276370,620
200800008009,8,2,13,1755,1,2,1,1.0,6.0,701.0,LACS (ROUTE DES) ROUGETT,,,,270
201500049820,15,12,6,603,5,1,1,1.0,2.0,382.0,,,,,690
201200001439,12,3,6,1930,3,1,1,8.0,2.0,538.0,,M,4910050.0,-31297,140
200900071334,9,12,15,815,1,1,1,1.0,5.0,22.0,A86,M,4.0,0,940
201300019226,13,10,16,1745,1,2,1,1.0,2.0,77.0,boulevard de la libert?,M,0.0,0,340
200600073393,6,12,3,515,3,1,1,3.0,6.0,120.0,,M,4828500.0,-447100,290
200600019283,6,4,16,1420,1,2,1,1.0,6.0,55.0,"166, SAINT LOUP (BOULEVA",,,,130
200900066629,9,10,12,1745,1,2,1,1.0,6.0,298.0,Rue Bellefontaine,M,4.0,0,380
200700044035,7,7,13,700,1,2,1,1.0,2.0,181.0,"442, DURAND GEORGES (AV)",,,,720
201400032512,14,3,25,2325,5,2,1,2.0,6.0,445.0,"0, BD DU CAMI SALIE",,,,640
200500001900,5,1,22,900,1,1,1,1.0,5.0,85.0,,M,0.0,0,60
201500015191,15,9,26,1115,1,2,1,1.0,2.0,55.0,"280, MIREILLE LAUZE (BOU",M,4328492.0,542169,130
201300035293,13,7,12,1400,1,2,3,1.0,3.0,208.0,POLITZER (AV),,,,780
201200000295,12,3,10,1315,1,1,1,1.0,6.0,325.0,,M,0.0,0,620
200500079705,5,12,4,1548,1,2,4,2.0,3.0,310.0,"0, COTE SAINT AMAND (RUE",,,,30
201300014324,13,2,20,1830,2,2,3,1.0,1.0,55.0,"45, R DE L AUDIENCE",M,4329629.0,548605,130
201100044324,11,3,11,1225,1,2,1,1.0,6.0,24.0,"00, VERDUN (BOULEVARD DE",,,,890
200600037547,6,6,9,2000,1,1,1,1.0,6.0,71.0,A7-Sens Lyon vers Marsei,,,,130
201200007415,12,4,15,1930,1,1,1,2.0,1.0,158.0,,M,0.0,0,710
200700076994,7,12,19,1750,5,1,3,1.0,3.0,117.0,DE LATTRE DE TASSIGNY (,,,,130
200800070944,8,12,26,1015,1,2,6,1.0,3.0,19.0,"., LE GORGEU (SANS N° EN",,,,290
201300018863,13,9,18,1545,1,1,2,1.0,3.0,342.0,"LD ""LA VIGNELIERE""",M,0.0,0,790
201400059416,14,12,5,925,1,1,1,1.0,6.0,7.0,BD DE LA COMPAGNIE DES I,R,,,974
201500044769,15,7,25,20,4,1,1,1.0,6.0,169.0,A4.Y,,,,770
200500068979,5,10,4,1400,1,2,1,8.0,2.0,286.0,"0, ROUTE NATIONALE 7",,,,910
200900039095,9,8,1,1740,1,2,1,1.0,2.0,440.0,"10, CRONSTADT (RUE DE)",,,,650
200800010905,8,2,17,1604,1,2,1,1.0,6.0,112.0,"66, AVENUE DU GENERAL MI",,,,750
200600033700,6,6,6,1610,1,2,4,1.0,1.0,301.0,"aucun, ALLENDE SALVADOR",,,,340
200900002603,9,2,2,830,1,2,1,1.0,6.0,328.0,"SANS, REMPARTS (RUE DES)",,,,490
200500051739,5,8,28,2125,5,2,2,1.0,7.0,395.0,ALBERT 1ER  (BD),,,,540
201100005090,11,12,23,1845,3,1,1,1.0,7.0,78.0,Prairie de Breuil,M,4569263.0,19864,160
200500065810,5,10,25,2119,5,2,3,1.0,6.0,19.0,"., PORTMOGUER",,,,290
200600049614,6,8,3,1645,1,2,1,1.0,3.0,146.0,"182, CARRIERES (ROUTE DE",,,,780
200600034018,6,6,12,1222,1,2,3,1.0,2.0,302.0,"105, SABLONNIERES (RUE D",,,,450
200500032101,5,5,6,1746,1,1,1,6.0,6.0,123.0,A50,,,,830
200900031781,9,6,27,1430,1,2,1,1.0,1.0,68.0,,,,,690
200800062935,8,11,4,1315,1,1,1,2.0,1.0,151.0,,M,0.0,0,350
200500044647,5,7,30,1600,1,2,1,1.0,3.0,172.0,"113, PALAVAS (AVENUE DE)",,,,340
201300004007,13,6,25,1645,1,1,1,8.0,2.0,284.0,,M,4489722.0,185866,460
200700051629,7,8,3,1627,1,1,1,1.0,3.0,21.0,AUTOROUTE A6A,,,,940
201600008748,16,12,6,1645,1,1,1,1.0,1.0,52.0,,M,4331770.0,301251,340
200800045041,8,8,7,930,1,2,2,1.0,3.0,25.0,STALINGRAD (AV DE),,,,920
201500005236,15,12,8,1115,1,2,1,7.0,6.0,280.0,RUE MARGUERITE FRICHELET,M,0.0,0,740
201400030775,14,7,11,300,3,2,3,3.0,6.0,350.0,"NC, DECONYNCK ERNEST RUE",,,,590
201600050947,16,10,22,1845,2,1,1,2.0,4.0,55.0,A55-Sens Marseille vers*,,,,130
200500079825,5,12,2,1015,1,2,2,2.0,7.0,88.0,"0, BONAPARTE (RUE)",,,,60
200500073676,5,11,18,1345,1,2,1,1.0,6.0,261.0,LECLERC (PLACE DU MARECH,,,,370
201000018511,10,6,1,800,1,2,9,1.0,1.0,934.0,Résidence plein soleil,M,0.0,0,201
201300003073,13,11,14,2000,5,2,1,8.0,6.0,246.0,RUE NATIONALE,M,4657000.0,86800,860
201400033183,14,1,31,1750,5,2,2,1.0,6.0,218.0,"0, JEU DES ENFANTS (RUE",,,,670
200500005186,5,1,4,1110,1,2,1,1.0,5.0,131.0,"27, STRASBOURG (AVENUE D",,,,770
201300010217,13,9,17,1235,1,2,1,1.0,2.0,27.0,"111, PLAGE BOULEVARD DE",,,,60
201400012312,14,6,12,300,3,1,1,1.0,6.0,164.0,,M,0.0,0,660
200500034719,5,6,19,15,5,2,2,1.0,3.0,286.0,MARANSIN (CHAUSSEE),,,,650
200800000604,8,1,31,1330,1,1,1,8.0,6.0,456.0,,M,0.0,0,800
201000033473,10,7,18,1410,1,2,1,1.0,6.0,109.0,"40, RUE DE COULMIERS",,,,440
201300057150,13,3,5,1845,2,1,1,1.0,1.0,14.0,,R,,,974
200500083762,5,12,30,1035,1,2,1,8.0,3.0,70.0,"111, DOCTEUR BAUER(RUE D",,,,930
200700072453,7,11,17,1425,1,2,3,1.0,6.0,114.0,"11bis, RUE D ALESIA",,,,750
201000048229,10,9,17,1720,1,2,1,1.0,3.0,23.0,"., PAUL VAILLANT COUTURI",,,,920
200800056447,8,10,25,545,1,1,1,1.0,6.0,300.0,,M,4786200.0,199100,450
201100046173,11,6,30,2040,1,2,1,1.0,2.0,26.0,PONT LEONARD DE VINCI,M,4889610.0,223404,920
200500053319,5,8,5,1430,1,2,2,1.0,3.0,44.0,"1, P.V.COUTURIER(RUE)41A",,,,920
200900064688,9,11,24,1730,3,1,1,1.0,6.0,533.0,,M,0.0,0,570
201300050816,13,5,30,1815,1,2,7,3.0,6.0,105.0,"7, PLACE VALHUBERT",,,,750
201400028674,14,2,10,1630,1,2,1,1.0,4.0,328.0,"440, FRICOTELLE (RUE)",M,4724645.0,-7547,490
200700037221,7,6,21,1133,1,2,2,2.0,3.0,10.0,JOFFRE (BOULEVARD MARECH,,,,900
201200001369,12,2,25,2345,4,1,1,1.0,7.0,12.0,,M,4796935.0,-218156,560
201400048772,14,6,24,1850,1,1,1,1.0,3.0,340.0,RN 104,,,,910
201000045854,10,8,14,330,5,2,3,1.0,2.0,60.0,Rue du Rally,M,4649009.0,-175802,850
200500070811,5,11,25,1355,1,1,1,2.0,6.0,297.0,Lieu dit Plantey Blanc,M,0.0,0,330
200600080072,6,12,19,1545,1,2,1,1.0,6.0,383.0,"148, RUE GARIBALDI",,,,690
201500056328,15,6,25,1400,1,2,4,1.0,6.0,115.0,PORTE DE LA PLAINE,,,,750
200700037420,7,6,23,1610,1,2,3,1.0,6.0,44.0,"02, LORRAINE (RUE DE)",,,,920
200900059983,9,12,9,325,3,1,1,3.0,6.0,384.0,A5,M,4.0,0,770
201400029112,14,11,22,1605,1,2,1,1.0,3.0,172.0,D9,,,,510
200600015847,6,3,16,915,1,2,6,1.0,1.0,430.0,Place du FOIRAIL,M,0.0,0,640
200800052297,8,9,17,1820,1,2,1,1.0,3.0,32.0,"28, AVE FELIX CAILLEAU",,,,330
201200010124,12,9,28,1900,1,2,1,1.0,6.0,203.0,lieu dit les patis CD952,M,0.0,0,370
200700009511,7,2,22,1445,1,2,1,1.0,3.0,29.0,"26, AVENUE DU 8 MAI 1945",,,,690
200500053829,5,8,20,1230,1,1,1,2.0,7.0,193.0,AUTOROUTE A16,,,,620
200800025165,8,5,19,1651,1,2,1,1.0,3.0,136.0,PRADES (AVENUE DE),,,,660
201000024504,10,4,17,1930,1,1,1,1.0,6.0,415.0,"1, PORT D'ENVAUX ROUTE D",,,,170
201000024050,10,2,21,1226,1,1,1,1.0,2.0,28.0,114 PK RN137 JUSTICE ROC,,,,170
200900020530,9,9,10,1104,1,2,1,1.0,6.0,108.0,"/0, SOUTERRAIN ETOILE",,,,750
200500053181,5,8,24,2050,2,1,1,1.0,7.0,75.0,D79,,,,870
200500042129,5,7,21,2000,1,2,1,1.0,6.0,379.0,RUE DU FAUBOURG,M,4931600.0,380100,510
200700003332,7,1,8,1910,3,1,1,3.0,1.0,375.0,RD 958 COTES SAINT-PIERR,,,,540
201100011782,11,8,3,1700,1,1,9,1.0,1.0,44.0,,M,0.0,0,60
200800057279,8,10,16,1645,1,2,1,1.0,2.0,55.0,"37, ALBERT EINSTEIN (RUE",,,,130
200900026185,9,8,24,1930,1,1,1,2.0,1.0,241.0,,M,4.0,0,120
201100044840,11,11,4,640,5,2,9,1.0,1.0,201.0,GENERAL DE GAULLE(BOULEV,,,,910
200700063553,7,10,12,1500,1,2,1,1.0,3.0,95.0,RD 88,M,4123456.0,345699,420
200500038662,5,6,26,135,3,1,1,1.0,6.0,345.0,RN 75,M,0.0,0,10
201600004524,16,7,3,1830,1,1,1,1.0,1.0,426.0,01370,M,4627000.0,536000,10
200900044378,9,11,29,2228,5,2,1,3.0,6.0,189.0,ALLENDE SALVADOR (RUE),M,4.0,0,300
200700082561,7,5,13,1350,1,2,1,1.0,3.0,209.0,"15, LOUIS DOMERGUE (AVEN",,,,972
200500082424,5,12,19,2140,5,2,1,1.0,2.0,17.0,ECH CHAMPERRET,,,,750
201400052081,14,12,20,950,1,2,1,1.0,3.0,103.0,"9, PLACE DE LA REPUBLIQU",,,,750
200800063132,8,11,30,2345,3,1,1,1.0,1.0,155.0,,M,0.0,0,850
201600024834,16,11,24,1000,1,2,1,2.0,6.0,172.0,"40, FLAHAULT (AVENUE CHA",M,4362310.0,386310,340
201500052150,15,4,23,840,1,2,5,1.0,6.0,110.0,"34, RUE DE L AQUEDUC",,,,750
201500005126,15,10,13,1815,2,1,1,2.0,6.0,5.0,,M,4563690.0,608293,730
201400038753,14,3,26,2030,2,2,1,1.0,2.0,692.0,CD35,,,,910
201300016877,13,11,25,810,2,2,1,2.0,6.0,366.0,"48, PAUL BANASTON (RUE)",,,,140
200600044528,6,7,20,1030,1,1,1,1.0,4.0,34.0,,M,0.0,0,300
200700034387,7,6,28,2025,5,2,3,1.0,3.0,88.0,"0, SAINT-LAMBERT (AV.) (",,,,60
201000057299,10,6,22,1606,1,1,1,1.0,2.0,589.0,AUTOROUTE A6,,,,910
200700052079,7,8,23,925,1,2,1,2.0,7.0,111.0,"118, BOULEVARD VOLTAIRE",,,,750
201400000826,14,3,10,800,1,2,1,1.0,3.0,47.0,avenue Robert Schuman,M,4804430.0,-174738,350
201200061812,12,4,12,1800,2,2,2,3.0,6.0,9.0,LAGOURGUE(CHEMIN),,,,974
201600006181,16,4,18,1700,1,1,1,7.0,4.0,89.0,,M,4876600.0,626400,540
201000003064,10,6,13,1500,1,1,1,1.0,7.0,34.0,,M,0.0,0,440
200700010230,7,2,20,2055,5,2,3,2.0,3.0,476.0,BOIS (AVENUE DU),,,,760
201200045311,12,10,22,900,1,2,1,1.0,6.0,55.0,"61, VICTOR HUGO (1/63 .",,,,930
200900006902,9,4,30,1205,1,2,3,1.0,3.0,445.0,"142, AVENUE DE BUROS",M,4.0,-,640
200600067287,6,11,1,1510,1,2,1,1.0,7.0,563.0,"0, QUATRE SEPTEMBRE (BOU",,,,380
201600052314,16,5,15,1836,1,2,7,1.0,3.0,108.0,"156, AVENUE DES CHAMPS E",M,4887310.0,229709,750
200600031479,6,6,11,845,1,1,1,1.0,1.0,47.0,,M,0.0,0,250
200700068048,7,11,1,630,2,2,3,1.0,7.0,55.0,"375, PRADO (AVENUE)",,,,130
201400041789,14,11,4,1845,5,2,1,1.0,6.0,8.0,FREUD (RUE SIGMUND),,,,930
200700031609,7,5,15,236,5,1,1,1.0,2.0,689.0,AUTOROUTE A6A,,,,910
201300034881,13,9,13,1100,1,2,2,2.0,6.0,540.0,"53, AV DE BRETAGNE",M,4943321.0,108529,760
200500049466,5,8,29,200,3,1,1,1.0,6.0,166.0,,M,4473100.0,478800,260
201000008311,10,12,28,1515,1,2,7,1.0,6.0,181.0,rue Basse de la gare,M,4547000.0,652300,730
201400008172,14,3,26,1345,1,1,1,1.0,5.0,125.0,,M,0.0,0,830
201100026349,11,2,3,1450,1,2,1,1.0,3.0,483.0,"42, JOFFRE (AVENUE DU MA",,,,310
201300018529,13,8,28,1630,1,1,1,1.0,3.0,495.0,,M,4652504.0,460674,710
200900018462,9,1,23,1250,1,1,1,1.0,4.0,28.0,A86,M,4.0,0,940
201100013539,11,1,11,900,1,2,1,8.0,3.0,272.0,avenue du G. Leclerc,M,0.0,0,910
200700017852,7,3,22,715,2,1,1,8.0,5.0,17.0,A4,,,,940
200700023144,7,4,21,1515,1,2,3,1.0,6.0,14.0,R LEBOUIS R DE L OUEST,,,,750
200500013767,5,3,3,1630,1,1,1,1.0,5.0,240.0,,M,0.0,0,340
201600001657,16,7,14,500,4,1,1,1.0,2.0,582.0,LA MOINERIE,M,4870950.0,-92580,500
201000045475,10,7,8,1650,1,2,1,1.0,3.0,137.0,MICHELETC (BD JULES),,,,830
200500054037,5,9,10,2215,3,1,1,2.0,6.0,69.0,,M,5047600.0,211100,620
200800071870,8,12,7,200,5,1,1,2.0,6.0,650.0,MONT A LEUX (RUE DU),,,,590
201400006978,14,11,18,1030,2,2,1,8.0,1.0,51.0,,M,0.0,0,580
201000055019,10,1,20,1845,5,1,1,2.0,3.0,258.0,A4.W,,,,770
200600051940,6,9,25,1200,1,2,1,2.0,6.0,520.0,,M,0.0,0,670
201600059124,16,3,1,725,1,2,1,1.0,6.0,416.0,"06, BABET (RUE AUGUSTE)",R,,,974
201100063342,11,6,15,1635,1,2,3,1.0,3.0,119.0,"96, BOULEVARD DE LA VILL",,,,750
200700011687,7,2,1,2250,3,1,1,1.0,6.0,142.0,A7   2.278 A 3.690,,,,690
200600029931,6,5,29,800,1,1,1,1.0,4.0,55.0,A7-Sens Lyon vers Marsei,,,,130
201300021362,13,10,22,330,3,1,1,1.0,7.0,123.0,Rue Nationale,M,5051815.0,299063,590
200500045445,5,7,9,1500,1,2,9,8.0,6.0,14.0,NOELLET (AVENUE JEAN),,,,630
201200057298,12,10,12,1430,1,2,5,1.0,2.0,115.0,"55, QUAI DE GRENELLE",,,,750
201600052414,16,7,31,2025,2,2,1,1.0,2.0,108.0,"174, BOULEVARD HAUSSMANN",M,4887500.0,230789,750
201300029769,13,7,20,1150,1,2,1,1.0,6.0,43.0,"196, LILLE (RUE DE) S1",,,,590
200500011049,5,2,26,145,3,1,1,1.0,6.0,45.0,,M,0.0,0,460
201600015615,16,9,28,2130,5,2,2,1.0,3.0,55.0,"102, GOUFFE (COURS)",M,4328521.0,539087,130
200900003225,9,4,29,815,1,2,1,2.0,6.0,117.0,"51, RUE POUCHET",,,,750