Num_Acc,an,mois,jour,hrmn,lum,agg,int,atm,col,com,adr,gps,lat,long,dep
201100035779,11,12,29,2100,5,2,2,2.0,6.0,350.0,"00, HUGO VICTOR  BVD N?1",,,,590
200600060068,6,10,12,1445,1,1,1,1.0,7.0,179.0,,M,0.0,0,370
200600049228,6,8,17,1455,1,2,1,1.0,3.0,15.0,13 BD GL MARTIAL VALIN,,,,750
200600003195,6,1,18,2000,3,2,3,2.0,2.0,194.0,"77, PONT ACHARD (BOULEVA",,,,860
200700017422,7,3,22,1335,1,2,1,1.0,6.0,32.0,GOSSEC   (RUE),,,,930
200600015521,6,3,6,1030,1,2,7,1.0,6.0,629.0,rue de la mairie,M,4914200.0,45500,270
201000021896,10,7,16,1100,1,2,2,1.0,6.0,55.0,"433, RUE DE LYON",,,,130
201600054952,16,5,16,1215,1,2,1,1.0,6.0,116.0,ROUTE DES TRIBUNES,M,4885930.0,222929,750
200800003024,8,1,18,1645,1,1,1,1.0,7.0,129.0,"sans, CARNON (ROUTE DE",,,,340
200700013714,7,3,15,1220,1,1,1,1.0,5.0,88.0,"0, SAINT-ISIDORE (QUART.",,,,60
200800022394,8,4,11,1820,1,1,1,1.0,3.0,112.0,A4,,,,750
201400006528,14,6,28,1600,1,1,1,8.0,7.0,25.0,,M,4747626.0,728255,680
201200019780,12,10,4,1100,1,2,1,1.0,6.0,233.0,Le bourg,M,4511000.0,-33800,330
200600058988,6,10,23,1215,1,1,1,2.0,3.0,313.0,D.35  ROUTE DE LEUROPE,M,0.0,0,10
200900018216,9,7,22,1500,1,1,3,1.0,2.0,196.0,MOULIN DE CEZILLE,M,4.0,0,10
200600075205,6,12,7,1650,1,2,2,1.0,3.0,159.0,"0, ALBERT 1ER (AVENUE)",,,,60
200800025994,8,5,19,1420,1,2,1,1.0,3.0,40.0,"51, PAIX (AVENUE DE LA)",,,,920
201500058501,15,3,20,1345,1,2,1,1.0,3.0,611.0,cavani-Cavani (route de),Y,0.0,0,976
201500025163,15,12,18,1910,5,2,1,1.0,6.0,238.0,"10, BERT (PAUL)",M,4811066.0,-167045,350
200900036357,9,6,15,1850,1,2,1,1.0,6.0,88.0,"0, PENETRANTE DU PAILLON",,,,60
200700029230,7,5,22,1615,1,2,1,1.0,2.0,129.0,BAYONNE DE,,,,640
201500047318,15,8,26,1045,1,1,1,1.0,3.0,76.0,AUTOROUTE A6B,M,4879340.0,234505,940
201300051306,13,2,11,650,5,2,7,2.0,3.0,108.0,PLACE DE LA CONCORDE,,,,750
200600021863,6,4,7,855,1,2,1,1.0,3.0,490.0,"1, PASTEUR (RUE)",,,,780
201000006406,10,4,11,1715,1,1,1,1.0,2.0,125.0,ID BROUQUIS,M,4382890.0,9259,320
201100062783,11,12,16,1535,1,2,7,2.0,2.0,117.0,"19, PLACE DU GENERAL KOE",,,,750
201500003907,15,7,12,830,1,1,1,1.0,1.0,265.0,,M,0.0,0,460
200900030122,9,4,17,1900,1,2,3,1.0,6.0,63.0,"192, CRS SAINT LOUIS",,,,330
201200032387,12,9,2,50,5,2,1,1.0,6.0,350.0,BRANDT WILLY AVENUE,,,,590
200900047256,9,2,26,1335,1,2,1,1.0,3.0,5.0,05 R CLEMENT ADER,M,4.0,0,930
201000038552,10,5,27,700,1,1,1,1.0,2.0,215.0,"sans, RD917",,,,620
200700015390,7,3,10,1800,1,2,3,1.0,2.0,410.0,ANJOU RUE D,,,,590
201300000903,13,9,25,1815,1,1,1,1.0,3.0,228.0,,M,0.0,0,350
201600034045,16,12,16,1735,5,1,4,1.0,2.0,322.0,,M,4940307.0,103386,760
201100008247,11,12,24,400,3,1,1,5.0,6.0,55.0,,M,0.0,0,740
200900025796,9,6,6,2300,5,1,2,1.0,3.0,527.0,,,,,950
201600058402,16,7,10,1845,5,1,2,1.0,6.0,209.0,"3, SOLEIL LEVANT (BOULEV",A,0.0,0,972
201000016369,10,2,17,2015,5,2,1,2.0,6.0,88.0,"193, GRENOBLE (ROUTE DE)",,,,60
200900009457,9,6,29,1825,1,2,1,1.0,6.0,107.0,"54, AVENUE DE BRETEUIL",,,,750
200700037517,7,6,6,1515,1,2,1,1.0,6.0,1.0,"01, JEAN JAURES (AVE)  =",,,,930
200800069147,8,12,9,1245,1,1,1,2.0,7.0,211.0,,M,4451000.0,438000,70
201000060221,10,8,13,1130,1,2,2,1.0,3.0,101.0,BOULEVARD DE SEBASTOPOL,,,,750
201400045396,14,12,4,1650,1,2,4,1.0,6.0,78.0,8 MAI 1945/PL P SEMARD,M,4872920.0,244665,940
200800051233,8,9,26,445,5,2,6,1.0,6.0,440.0,"., UNIVERSITE (ROND POIN",,,,650
201600038130,16,8,31,1645,1,2,1,1.0,6.0,26.0,"99, SAINT DENIS BD (120",,,,920
200500074977,5,11,15,1120,1,2,2,1.0,2.0,8.0,AV DES CHAMPS ELYSEES R,,,,750
201400049395,14,11,13,854,1,2,1,8.0,7.0,382.0,"15, PLACE CARNOT",,,,690
200500036462,5,6,11,850,1,2,2,1.0,3.0,23.0,FLEURY (RUE DE),,,,920
200900044474,9,5,20,1920,1,1,1,1.0,4.0,55.0,A50-SENS MARSEILLE VERS,M,4.0,0,130
200500079907,5,12,20,1655,1,2,1,1.0,3.0,88.0,"280, CALIFORNIE (AV.) (A",,,,60
200900046844,9,12,31,1630,2,1,1,3.0,2.0,1.0,,M,4.0,-,330
201300047548,13,5,29,843,1,1,1,1.0,3.0,34.0,A86,M,4876140.0,231621,940
200900008950,9,6,10,945,1,2,2,1.0,6.0,103.0,"09, BOULEVARD SAINT DENI",,,,750
200500019852,5,4,7,1114,1,2,1,1.0,6.0,1.0,"53, REPUBLIQUE (BOULEVAR",,,,470
200900027223,9,10,19,1500,1,2,1,1.0,2.0,113.0,"168, BOULEVARD MASSENA",,,,750
200600052559,6,9,3,1330,1,2,1,1.0,6.0,18.0,5 rue amiral barjot,M,4663300.0,106500,360
200500010980,5,2,1,715,3,2,1,5.0,7.0,236.0,Gare de Corrèze,M,4533500.0,187500,190
201300043450,13,9,12,1000,1,2,1,1.0,6.0,28.0,"26, SARRASINS(RUE DES)",,,,940
201000026278,10,9,1,1915,1,2,3,1.0,3.0,281.0,"Neant, PREMIERE ARMEE (A",,,,260
200900063090,9,12,5,1120,1,2,1,2.0,7.0,640.0,"02, EUROPE (AVENUE DE L'",,,,780
200600062903,6,10,17,1645,1,1,1,1.0,6.0,259.0,"76, FRANCIS DE PRESSENSE",,,,690
201600049953,16,12,15,1135,1,1,1,1.0,4.0,39.0,ROCADE A 630,M,4479416.0,-53969,330
201000035749,10,11,19,605,5,2,1,2.0,6.0,328.0,"1411, CURIE (IMPASSE PIE",,,,540
201600014303,16,3,16,2010,5,2,3,3.0,6.0,55.0,ROUET (RUE DU),M,4327756.0,539308,130
201200012133,12,5,17,1900,1,1,1,1.0,7.0,333.0,,M,0.0,0,770
201200020297,12,4,4,1700,1,2,1,1.0,2.0,175.0,Le pratel meriadec,M,0.0,0,560
200500016695,5,3,17,1755,1,2,1,1.0,3.0,16.0,BPI MUETTE DAUPHINE,,,,750
200600030040,6,6,23,1900,1,1,1,1.0,7.0,477.0,CD 54 - PR 07 + 500,M,5032000.0,255000,620
200800010638,8,2,24,510,5,1,1,1.0,7.0,137.0,A50 TUNNEL,,,,830
201200046536,12,5,23,1500,1,2,1,1.0,3.0,28.0,"0, MOULIN BERSON.(RUE DU",,,,940
201300058272,13,5,28,825,1,2,3,1.0,6.0,16.0,FOUR A CHAUX 1 (RUE DU),R,,,974
201000008955,10,4,18,1200,1,2,1,1.0,1.0,184.0,LE BRUEL,M,4471830.0,220811,150
200500075214,5,11,10,955,1,2,1,1.0,3.0,15.0,6 R DU HAMEAU,,,,750
201200005121,12,7,15,1735,1,2,1,1.0,2.0,722.0,"31, COMPIEGNE ( AVENUE D",M,4938156.0,331439,20
201400026195,14,2,26,1710,1,2,1,1.0,6.0,214.0,QUAI  DE LA LOIRE,,,,370
200900001801,9,3,17,1705,1,2,1,1.0,3.0,111.0,"103, BOULEVARD VOLTAIRE",,,,750
200600016280,6,3,13,2115,5,2,1,1.0,6.0,66.0,Rue du Général de Gaulle,M,4846900.0,720800,670
200500046040,5,7,11,1115,1,2,1,1.0,4.0,13.0,L14796 PT DE TOLBIAC,,,,750
201300006256,13,6,17,2045,1,1,1,1.0,7.0,89.0,,M,0.0,0,670
201200061297,12,2,24,2023,5,2,1,1.0,6.0,9.0,"RD41, RD 41",,,,972
201400052885,14,5,12,1730,1,2,1,1.0,3.0,108.0,"89, RUE DU FAUBOURG SAIN",,,,750
200700036131,7,6,7,1830,1,1,1,1.0,5.0,155.0,"., AUTOROUTE A16",,,,590
201600058638,16,4,11,734,2,1,3,3.0,6.0,302.0,"1, TROUBIRAN (CHEMIN DE)",G,491669.0,5231353,973
201400020826,14,1,5,1215,1,1,1,1.0,7.0,215.0,"1, PONT DES ILES (RUE DU",M,4851831.0,-281368,220
200800034437,8,6,2,830,1,2,3,1.0,3.0,55.0,"1, JEAN LOLIVE (AVENUE)(",,,,930
201100021169,11,11,15,730,1,2,1,1.0,2.0,55.0,"00, BD MICHELET",,,,130
200800009329,8,2,17,105,5,2,1,1.0,6.0,108.0,"38, NAST (RUE GUSTAVE)",,,,770
200500037348,5,6,14,2250,5,2,1,1.0,3.0,382.0,"1, BELLECOUR",,,,690
201100007295,11,1,5,1040,1,2,3,1.0,6.0,691.0,Place Stalingrad,M,4983606.0,330595,20
201200005741,12,11,10,1815,5,2,1,2.0,3.0,141.0,"place de la libert?,",M,4579534.0,305165,630
201400033994,14,1,26,1510,1,2,2,8.0,3.0,276.0,"0, ROUTE DE VIENNE",,,,690
200800001174,8,1,28,2030,3,1,1,1.0,1.0,146.0,,M,0.0,0,660
200800044723,8,8,14,1655,1,2,1,8.0,6.0,159.0,ROYALLIEU (AV. DE),,,,600
200900027048,9,10,14,1305,1,2,2,1.0,3.0,103.0,RUE DES FRANCS BOURGEOIS,,,,750
201400005668,14,8,21,1215,1,1,1,1.0,1.0,138.0,,M,0.0,0,30
201200052526,12,4,10,1715,1,1,1,1.0,6.0,29.0,RD383   7.640 A 11.044,,,,690
200700046652,7,8,23,1430,1,1,1,1.0,6.0,47.0,,M,4831400.0,-304800,220
201300048732,13,10,8,1040,1,1,1,1.0,3.0,96.0,AUTOROUTE A 10,,,,330
200700067860,7,11,7,1045,1,2,1,1.0,3.0,122.0,"62A, LECLERC (AVENUE DU",,,,90
200800011663,8,3,11,1915,2,2,1,1.0,3.0,55.0,"153, WILLIAM BOOTH (AVEN",,,,130
200600070848,6,11,16,925,1,1,1,2.0,4.0,553.0,RN 104,,,,910
201600011717,16,5,10,45,3,1,1,3.0,2.0,138.0,,M,4921576.0,262679,600
200600080492,6,1,5,1740,2,2,1,2.0,2.0,302.0,CAPULO (CITE),,,,973
201600037108,16,5,19,2215,5,2,1,1.0,3.0,432.0,"2, GENERAL WARABIOT (AVE",M,4870659.0,233231,910
200700065185,7,10,26,1445,1,2,1,1.0,2.0,387.0,"0, TARBE (COURS)",,,,890
201600030664,16,1,25,1815,3,2,1,1.0,6.0,67.0,CD765,M,4750837.0,145943,410
201000018420,10,8,30,645,2,1,1,1.0,6.0,316.0,,M,4755600.0,395900,890
201300013629,13,9,19,1350,1,2,1,1.0,3.0,5.0,"., RD 43 C",,,,130
201400037493,14,1,10,1647,1,2,1,1.0,5.0,50.0,"0, MOULIN (ALLEE JEAN)",,,,870
201600016219,16,12,3,1800,5,2,1,1.0,1.0,26.0,PAGNOL (bld Marcel),M,4338123.0,517403,130
200500081785,5,12,29,350,5,2,4,1.0,6.0,512.0,MONS (RUE DE),,,,590
201600057369,16,9,18,1835,1,2,1,1.0,2.0,113.0,QUAI D IVRY,M,4882600.0,238773,750
200800069144,8,12,15,1830,3,1,1,1.0,1.0,110.0,,M,4447700.0,423900,70
200600003110,6,1,19,1220,1,2,1,1.0,6.0,123.0,GARE (ROUTE),,,,830
201100054970,11,5,10,2005,1,1,1,1.0,5.0,182.0,RN 104,,,,910
201300020454,13,11,14,2119,5,2,3,2.0,3.0,231.0,"142, AUXONNE (D') (RUE)",,,,210
200700007540,7,2,2,1800,5,2,2,1.0,3.0,53.0,"snr, ALSACE LORRAINE (AV",,,,10
201100065914,11,7,17,1351,1,2,1,1.0,6.0,9.0,"Comm, ROCADE (RUE DE LA)",,,,972
200600065545,6,10,6,1525,1,2,1,1.0,3.0,383.0,PAUL BERT,,,,690
201300014309,13,2,12,1530,1,2,1,1.0,6.0,55.0,PCE FELIX BARET,M,4329186.0,537953,130
200600058622,6,10,20,1545,1,1,1,1.0,1.0,211.0,,M,0.0,0,850
200500019097,5,4,25,1340,1,2,1,2.0,2.0,33.0,JOFFRE (BOULEVARD DU MAR,,,,180
201600053253,16,11,8,1435,1,2,3,8.0,7.0,111.0,"14, AVENUE DE LA REPUBLI",M,4886650.0,236813,750
201200003726,12,4,1,1830,1,1,1,1.0,6.0,202.0,LARMANDIE,M,4524920.0,158598,190
200600027839,6,5,5,1915,1,2,3,1.0,6.0,18.0,R DE CLIGNANCOURT R PIER,,,,750
201100050496,11,1,9,15,5,2,6,1.0,3.0,28.0,POMPADOUR / CHOISY,M,4877450.0,243957,940
201600017760,16,12,12,615,3,1,1,2.0,7.0,183.0,,M,4773800.0,55200,720
201600054415,16,1,7,25,5,2,1,1.0,6.0,115.0,QUAI ANDRE CITROEN,M,4884000.0,227075,750
200800040426,8,7,23,1230,1,2,1,1.0,2.0,217.0,CANADIENS (AVENUE DES),,,,760
201300017236,13,11,5,1045,1,1,1,2.0,2.0,32.0,,M,0.0,0,100
200700037135,7,6,22,245,3,1,1,3.0,6.0,157.0,RN.147,,,,860
200600046915,6,8,5,1430,1,1,1,1.0,6.0,138.0,,M,0.0,0,180
201300056273,13,2,15,1830,5,2,1,1.0,2.0,115.0,PORTE DE VERSAILLES,,,,750
200500049219,5,8,2,1900,1,1,1,2.0,1.0,5.0,,M,0.0,0,670
200600072897,6,11,26,1945,3,1,1,1.0,7.0,405.0,,M,,,210
201100020475,11,7,26,815,1,2,1,1.0,2.0,55.0,"15, RUE DOCTEUR ZAMENHOF",,,,130
201100012529,11,3,9,1230,1,2,1,1.0,1.0,210.0,22 route de Canet,M,4359219.0,351982,340
201200003851,12,4,26,1830,1,1,1,1.0,2.0,66.0,,M,0.0,0,310
200500010331,5,2,14,1715,1,2,2,4.0,6.0,383.0,VENDOME,,,,690
200900019459,9,5,26,1330,1,2,3,2.0,7.0,582.0,"109, MAURICE BERTEAUX (B",M,4.0,0,950
200900056714,9,11,16,1955,5,2,2,1.0,3.0,55.0,"1, PEUPLIERS (AVENUE DES",,,,440
201400046143,14,7,27,1550,1,2,2,1.0,3.0,306.0,BD DU HAVRE,M,4900070.0,218210,950
200500014320,5,3,5,40,5,2,1,1.0,6.0,55.0,LONGCHAMP (BD),,,,130
201400047835,14,12,7,2315,3,1,1,2.0,7.0,527.0,AUTOROUTE A1,,,,950
200600044799,6,7,19,1430,1,2,1,1.0,3.0,252.0,"127 bis, JAURES RUE JEAN",,,,260
200600032649,6,6,25,1650,1,2,1,1.0,2.0,102.0,"23, REPUBLIQUE (AV. DE L",,,,70
200800001776,8,1,24,1830,2,2,1,1.0,3.0,55.0,BONNEFOY (RUE),,,,130
201200037694,12,3,19,2105,3,1,1,1.0,7.0,371.0,D 934  - AERODROME,,,,770
200800063148,8,11,3,845,1,1,1,2.0,5.0,73.0,,M,4524800.0,-57900,330
200800017987,8,4,28,930,1,1,1,3.0,3.0,52.0,,M,4392000.0,223400,810
201500049494,15,9,1,1645,1,1,1,1.0,2.0,218.0,RN88,M,4543687.0,443786,420
201200018139,12,12,15,900,1,1,1,1.0,1.0,59.0,,M,4573403.0,588074,730
201600015257,16,8,2,1300,1,2,2,1.0,3.0,55.0,"7, ABEILLES (RUE DES)",M,4330101.0,538607,130
200700080104,7,12,2,2220,3,1,1,3.0,2.0,33.0,A86.EXT,,,,940
200900021478,9,2,6,1340,1,2,2,1.0,7.0,172.0,MARIOGE (RUE),M,4.0,0,340
201600047504,16,4,27,730,1,1,1,1.0,6.0,179.0,AUTOROUTE A6,M,4856383.0,247813,910
200800055277,8,10,24,1400,1,2,1,2.0,6.0,129.0,,M,4744200.0,-209400,440
200600014315,6,3,18,1310,1,1,2,1.0,3.0,66.0,PLEUMARTIN (ROUTE DE),,,,860
201500041598,15,11,26,735,2,2,1,1.0,6.0,71.0,"0, LIEGEARD (AVENUE)",,,,930
201000066190,10,2,5,230,5,2,1,3.0,6.0,114.0,"30, AVENUE DU GENERAL LE",,,,750
201100045162,11,1,17,1045,1,2,6,1.0,7.0,692.0,"0, OCEANIE (AVENUE DE L'",,,,910
200500030198,5,5,13,1938,1,2,1,1.0,6.0,20.0,16 R DE BELLEVILLE,,,,750
201300010918,13,4,15,1435,1,2,1,1.0,3.0,88.0,"0, GRENOBLE (ROUTE DE)",,,,60
201200001331,12,1,1,1415,1,2,1,2.0,3.0,258.0,rue des resistants,M,4759293.0,-302480,560
200800058062,8,10,29,1245,1,2,1,8.0,6.0,172.0,"735, RAVAZ (AVENUE DU PR",M,4362140.0,384815,340
200800031930,8,6,2,1704,1,2,1,1.0,4.0,33.0,"SANS, BASTARD (ROCADE JA",,,,180
201300010630,13,12,12,800,1,2,1,1.0,7.0,69.0,"18, SAINT LAURENT (AVENU",,,,60
201400007630,14,6,1,1030,1,1,1,1.0,7.0,124.0,26124,M,0.0,0,260
200700014430,7,3,12,910,1,2,6,1.0,3.0,189.0,"., GAMEL PIERRE (AVENUE)",,,,300
201300009999,13,8,8,2345,5,2,1,1.0,3.0,4.0,"809, NICE(RN.7) AV.ET RT",,,,60
200500062494,5,10,17,2230,3,1,1,1.0,7.0,4.0,,M,5004900.0,165200,800
201400038719,14,10,26,1735,2,2,1,1.0,3.0,421.0,"07, MARECHAL FOCH (AVENU",,,,910
200600071176,6,11,13,2045,3,2,1,1.0,7.0,609.0,CD 937,M,0.0,0,620
201300046228,13,7,6,1830,1,1,1,1.0,2.0,66.0,AUTOROUTE A1,M,4891930.0,235757,930
201400058966,14,4,23,815,1,2,1,1.0,6.0,9.0,"Comm, VICTOR SEVERE (RUE",A,0.0,0,972
200900043421,9,4,7,1915,2,2,1,1.0,6.0,64.0,"33 TER, REPUBLIQUE",,,,920
201400020938,14,8,2,1210,1,1,4,9.0,3.0,187.0,"pk 59,200, RN12",M,4853534.0,-275941,220
200500030831,5,5,25,750,1,2,3,1.0,1.0,118.0,"0, AVENUE DU GRATADIS",,,,830
200900051237,9,4,21,1600,1,2,1,1.0,1.0,47.0,R HENRI BARBUSSE,M,4.0,0,930
200800047736,8,8,2,900,1,1,1,2.0,1.0,94.0,,M,,,950
201400015663,14,9,26,745,1,2,1,1.0,2.0,55.0,"67, BD DU CAPITAINE GEZE",M,4333219.0,537592,130
201500057465,15,11,27,1220,1,1,1,1.0,6.0,209.0,"3, RD 41 (ROCADE)",A,1460677.0,6108724,972
201000065029,10,10,10,1905,1,2,5,1.0,7.0,118.0,AVENUE DE SAINT OUEN,,,,750
201200031206,12,10,12,1240,1,2,1,1.0,7.0,121.0,"19, LESAGE (RUE ALAIN-RE",M,4774156.0,-336425,560
201300043245,13,9,5,1000,1,2,1,1.0,6.0,22.0,WALDECK ROUSSEAU (R),,,,940
201400033958,14,5,7,2310,3,2,1,1.0,6.0,256.0,"7, FERME (DE LA)",,,,690
200500050036,5,8,20,1015,1,1,1,1.0,5.0,87.0,,M,0.0,0,130
200700033632,7,6,26,2315,3,1,1,2.0,6.0,175.0,CD 5,M,4850600.0,197000,910
201000025429,10,6,18,746,1,2,3,1.0,2.0,231.0,GENERAL TOUZET DU VIGIER,M,4735150.0,503925,210
200900071453,9,12,15,1120,1,1,1,1.0,5.0,408.0,Ferme Chaufour,,,,20
200500050059,5,8,6,1215,1,1,1,1.0,7.0,188.0,,M,0.0,0,280
201200011048,12,11,9,1745,5,2,2,2.0,6.0,104.0,"MONLEON (AV. FRANCOIS, N",,,,60
201500035135,15,7,30,1900,1,2,1,1.0,7.0,123.0,"35, RESISTANCE (AVENUE)",M,4311771.0,579738,830
201000069158,10,11,9,1755,2,1,1,1.0,6.0,11.0,VINH-SAN (BLD 1 DU PRINC,,,,974
201600004827,16,7,17,1415,1,1,1,7.0,1.0,303.0,RD 64,M,0.0,0,260
201400047794,14,11,24,905,1,1,1,2.0,2.0,78.0,AUTOROUTE A104,M,4897150.0,249691,930
201500046576,15,8,1,1935,1,1,1,1.0,7.0,50.0,A14,,,,920
201300032088,13,9,10,1406,1,2,1,1.0,2.0,140.0,QUAI DE LA DOUANE,M,4352000.0,-148871,640
201400021175,14,7,24,856,1,2,1,1.0,3.0,56.0,"sans, GARE D'EAU AV.  DE",M,4723175.0,602396,250
201200051914,12,11,12,1135,1,1,1,1.0,4.0,119.0,ROUTE NATIONALE 230,,,,330
201100058833,11,6,27,225,5,2,3,1.0,2.0,106.0,"23, QUAI MALAQUAIS",,,,750
201600050831,16,8,17,530,3,1,1,1.0,6.0,55.0,A50-Sens Aubagne vers*Ma,,,,130
201400034553,14,4,15,1200,1,2,2,1.0,1.0,11.0,"21, CHAUTEMPS (RUE FELIX",M,4567430.0,638830,730
201000039482,10,6,2,1720,1,2,1,1.0,6.0,122.0,PETITES SOEURS DES PAUVR,M,4348100.0,-154890,640
200500075744,5,11,18,745,1,2,1,1.0,6.0,126.0,DUCHESNE LUCIEN RENE (AV,,,,780
201600044904,16,7,8,1720,1,1,1,1.0,4.0,121.0,A4,,,,770
200700067008,7,10,31,845,1,2,3,1.0,6.0,112.0,QUAI DE BERCY,,,,750
201600058448,16,1,1,1745,2,1,1,1.0,1.0,213.0,ROUTE DEPARTEMENTALE 13,,,,972
200600004823,6,1,11,715,4,1,1,5.0,1.0,56.0,,M,0.0,0,400
200700046134,7,7,8,1720,1,2,2,2.0,3.0,117.0,"/, BOULEVARD MALESHERBES",,,,750
200900010341,9,4,11,1015,1,1,1,1.0,1.0,527.0,,,,,210
200900062298,9,9,29,1745,1,1,2,1.0,3.0,163.0,LECLERC (AVENUE DU GENER,,,,590
200900043683,9,7,19,1745,1,2,1,1.0,2.0,278.0,54 bd CHARNER,,,,220
201600041448,16,5,31,700,1,2,1,3.0,5.0,66.0,FORT DE LA BRICHE,,,,930
200500013345,5,3,20,2030,3,1,1,1.0,6.0,100.0,,M,0.0,0,130
201000046152,10,3,18,1354,1,2,1,1.0,2.0,85.0,"44, COMTE (RUE AUGUSTE)",,,,870
200500048284,5,8,27,1845,1,2,1,1.0,1.0,47.0,Rue de Bretagne,M,4723100.0,-173500,440
200600038779,6,7,26,1230,1,2,1,1.0,3.0,238.0,"147, LORIENT (DE)",,,,350
201600025881,16,7,9,2333,5,2,1,1.0,7.0,261.0,PONT WILSON,,,,370
200700003766,7,1,25,2105,5,1,3,1.0,3.0,545.0,NATIONALE 10,,,,640
201300023975,13,8,21,1650,1,2,1,1.0,1.0,63.0,"38, RUE DE LA LIBERTE CA",,,,330
201500029150,15,6,24,1804,1,2,3,1.0,6.0,260.0,"., FORTIN DE BEAUSEJOUR(",M,4765698.0,-274512,560
201000006220,10,9,10,1730,1,2,1,1.0,6.0,219.0,Ecole d' ORGIBET,M,4255100.0,-1600,90
201000002693,10,1,26,1830,5,1,1,1.0,1.0,162.0,LA CROIX DE FRESVILLE,M,4961890.0,-153674,500
201500042750,15,10,22,1415,1,2,1,2.0,6.0,76.0,"50, PRESIDENT ALLENDE (A",,,,940
201000022304,10,10,25,2300,5,2,1,1.0,3.0,55.0,AVE DES PEINTRES ROUX,,,,130
200600047312,6,8,6,2330,5,2,1,1.0,1.0,145.0,AYROLLE (BOULEVARD DE L',,,,120
200500073466,5,11,21,1510,1,2,1,1.0,6.0,63.0,RUE CHARLES DOMERCQ,,,,330
201400027656,14,4,16,1815,1,2,1,1.0,6.0,143.0,"25, AVENUE DE LA LIBERAT",,,,440
201500035245,15,4,12,1140,1,2,1,1.0,6.0,137.0,PICOT (AVE DU COLONEL),M,4312562.0,593178,830
201000001328,10,3,21,1145,1,1,1,1.0,2.0,641.0,,M,4908730.0,91866,270
201100002019,11,11,24,915,1,2,1,1.0,6.0,290.0,devant le 5 rue de l'abe,M,4855186.0,-453895,290
200700026412,7,5,23,1830,1,2,1,8.0,6.0,97.0,avenue de la république,M,0.0,0,390
201300035918,13,3,11,955,1,2,1,4.0,2.0,21.0,"36,AVENUE ROGER DUMOULIN",,,,800
200500056113,5,9,13,1230,1,1,1,1.0,6.0,82.0,,M,4786000.0,739000,680
201500001912,15,6,19,800,1,2,1,1.0,2.0,103.0,BD HENRI GAUTHIER,M,4731000.0,-215900,440
201500019838,15,3,26,757,1,2,3,1.0,3.0,33.0,ROUSSEAU (RUE JEAN-JACQU,M,4707922.0,238981,180
200700044444,7,7,19,2045,1,2,2,1.0,3.0,194.0,JACQUES COEUR (AVENUE),,,,860
200900060947,9,9,12,1430,1,1,2,1.0,6.0,99.0,D 60,,,,620
201200004107,12,7,18,830,1,1,1,1.0,7.0,210.0,,M,4356400.0,112798,320
201300030306,13,9,10,1830,1,2,1,2.0,3.0,9.0,OUEST BOULEVARD DE L,,,,590
201200055146,12,8,31,1951,2,2,1,1.0,2.0,109.0,"49, RUE DU FAUBOURG POIS",,,,750
200900033099,9,6,14,1335,1,2,1,1.0,7.0,262.0,RN 009 NARBONNE / BEZIER,,,,110
201100022125,11,3,24,1420,1,2,1,1.0,6.0,366.0,"5, PRESIDENT RENE COTY (",M,4914250.0,24148,140
201400053056,14,10,19,1945,5,2,7,1.0,3.0,108.0,"4, PLACE DE LA CONCORDE",,,,750
200900069150,9,8,21,1605,1,2,3,1.0,3.0,14.0,ZOLA / ANATOLE FRANCE,M,4.0,0,930
200800029623,8,6,8,1400,1,1,1,1.0,1.0,52.0,,M,4803500.0,-453500,290
201000000040,10,4,9,2115,4,2,1,1.0,1.0,84.0,route d'hazebrouck,M,0.0,0,590
201400026973,14,10,23,1545,1,2,1,1.0,4.0,281.0,KENNEDY (AV DU PDT. JOHN,M,4387190.0,-49107,400
201200039980,12,2,4,2310,4,1,1,1.0,3.0,75.0,RD20,M,4581530.0,117136,870
201100002275,11,5,26,2330,5,2,1,2.0,6.0,75.0,rue du four,M,4790248.0,-211998,560
201500008220,15,3,29,1745,1,1,1,1.0,1.0,145.0,,M,4366889.0,414339,340
201000006332,10,5,22,230,5,2,1,1.0,6.0,52.0,9 avenue albert thomas,M,0.0,0,120
201000030444,10,8,7,1750,1,2,1,1.0,6.0,172.0,"sans, BERACASA (ALLEE AL",M,4361078.0,389617,340
200700042763,7,7,25,1815,1,2,1,1.0,6.0,529.0,"122, DE GAULLE (AVE CHAR",,,,330
201000058653,10,10,29,1900,5,2,2,1.0,6.0,385.0,", RUE DES AQUEDUCS",,,,690
201400054591,14,7,23,1700,1,2,5,1.0,3.0,113.0,"82, BOULEVARD MASSENA",,,,750
201100046373,11,6,12,2250,5,2,3,2.0,3.0,40.0,TIMBAUD / MEUDON,M,4882030.0,224985,920
200600002401,6,1,10,1600,1,2,4,1.0,3.0,10.0,R CHATEAU LANDON R FG SA,,,,750
200600023422,6,5,10,2015,1,2,1,1.0,6.0,164.0,9 Rue de la croisette,M,4941200.0,183800,600