Num_Acc,an,mois,jour,hrmn,lum,agg,int,atm,col,com,adr,gps,lat,long,dep
200800053192,8,9,13,1340,1,2,5,1.0,3.0,104.0,BOULEVARD HENRI IV,,,,750
201200026189,12,8,5,1615,1,1,3,1.0,6.0,172.0,"0, VANIERES (AVENUE DE)",M,4359665.0,384511,340
200600078396,6,12,8,1055,1,2,1,2.0,7.0,9.0,80 R DE MAUBEUGE,,,,750
201100016082,11,7,26,1400,1,2,1,1.0,2.0,88.0,"188, MADELEINE (AV. DE L",,,,60
200800057598,8,10,5,1930,3,2,3,1.0,3.0,281.0,CHATILLON ST JEAN (ROUTE,,,,260
200900009582,9,2,14,1910,5,2,1,1.0,1.0,284.0,PEGUY (AVENUE CHARLES),M,4.0,0,450
201000043635,10,4,11,1340,1,1,1,1.0,1.0,644.0,SORTIE R.N 10,M,4876210.0,196477,780
200700056943,7,9,12,1915,1,2,2,1.0,3.0,1.0,D'ARGENTAN (RUE),,,,610
200900042508,9,5,11,1620,1,2,1,1.0,6.0,33.0,VERDUN (BD DE),M,4.0,0,940
200700009516,7,2,17,145,5,2,1,1.0,6.0,34.0,"19, RUE FRANCOIS PEISSEL",,,,690
200500020054,5,4,23,1640,1,2,1,1.0,7.0,162.0,"00, KERGOHEL",,,,560
200900037597,9,9,17,1825,1,2,2,1.0,5.0,18.0,"21, PONTOISE (ROUTE DE)",M,4.0,0,950
200500023224,5,4,18,730,2,1,1,2.0,6.0,52.0,,M,0.0,0,330
200800016887,8,3,1,915,1,1,1,8.0,6.0,78.0,,M,4832000.0,-417500,290
201400010255,14,10,17,1810,1,2,1,1.0,2.0,123.0,MAICON PROMENADE,,,,60
201300046428,13,9,18,1500,1,1,1,1.0,7.0,27.0,AUTOROUTE A86.,M,4892790.0,240993,930
200900039072,9,7,5,900,1,2,1,1.0,6.0,407.0,CHEMIN DEPARTEMENTAL,M,4.0,0,650
200700023477,7,4,11,345,5,2,1,1.0,7.0,540.0,"1, REPUBLIQUE. PLACE DE",,,,760
200800076366,8,8,1,800,1,1,1,7.0,6.0,422.0,,R,0.0,0,974
201600040537,16,9,20,2205,3,2,1,1.0,6.0,32.0,"13, GABRIEL   (AVENUE)",,,,930
201200031882,12,3,20,1130,1,2,1,7.0,6.0,178.0,DELEBECQUE (BOULEVARD),,,,590
201300013838,13,12,20,745,2,2,1,3.0,7.0,55.0,"348, RUE RABELAIS",M,4336204.0,532475,130
200600070588,6,11,17,1740,5,2,1,1.0,1.0,257.0,"PONTOISE (BOULEVARD DE,",,,,950
200900070362,9,10,30,1835,3,1,1,1.0,2.0,363.0,,M,0.0,0,910
201600011537,16,6,28,1445,1,1,1,1.0,4.0,17.0,A10,M,4859485.0,204857,910
201100043172,11,1,9,1330,1,2,1,1.0,3.0,126.0,ORVES (AV ESTIENNE D'),,,,830
200500035014,5,6,16,2015,2,2,1,1.0,3.0,119.0,"0, PUBLIER (BOULEVARD DE",,,,740
200700018892,7,4,22,1800,1,1,1,1.0,6.0,349.0,,M,0.0,0,240
200600052907,6,5,15,1700,1,2,1,1.0,1.0,552.0,"12, IGNAUVAL (D')",,,,760
200700068144,7,11,14,1114,1,2,1,1.0,6.0,55.0,"06, HUSSARDS (TRAVERSE D",,,,130
201400038134,14,4,5,1230,1,2,1,1.0,4.0,21.0,"20, HOCHE (AVENUE)",,,,910
201300018437,13,1,7,1530,1,1,1,8.0,2.0,673.0,,M,4946223.0,125672,760
200600050413,6,8,31,800,1,1,1,1.0,5.0,10.0,AUTOROUTE A3,,,,930
200600021459,6,4,16,1900,2,2,2,1.0,6.0,17.0,AV MAC MAHON R DE TILSIT,,,,750
200500006166,5,1,3,2015,5,2,3,1.0,6.0,18.0,ARC (BOULEVARD JEANNE D',,,,950
200900061451,9,7,4,945,1,2,2,1.0,3.0,95.0,"36, VOLTAIRE (RUE)",M,4.0,0,420
200700082293,7,4,18,722,1,2,1,1.0,2.0,209.0,"45, ROBERT ATTULY (BOULE",,,,972
200700077462,7,12,9,1830,5,1,1,2.0,4.0,555.0,VA007644 EMPALOT A620 So,,,,310
200800060251,8,10,3,1235,1,2,1,1.0,3.0,20.0,"174, PARIS AVENUE DE N°8",,,,920
200900064243,9,11,11,1940,5,1,1,2.0,3.0,256.0,RN346  N/S  25.736 A 29.,,,,690
201400054933,14,9,12,1030,1,2,2,1.0,3.0,114.0,"117, BOULEVARD JOURDAN",,,,750
201100047965,11,7,12,845,1,2,1,1.0,6.0,8.0,AV DE LA DIVISION LECLER,,,,930
201300011856,13,10,7,1030,1,1,1,2.0,7.0,180.0,,M,0.0,0,670
200600041627,6,7,10,1015,1,2,1,1.0,6.0,41.0,"143, MARCEL HARTMANN (R)",,,,940
200800022635,8,4,9,545,3,1,1,1.0,6.0,25.0,A86,,,,920
201100001325,11,6,13,2000,1,1,1,3.0,1.0,578.0,,M,4880310.0,92189,270
201200037392,12,1,29,1355,1,2,6,1.0,3.0,497.0,AV DES CANADIENS,M,4938901.0,105645,760
200600076155,6,12,20,1800,2,2,1,1.0,6.0,555.0,"9, AV DE LYON",,,,310
200500079867,5,12,9,850,1,2,1,1.0,3.0,88.0,"2, COMBATTANTS D'AFN (RU",,,,60
200500040037,5,6,4,1415,1,1,1,1.0,1.0,450.0,,M,4920500.0,410700,510
200600058069,6,9,8,1525,1,1,1,1.0,6.0,296.0,A7   10.992 A 13.970,,,,690
201100012165,11,5,31,2100,3,1,1,1.0,3.0,132.0,,M,4392600.0,498500,840
201300020289,13,10,31,1320,1,2,3,1.0,3.0,31.0,GUEDIN (RUE GENERAL),M,4516738.0,454341,190
200900057077,9,8,26,1105,1,2,1,1.0,6.0,55.0,"151, CHE DE LA COLLINE S",,,,130
201000035040,10,5,3,1825,1,2,1,1.0,2.0,2.0,ROUTE DE PERIERS,M,4911440.0,-112680,500
201600003781,16,12,15,830,1,1,1,1.0,6.0,60.0,,M,4316895.0,160274,90
200900033310,9,6,9,1655,1,2,2,1.0,3.0,463.0,"17, LAVOIR (RUE DU )",,,,570
200700034825,7,6,15,2025,1,2,3,1.0,7.0,299.0,"172990130, DIX NEUF MARS",,,,170
201400055243,14,9,8,700,1,2,1,1.0,3.0,115.0,"39, QUAI DE GRENELLE",,,,750
200500022974,5,4,12,1245,1,2,1,1.0,1.0,228.0,CD3,M,4858400.0,-206100,350
200800024404,8,5,20,820,1,1,1,1.0,3.0,18.0,"34 BIS, VERDUN (AVENUE D",,,,410
200500013122,5,3,19,1545,1,1,1,1.0,3.0,416.0,,M,4907900.0,511600,550
200900040413,9,8,21,1925,2,2,3,1.0,3.0,1.0,AV QUAKENBRUCK X PAPIN,M,4.0,0,610
200500015196,5,3,25,1730,1,2,1,1.0,6.0,238.0,"00, CLEMENCEAU (BD GEORG",,,,350
201200058843,12,7,26,1445,1,2,1,1.0,4.0,119.0,"124, AVENUE DE FLANDRE",,,,750
201500033296,15,8,23,1130,1,2,1,2.0,7.0,26.0,"34, RTE DE MARTIN EGLISE",M,4988654.0,113828,760
200800058181,8,10,13,910,1,2,1,8.0,3.0,185.0,"1, RUE IRVOY",,,,380
201100013268,11,7,31,700,1,2,1,1.0,1.0,168.0,Route nationale,M,0.0,0,202
201500002879,15,2,2,745,3,1,1,8.0,6.0,48.0,,M,4456910.0,62506,470
201300039316,13,7,9,1755,1,2,3,1.0,3.0,26.0,"--------, GAULTIER",,,,920
201300007408,13,5,31,900,1,1,1,3.0,6.0,93.0,,M,0.0,0,900
201600030211,16,12,4,155,5,2,2,1.0,1.0,350.0,VAUBAN BOULEVARD Nø REST,,,,590
200500047274,5,7,4,1650,1,2,1,1.0,3.0,28.0,"40, VERDUN.(AVENUE DE)",,,,940
200700044472,7,7,8,809,1,2,1,2.0,6.0,50.0,"4, LIMOGES (AVENUE DE)",,,,870
200800050065,8,9,18,1800,1,2,1,1.0,6.0,368.0,"10, GUYNEMER RUE",,,,590
200700022237,7,4,18,1015,1,2,2,1.0,3.0,183.0,"0.0000, SAINT MATTHIEU",,,,590
201300043356,13,3,15,1815,1,2,1,1.0,6.0,28.0,"0, CLOS DE VOUGEOT.(RUE",,,,940
201300055642,13,6,22,217,5,2,2,1.0,6.0,120.0,"111, COURS DE VINCENNES",,,,750
200700027433,7,5,8,2345,5,2,1,1.0,6.0,55.0,"2, JEAN BOUIN (AVENUE)",,,,130
201500038778,15,1,8,730,5,2,1,2.0,6.0,50.0,PREMIER MAI RUE DU,,,,920
201200046555,12,6,21,1610,1,2,1,1.0,3.0,28.0,AV DU MARECHAL FOCH,M,4877820.0,243826,940
201000000691,10,7,1,100,4,2,1,1.0,7.0,619.0,23 Rue Eugène Potelet,M,0.0,0,20
201600010213,16,9,14,930,1,1,1,1.0,5.0,67.0,,M,4751930.0,143915,410
201300020515,13,12,13,1410,1,1,1,1.0,7.0,113.0,KER AR FAOUT (CHEMIN DE),M,4875588.0,-348459,220
201100037759,11,8,23,35,5,2,1,1.0,3.0,102.0,5 CHEMIN DE HARGOUS,M,4350450.0,-146336,640
201400022078,14,11,27,1415,1,1,2,1.0,3.0,219.0,La Croix Belle à Pied,M,4783009.0,-197019,350
201000039552,10,11,29,1225,1,2,1,8.0,3.0,122.0,120 AVENUE DE VERDUN,M,4348070.0,-154460,640
201100037411,11,8,17,1300,1,1,1,1.0,2.0,113.0,"1, BLERIOT (ave LOUIS)",,,,630
201100030475,11,10,17,1520,1,2,1,1.0,6.0,185.0,"0, RUE PAUL JANET",,,,380
200500060338,5,9,30,1350,1,2,1,1.0,3.0,16.0,BPI AUTEUIL PASSY,,,,750
201100035875,11,3,27,2205,5,2,2,1.0,3.0,650.0,MENDES FRANCE (BOULEVARD,M,5069548.0,321535,590
200700079374,7,12,7,1800,5,2,2,2.0,3.0,228.0,"., MARECHAL LECLERC (BD)",,,,910
201100009896,11,9,10,1130,1,2,1,1.0,5.0,334.0,RN66,M,4781150.0,709814,680
200800056723,8,10,8,2115,3,1,1,3.0,3.0,178.0,,M,4556200.0,326800,630
200900052212,9,6,30,1030,1,2,1,1.0,6.0,148.0,232 avenue des POILUS,M,4.0,0,340
201400016699,14,9,18,415,3,1,1,1.0,2.0,82.0,,M,4790466.0,736811,680
200900039287,9,1,29,1130,1,1,2,7.0,3.0,436.0,,M,0.0,0,630
201600033041,16,6,2,1858,1,2,2,1.0,3.0,266.0,GREUZE    (Rue),M,4577116.0,489366,690
200600029174,6,5,25,1945,2,2,1,1.0,6.0,47.0,"51, CHEVREUL  (AVENUE)",,,,930
201500000321,15,6,26,1200,1,1,9,1.0,1.0,451.0,,M,5047660.0,227821,620
201200053813,12,9,20,515,5,2,2,1.0,3.0,103.0,RUE DES FRANCS BOURGEOIS,,,,750
201500044171,15,10,25,2157,5,2,2,1.0,1.0,491.0,CH JULES CESAR,M,4899990.0,222610,950
200500074123,5,11,24,1820,5,2,1,4.0,6.0,395.0,"1, OBERLIN (RUE)",,,,540
200600037552,6,6,12,800,1,1,1,1.0,4.0,215.0,A7-Sens Marseille vers L,,,,130
201200044069,12,6,12,1230,1,2,2,2.0,3.0,7.0,AMBROISE CROIZAT (AVENUE,M,4893400.0,247116,930
201000059593,10,6,17,1045,1,2,1,1.0,3.0,389.0,"14, QUAI JAYR",,,,690
200500070825,5,11,10,900,1,1,1,5.0,7.0,139.0,"aradis, lieu dit Valadet",M,4514700.0,63900,240
200800034378,8,6,24,2105,1,2,1,1.0,2.0,63.0,"30, KERAUTRET AVENUE PIE",,,,930
201600035982,16,3,13,737,2,2,1,1.0,6.0,48.0,", NEXON (ROUTE DE)",M,4578180.0,122432,870
201400028880,14,10,8,740,5,2,1,2.0,7.0,173.0,ROND POINT DE LA CAPEL,M,4965760.0,-166777,500
201100049169,11,10,3,30,5,2,2,1.0,3.0,53.0,PARC / COUTURIER,,,,930
201400021204,14,10,7,1745,1,2,1,3.0,7.0,56.0,LAGRANGE  AVENUE LEO,,,,250
200600075515,6,12,1,1630,1,2,1,1.0,1.0,55.0,"02, GUYNEMER (AVENUE)",,,,130
201000002276,10,6,27,200,3,1,1,1.0,7.0,119.0,,M,0.0,0,560
201400026047,14,7,21,1625,1,2,2,1.0,3.0,44.0,F LESSEPS/HECTOR BERLIOZ,M,4680850.0,171490,360
200600083369,6,11,16,1810,2,2,1,1.0,6.0,411.0,BRASSENS (AVENUE GEORGES,,,,974
201400011123,14,5,27,1220,1,2,1,1.0,6.0,88.0,DE GAULLE (PLACE GENERAL,,,,60
201300036939,13,3,27,750,1,1,1,1.0,3.0,157.0,RN 147,,,,860
200800017657,8,4,26,1930,1,1,1,1.0,1.0,481.0,,M,4726400.0,502600,210
201300004524,13,10,23,545,3,1,1,1.0,6.0,148.0,,M,0.0,0,10
201100027664,11,6,23,145,5,2,3,1.0,6.0,63.0,CRS DE VERDUN,,,,330
201200048734,12,4,18,1700,1,1,1,2.0,4.0,112.0,A4,,,,750
200700027706,7,5,29,2050,1,2,1,1.0,7.0,118.0,"60, CHARLEMAGNE (AVENUE)",,,,140
200800009416,8,2,1,1920,3,1,1,1.0,2.0,551.0,CENTRALE (ROUTE),,,,780
200900005694,9,5,16,715,1,2,1,1.0,6.0,115.0,"49, BOULEVARD PASTEUR",,,,750
201300054812,13,11,13,315,5,2,2,1.0,3.0,117.0,"73, RUE NOLLET",,,,750
200600049699,6,8,10,1720,1,2,1,1.0,4.0,137.0,"557, PICOT (AVE DU COLON",,,,830
200600020608,6,4,27,635,2,2,1,1.0,1.0,121.0,"44, PLOEMEUR ( ET IMP DE",,,,560
200800026754,8,5,4,1327,1,1,1,1.0,6.0,124.0,AUTOROUTE A27,,,,590
200900030900,9,8,30,1445,1,2,1,1.0,6.0,318.0,AVE PEY BERLAND,,,,330
201500011794,15,2,1,1530,1,2,1,1.0,1.0,27.0,rue louis vernay,M,0.0,0,690
201000031952,10,12,6,1151,1,2,1,1.0,6.0,261.0,"61, NATIONALE (RUE)",M,4739380.0,68721,370
200500026884,5,5,17,1700,1,1,1,1.0,3.0,527.0,,M,0.0,0,250
201400051717,14,3,31,1850,1,2,1,1.0,6.0,101.0,"29, AVENUE DE L OPERA",,,,750
200900011194,9,2,28,1515,1,2,1,1.0,2.0,543.0,AVENUE DE LA RESISTANCE,M,0.0,0,710
201600000123,16,12,17,45,5,2,1,1.0,6.0,194.0,rue Victorien Cantineau,M,0.0,0,590
200900002375,9,1,28,1950,5,2,9,2.0,3.0,55.0,"59, BONNIN ANDRE (AVENUE",,,,350
201200000563,12,4,24,1230,1,1,1,3.0,6.0,326.0,,M,0.0,0,600
201400003483,14,12,13,545,3,1,1,1.0,6.0,247.0,LA VIALATTE,M,4547090.0,235954,190
201200043381,12,10,3,1000,1,2,1,1.0,2.0,47.0,JARDY,,,,920
200800034651,8,6,21,1525,1,1,1,1.0,2.0,46.0,"15, PROFESSEUR CADIOT (A",,,,940
200800062831,8,11,30,1400,1,1,1,9.0,3.0,782.0,,M,4998000.0,227000,800
200500059321,5,9,1,1804,1,2,1,1.0,3.0,122.0,"2, BEAURIVAGE (AVENUE- P",,,,640
200800025573,8,5,13,1830,1,2,1,1.0,6.0,621.0,PHILIPPE (RUE GERARD),,,,780
200500012388,5,3,18,745,1,1,1,5.0,1.0,145.0,,M,0.0,0,610
201100017259,11,7,28,1715,1,1,1,1.0,1.0,506.0,,M,0.0,0,310
200800035789,8,6,28,810,1,2,1,1.0,7.0,120.0,"100, AVENUE GAMBETTA",,,,750
200600052535,6,9,26,1745,1,2,1,1.0,3.0,66.0,Rue des vignes,M,4699700.0,216800,180
201200057944,12,1,28,1613,1,2,5,1.0,6.0,117.0,"07, AVENUE NIEL",,,,750
200900044089,9,10,17,1145,1,2,1,1.0,3.0,129.0,3 RUE DES MARNIERES,M,4.0,-,640
200600016086,6,3,5,1015,1,2,1,1.0,6.0,338.0,place de l'église,M,4490100.0,464600,70
201600025242,16,7,12,1710,1,2,1,1.0,6.0,238.0,"21, MAIL MITTERRAND",M,4810960.0,-168822,350
200900033460,9,1,27,810,1,2,1,8.0,2.0,40.0,"75, GALLIENI (BOULEVARD)",,,,920
201600013018,16,11,12,1730,2,1,1,1.0,2.0,75.0,,M,4417450.0,595377,40
201300006180,13,9,22,245,5,2,1,8.0,6.0,372.0,107 rue stalingrad,M,4841009.0,685282,880
201400017258,14,9,4,1715,1,2,1,1.0,6.0,154.0,marechal de lattre,M,4786300.0,457300,210
201600039708,16,2,12,2005,5,2,2,8.0,3.0,5.0,STRASBOURG (BOULEVARD DE,,,,930
201400046286,14,3,15,735,1,2,1,1.0,6.0,4.0,RECCO ABBE BOULEVARD,M,4193736.0,873784,201
200700025596,7,5,1,200,3,1,1,8.0,7.0,4.0,,M,4637700.0,-141100,850
201200017287,12,4,3,2120,5,2,1,1.0,6.0,118.0,AUGE (RUE D'),M,4917490.0,-35207,140
201400058207,14,4,11,1830,5,1,1,1.0,1.0,24.0,,A,0.0,0,972
200500087454,5,12,27,1215,1,2,1,3.0,2.0,305.0,Rue des awaras Soula 2,G,0.0,0,973
200600034476,6,6,20,1420,1,2,1,1.0,6.0,599.0,"14, BASSIN (RUE DU)",,,,590
201300049953,13,9,12,1823,1,1,1,1.0,2.0,215.0,A7-Sens Lyon vers Marsei,,,,130
201100051101,11,9,7,1305,1,2,1,1.0,1.0,65.0,AV CHARLES LINDBERGH,,,,940
200800042363,8,7,14,1535,1,2,1,1.0,3.0,115.0,"5, RUE PAUL BARRUEL",,,,750
200600019117,6,4,13,1155,1,2,1,1.0,2.0,88.0,"400, ANGLAIS (DU N° 265",,,,60
201000046998,10,10,27,1335,1,2,1,1.0,4.0,114.0,ROUTE NATIONALE 6,,,,910
200600027177,6,5,20,530,5,2,2,2.0,1.0,194.0,PARIGNY,,,,580
200500025595,5,5,26,300,3,1,1,1.0,1.0,199.0,,M,4605600.0,538400,10
200700063563,7,10,29,1625,1,2,2,1.0,3.0,147.0,", TERRES ROUGES (RUE DES",,,,420
200800071317,8,12,27,2125,5,2,1,1.0,3.0,151.0,"00, ÉCHANGEUR DU RONDEAU",,,,380
201000051825,10,8,7,2110,5,2,1,3.0,6.0,66.0,FRANCE ANATOLE ENTREE A8,,,,930
200500061110,5,9,29,1840,2,2,1,1.0,6.0,36.0,"0, COUTURE D'AUXERRE (RU",,,,920
201200027503,12,1,3,2145,5,2,1,3.0,2.0,261.0,"85, HEURTELOUP (BOULEVAR",,,,370
201600020958,16,5,31,1045,1,1,1,3.0,1.0,37.0,SAINT-CHRISTOPHE,M,4481980.0,50437,240
200600049831,6,8,8,2050,2,2,2,1.0,3.0,209.0,"1, LOUVROIE (RUE DE LA)",,,,880
201000041553,10,9,30,1545,1,2,2,1.0,3.0,256.0,"., CHARLES DE GAULLE",M,4578220.0,494272,690
201500023397,15,5,11,1700,1,2,2,1.0,3.0,281.0,AVE DU BEDAT,M,4485080.0,-64627,330
201600034742,16,1,20,1830,5,2,1,1.0,6.0,686.0,"126, GENERAL LECLERC (AV",M,4880472.0,217974,780
200600014467,6,3,1,1953,5,2,1,1.0,2.0,12.0,PONT DE SEVRES (SQUARE D,,,,920
201400016562,14,7,2,535,2,2,4,1.0,3.0,117.0,CHEMIN DEPARTEMENTAL CD,M,4350006.0,522694,130
201600051214,16,2,28,140,5,2,2,1.0,7.0,102.0,"77, BOULEVARD DE SEBASTO",M,4886440.0,235150,750
201400035838,14,6,15,625,1,2,1,1.0,6.0,401.0,"11, CD 28",,,,780
201300018719,13,11,24,1545,1,1,2,8.0,3.0,659.0,,M,0.0,0,800
200500014783,5,3,1,1649,1,2,1,1.0,6.0,58.0,"sans n°, ILE ADAM RUE DE",,,,260
201300044539,13,2,9,2000,5,2,1,1.0,6.0,81.0,"210, JULIAN GRIMAU (R)",,,,940
201400030008,14,4,25,1114,1,2,1,1.0,6.0,591.0,"3, MONDON (RUE)",M,4925454.0,609570,570
200700045249,7,7,6,1815,1,1,1,8.0,4.0,53.0,AUTOROUTE A86,,,,930
201200037717,12,7,21,107,3,1,1,1.0,7.0,433.0,D 402,,,,770
201500033447,15,7,21,900,1,1,1,2.0,6.0,351.0,RD 6015,M,4950267.0,19276,760
201500003596,15,11,21,2000,3,1,1,2.0,6.0,408.0,,M,0.0,0,310
200700025602,7,5,25,1130,1,2,1,1.0,3.0,492.0,face au 59 avenue du Gén,M,0.0,0,330
200800053206,8,9,14,1130,1,2,2,1.0,6.0,106.0,RUE DE L ANCIENNE COMEDI,,,,750
201400055574,14,5,27,1600,1,2,7,1.0,2.0,116.0,AVENUE DU PRESIDENT WILS,,,,750
200700036820,7,6,26,1025,1,2,1,2.0,2.0,284.0,"10, HUGO (QUAI VICTOR)",,,,770
200700043408,7,7,10,1815,1,2,3,1.0,3.0,121.0,"., GUESDE (RUE  JULES )",,,,560
201000034873,10,6,3,815,1,2,2,1.0,4.0,602.0,BD DE L' EST/R. DU BOIS,M,4963510.0,-160130,500
201100051730,11,7,28,2115,1,2,1,2.0,7.0,78.0,AV DE LA REPUBLIQUE,M,4872940.0,244982,940
201500038057,15,7,6,1855,1,1,1,1.0,3.0,25.0,PAUL BERT (RUE),,,,920
201200033400,12,9,16,1605,1,2,1,1.0,6.0,41.0,"85, RIBAUT (ALEXANDRE)",M,5027457.0,278555,620
201600019705,16,9,11,700,1,2,1,1.0,7.0,260.0,CD 315,M,0.0,0,690
201600053141,16,7,22,1050,1,2,1,1.0,6.0,111.0,"7 BIS, PASSAGE PIVER",M,4887040.0,237457,750
201400039069,14,9,20,2300,5,2,1,1.0,6.0,4.0,"04, ARGENTEUIL AV D'",,,,920
200600004995,6,1,10,1900,3,1,8,5.0,6.0,123.0,,M,4492700.0,182100,460
201100062584,11,6,23,2000,2,2,2,1.0,3.0,117.0,"13, AVENUE DE LA PORTE D",,,,750
201100065488,11,12,24,630,1,1,1,1.0,7.0,49.0,,R,0.0,0,974
200500042871,5,7,1,1615,1,1,1,1.0,7.0,12.0,,M,,,360
201000045801,10,4,24,1845,1,2,3,1.0,3.0,191.0,Bd du préfet Merlet,M,4667673.0,-144198,850
200800010927,8,2,6,1445,1,2,3,1.0,3.0,113.0,"103, RUE DE TOLBIAC",,,,750
201100010843,11,6,10,945,1,1,1,2.0,7.0,246.0,,M,0.0,0,890
200700038463,7,6,5,1540,1,2,3,1.0,3.0,389.0,"0, RUE MARIETTON",,,,690
201000015635,10,3,23,832,1,2,1,1.0,3.0,30.0,"15bis, COLOMBIER (CHEMIN",,,,60
201300043526,13,4,21,2150,5,2,2,1.0,3.0,33.0,DAME BLANCHE (AV DE LA),,,,940
201400034628,14,3,15,1445,1,2,1,1.0,7.0,305.0,14 RUE DES VOIRONS,,,,740
200700020107,7,4,8,1745,1,1,1,1.0,7.0,203.0,,M,4522900.0,-109400,330
200700033411,7,6,27,1830,1,1,1,1.0,1.0,46.0,,M,0.0,0,60
201300003680,13,12,21,230,3,1,1,1.0,1.0,536.0,,M,0.0,0,310
201000009692,10,2,10,330,3,1,3,4.0,7.0,124.0,,M,4807570.0,605258,880
200500055437,5,9,11,1615,1,2,1,2.0,5.0,389.0,LE BOURG,M,0.0,0,710
201600000894,16,1,16,115,3,1,1,4.0,7.0,83.0,,M,4845463.0,-139700,350
201300029627,13,4,2,700,1,2,1,1.0,6.0,194.0,"SANS, RESISTANCE (SQUARE",,,,580
201000018510,10,5,21,1145,1,2,1,1.0,3.0,934.0,Le petit port,M,0.0,0,201
200900016857,9,4,3,630,5,2,9,1.0,3.0,122.0,"29, MARTYRS (RUE DES)",,,,370
200600079963,6,12,22,1830,3,1,1,1.0,2.0,471.0,RN 118,,,,910
201100051485,11,10,5,1140,1,2,1,1.0,7.0,52.0,R FRANCOIS ROLLAND,,,,940
200900027925,9,7,14,315,5,2,1,1.0,3.0,547.0,rue de la liberation,M,4.0,0,380
201100018782,11,10,5,1510,1,2,9,1.0,6.0,5.0,"24, SALENGRO (AVENUE ROG",,,,130
201100058623,11,6,10,750,1,2,7,1.0,3.0,106.0,"1, PLACE PAUL CLAUDEL",,,,750
200600019039,6,4,26,930,1,2,1,1.0,3.0,29.0,"00, MARCEAU (RUE)",,,,60
201300033656,13,11,27,1130,1,2,3,1.0,3.0,152.0,"93, EUROPE (DE L')",,,,690
201600001106,16,5,7,1600,1,1,1,1.0,3.0,268.0,Guern er Méal ,M,4846840.0,-432418,290
200600074031,6,12,13,1015,1,1,1,8.0,1.0,231.0,,M,4612000.0,397400,420
200500009688,5,2,1,1220,1,2,2,1.0,6.0,44.0,"17, ANA. FRANCE(RUE)1A75",,,,920
201500016119,15,6,11,920,1,1,1,1.0,6.0,117.0,ROUTE DEPARTEMENTALE 20,,,,130
200700071548,7,11,7,625,3,1,1,1.0,2.0,277.0,RD 170,,,,950
200700022409,7,4,19,1000,1,2,1,1.0,3.0,413.0,"36, BARBUSSE (AV.)",,,,620
201500005288,15,3,12,800,1,1,1,1.0,6.0,40.0,ROUTE DE LOEX,M,0.0,0,740
201000058216,10,6,25,1925,1,2,2,1.0,3.0,386.0,"00, RUE MASSENA",,,,690
201100007861,11,4,15,1500,1,2,1,1.0,6.0,20.0,56 ROUTE DU CANAL,M,4562733.0,421283,420
201200049826,12,12,2,700,3,1,1,1.0,3.0,277.0,A 104,M,4897280.0,248720,950
200700053484,7,9,10,1645,1,1,1,1.0,2.0,43.0,,M,0.0,0,380
201100007399,11,11,14,1800,3,1,1,1.0,3.0,347.0,26347,M,0.0,0,260
200500057076,5,9,19,1200,1,2,1,1.0,6.0,88.0,"2, GARNIER (BD JOSEPH)",,,,60
200900037833,9,9,6,215,3,2,1,1.0,6.0,7.0,SAINTE CATHERINE,,,,840
200600077430,6,12,12,1825,5,2,1,1.0,7.0,122.0,"43, PRINGLE (RUE)",,,,640
201000058676,10,4,18,1850,1,1,1,1.0,5.0,447.0,"PV,SENS PARIS-STRASBOURG",,,,670
201100061338,11,9,10,1700,1,2,1,1.0,2.0,114.0,"91, RUE VERCINGETORIX",,,,750
201000053150,10,10,1,1150,1,2,2,1.0,3.0,76.0,STALINGRAD/FONTAINEBLEAU,,,,940
200600034213,6,6,30,1032,1,2,2,1.0,6.0,395.0,QUATRE EGLISES (RUE DES,,,,540
201000034455,10,9,18,1240,1,2,1,1.0,7.0,7.0,"0, CARNOT",M,4747430.0,-54636,490
200600080722,6,2,25,1350,1,2,1,1.0,6.0,209.0,RD 41 (ROCADE),,,,972
201000010727,10,8,21,1520,1,1,1,1.0,7.0,391.0,ROUTE DIJON PR NON CONNU,M,4743260.0,509675,210
201600028117,16,10,16,955,1,2,3,1.0,1.0,147.0,RUE SAINT MALO,M,4905080.0,-145070,500
201200028496,12,6,15,715,1,2,3,1.0,3.0,275.0,"ignor?, RAIMOND (AVENUE",M,4547936.0,436377,420
201600056793,16,3,21,2350,5,2,1,1.0,3.0,112.0,RUE DE BERCY,M,4884290.0,237502,750
201300008143,13,9,26,1130,1,2,1,1.0,6.0,89.0,rue hoche,M,0.0,0,840
201600047181,16,11,21,803,1,1,1,1.0,2.0,402.0,A13,,,,780
200600073001,6,11,5,515,5,2,1,1.0,6.0,189.0,CD637,M,0.0,0,350
200600064987,6,10,25,2000,2,2,1,1.0,6.0,33.0,"176, VERDUN (BD DE)",,,,940
200500006517,5,1,22,945,1,2,2,3.0,3.0,123.0,CONDE (DE),,,,690
200800009374,8,2,17,1910,5,1,1,1.0,6.0,311.0,"78, JEAN JAURES (BOULEVA",,,,780