Num_Acc,an,mois,jour,hrmn,lum,agg,int,atm,col,com,adr,gps,lat,long,dep
200800041987,8,7,26,2055,1,1,1,1.0,3.0,117.0,A7-Sens Marseille vers L,,,,130
201300022138,13,8,7,530,3,1,1,1.0,6.0,232.0,"., CNO",M,4801637.0,-411461,290
200700080603,7,12,3,930,5,2,1,1.0,3.0,101.0,SOUTERRAIN PONT NEUF,,,,750
201100044817,11,7,11,1155,1,2,1,1.0,3.0,201.0,RIS (RUE DE),,,,910
200500020415,5,4,1,1925,1,2,1,1.0,3.0,445.0,JEAN MERMOZ,,,,640
201500014077,15,5,6,1245,1,2,1,1.0,3.0,55.0,"74, LOUIS REGIS (RUE)",M,4328855.0,550105,130
201400042550,14,7,3,620,1,2,2,1.0,3.0,46.0,MARECHAL LECLERC AVENUE,,,,930
200500015953,5,3,16,1550,1,2,1,1.0,6.0,113.0,"20, DESAIX (BD)",,,,630
200900017232,9,6,13,1055,1,1,1,1.0,1.0,545.0,CHEMIN LARREPITTITTA,,,,640
201100001521,11,8,22,1930,1,1,1,2.0,3.0,171.0,,M,4827900.0,-203399,350
201000000761,10,7,16,1530,1,1,1,1.0,1.0,372.0,,M,0.0,0,20
200800034117,8,6,19,1015,1,2,1,1.0,1.0,12.0,"1, LE JOUR SE LEVE (AVEN",,,,920
200700077317,7,12,11,1610,1,2,1,1.0,5.0,19.0,"., MONTAIGNE (DE 39 A 11",,,,290
201100018309,11,7,13,2105,1,2,1,1.0,6.0,262.0,DROITE (RUE),,,,110
201500013162,15,7,10,820,1,1,1,1.0,2.0,4.0,RTE DES SAINTES MARIES,,,,130
201200028741,12,1,18,800,5,2,1,1.0,6.0,162.0,RUE EDITH PIAF,,,,440
201400013086,14,5,28,150,3,2,1,1.0,7.0,69.0,IENA -ALLEE D- N IMPAI,M,4321324.0,234506,110
201600059216,16,8,6,1000,1,1,1,1.0,5.0,416.0,RN2 (2),R,,,974
200900043808,9,6,12,1855,1,2,1,1.0,6.0,215.0,"04bis, ROSSINI (RUE)",,,,910
201400041737,14,3,4,715,1,2,1,1.0,2.0,8.0,"173, VAILLANT COUTURIER",,,,930
201200057675,12,7,29,1340,1,2,7,1.0,6.0,116.0,PLACE D IENA,,,,750
201100057865,11,6,3,1915,1,2,2,1.0,6.0,101.0,"53, BOULEVARD DE SEBASTO",,,,750
201200025600,12,11,9,815,2,2,1,1.0,6.0,281.0,"262, AVE D'ARES",,,,330
201200017680,12,1,2,1330,1,1,1,2.0,7.0,504.0,LIEU DIT LE BOURG,M,4907670.0,107141,270
201100055180,11,9,9,1456,1,1,1,1.0,6.0,136.0,AUTOROUTE A10,,,,910
201400001659,14,3,16,2030,3,1,1,1.0,7.0,443.0,LE BOIS LUCIEN,M,4872784.0,-62590,610
201600001306,16,11,19,1415,1,1,1,1.0,6.0,20.0,,M,4778457.0,-245628,560
200900074608,9,12,3,1830,3,1,1,2.0,1.0,28.0,,A,0.0,0,972
201100061989,11,4,27,1355,1,2,1,1.0,3.0,116.0,"19bis, BOULEVARD DELESSE",,,,750
201200014007,12,4,26,1635,1,2,1,1.0,7.0,5.0,BARTHELEMY (RUE DU DR),,,,130
201100007266,11,1,12,1145,1,1,1,1.0,2.0,3.0,26003,M,4449400.0,494500,260
201400023573,14,11,4,1445,1,2,1,1.0,3.0,555.0,"56, AV DES ETATS UNIS",,,,310
200700011607,7,2,20,1410,1,2,1,1.0,4.0,386.0,"27, COURS VITTON",,,,690
200600063718,6,10,23,1330,1,2,2,1.0,3.0,10.0,R DE BELZUNCE BD DE MAGE,,,,750
201000017913,10,4,21,1400,1,1,1,1.0,2.0,189.0,,M,4380413.0,432581,300
201300052002,13,5,6,725,1,2,2,1.0,6.0,110.0,"148, RUE LA FAYETTE",,,,750
200800037196,8,7,11,1500,1,2,1,1.0,1.0,253.0,Int r Hardt -r Hombourg,M,4778000.0,750000,680
200600004174,6,1,27,902,1,2,2,2.0,3.0,33.0,"SANS, SAMPIERO CORSO - A",,,,202
201100024986,11,7,30,1730,1,2,1,1.0,3.0,383.0,ROUTE DU PARIS,M,4537900.0,564111,380
200600053730,6,9,12,1300,1,1,1,1.0,3.0,341.0,ECHANGEUR N° 12 ( IFS ),,,,140
200800048906,8,9,24,1230,1,1,1,2.0,7.0,174.0,,M,0.0,0,560
201400058129,14,11,14,1740,5,2,1,1.0,4.0,116.0,ECHANGEUR MUETTE,,,,750
200900066888,9,10,8,1755,1,2,1,1.0,2.0,194.0,"SANS, PIERRE DE COUBERTI",,,,580
201000041899,10,7,18,1230,1,2,2,7.0,3.0,290.0,"0, RUE JULES FERRY",,,,690
200500083829,5,12,18,1910,5,2,1,2.0,3.0,28.0,"0, POMPADOUR(ROUTE DE LA",,,,940
200900005013,9,3,28,1015,1,1,1,1.0,2.0,99.0,"1, MAUDET(AVENUE)",,,,490
200700074394,7,11,19,1630,1,1,3,1.0,3.0,69.0,,M,4841800.0,-454000,290
201000032919,10,4,17,1352,1,2,1,1.0,3.0,218.0,"130, MONTAT (DE LA) A PA",M,4544382.0,441629,420
200900066444,9,8,17,2030,1,1,2,1.0,2.0,168.0,RN 10/R DE LA MAIRIE,M,4.0,0,780
200800017263,8,4,28,930,1,2,1,1.0,3.0,202.0,AVENUE COURNONTERRAL,M,4358600.0,376400,340
201000031279,10,7,10,1637,1,2,3,1.0,3.0,288.0,"0, LE GOBIEN (RUE)",,,,350
201300017670,13,5,5,1845,1,2,1,1.0,3.0,220.0,"09, JOHN FITZGERALD KENN",M,4936080.0,8624,140
201300019803,13,6,9,1115,1,2,7,1.0,3.0,1.0,Place saint georges,M,0.0,0,870
201200031922,12,12,13,2315,5,2,1,1.0,1.0,239.0,ALLIES (BOULEVARD DES),,,,590
201000013601,10,7,20,2200,3,1,1,1.0,7.0,145.0,,M,0.0,0,660
201000006219,10,8,22,1745,1,1,1,1.0,3.0,111.0,,M,0.0,0,90
201100025780,11,6,20,945,1,2,1,2.0,6.0,232.0,"., POULGUINAN PONT DE",M,4798393.0,-411667,290
200500027705,5,5,14,340,5,2,1,1.0,7.0,55.0,", NATIONAL (BD)",,,,130
200600006685,6,2,14,2015,3,2,1,2.0,7.0,165.0,eu dit la petit Marigny,M,0.0,0,740
201300002954,13,2,20,1545,1,1,1,1.0,1.0,495.0,,M,4336570.0,-159290,640
201300028079,13,9,3,1655,1,2,6,1.0,3.0,328.0,AMIOT (RUE JULES),M,4726120.0,-9868,490
201300012676,13,11,27,1945,3,1,1,1.0,3.0,333.0,,M,0.0,0,340
201100052205,11,12,21,1620,1,2,1,8.0,3.0,63.0,AV GABRIEL PERI,M,4892740.0,221560,950
201400035669,14,6,20,1620,1,2,1,1.0,6.0,294.0,"11, ENTREPRENEURS (AVENU",,,,770
200600039854,6,7,18,1400,1,2,3,1.0,2.0,266.0,"1, CRS TOLSTOI",,,,690
201400032533,14,4,15,1920,1,2,1,1.0,3.0,445.0,85 RUE CASTETNAU,,,,640
200600052234,6,9,1,1715,1,1,1,1.0,1.0,92.0,Route départementale 21,M,0.0,0,60
200800073531,8,12,8,1045,1,2,2,1.0,6.0,113.0,"111, BOULEVARD MASSENA",,,,750
200500038578,5,6,18,515,2,1,1,1.0,7.0,161.0,,M,0.0,0,820
200700055822,7,9,27,1745,1,1,1,1.0,6.0,555.0,VA007553 A61,,,,310
201600011925,16,6,12,1845,1,1,1,1.0,2.0,565.0,,M,0.0,0,380
201500049443,15,1,22,2135,5,2,2,2.0,3.0,388.0,COURS ALBERT THOMAS,M,4574020.0,487747,690
201500038402,15,11,25,1940,5,2,2,2.0,3.0,40.0,"XX, ERNEST RENAN",,,,920
201600008611,16,12,14,730,2,1,1,8.0,6.0,14.0,,M,0.0,0,840
200900010520,9,2,5,1950,5,2,1,1.0,6.0,463.0,"3, ROBERT SCHUMAN (AVENU",,,,570
201600033270,16,6,1,1100,1,1,1,1.0,5.0,189.0,,M,4171881.0,883667,201
201500015380,15,10,23,1750,1,2,1,1.0,1.0,55.0,"112, TELLENE (BOULEVARD)",M,4328476.0,536886,130
200500049019,5,8,17,1915,1,2,1,1.0,3.0,258.0,Avenue des loisirs,M,4608700.0,672400,740
200800045382,8,8,13,1200,1,2,1,1.0,7.0,32.0,"NR, HERRIOT EDOUARD (BD)",,,,340
201000023306,10,5,9,1300,1,1,1,1.0,2.0,380.0,,M,0.0,0,720
200800029467,8,6,9,30,3,1,1,1.0,7.0,336.0,,M,0.0,0,800
200700074872,7,12,14,830,1,1,1,1.0,7.0,1.0,,M,4756500.0,-155900,440
200700080960,7,12,8,1900,5,2,1,2.0,6.0,115.0,"154, AVENUE EMILE ZOLA",,,,750
200500078296,5,12,26,715,3,1,1,5.0,7.0,113.0,,M,4511900.0,-15900,170
201400035650,14,8,30,1420,1,2,3,1.0,3.0,373.0,CD 51,,,,770
201400043632,14,7,20,1610,1,2,1,1.0,3.0,78.0,SAUSSET (AVENUE DU),,,,930
201300001289,13,4,8,715,2,1,1,5.0,2.0,14.0,,M,0.0,0,560
201600018869,16,2,21,1745,1,1,1,1.0,3.0,118.0,,M,0.0,0,820
200600026197,6,5,3,1115,1,2,2,1.0,6.0,19.0,"., PORTE (DE 1 A 75 ET 2",,,,290
200500023183,5,4,9,630,2,2,1,1.0,6.0,65.0,270 rue Delatre,M,0.0,0,850
201300037284,13,8,24,1022,1,1,1,1.0,2.0,85.0,AUTOROUTE A20,,,,870
201200001978,12,11,24,15,3,1,1,1.0,6.0,113.0,,M,4756200.0,-163600,440
201000028165,10,5,14,1510,1,2,1,1.0,2.0,555.0,"64, IMP DE LA GLACIERE",,,,310
201300028231,13,10,10,945,1,2,1,1.0,7.0,129.0,RUE GAMBETTA,M,4964680.0,-164392,500
200900063232,9,11,12,1200,1,2,1,1.0,6.0,48.0,"04, PIERRE WACQUANT (RUE",,,,920
200800015744,8,3,18,1115,1,1,1,1.0,1.0,34.0,,M,4869900.0,-335500,220
201200061276,12,1,15,2106,5,2,1,1.0,6.0,9.0,"RD 41, RD 41",,,,972
201000024776,10,8,9,2220,5,1,1,1.0,6.0,33.0,RN 151,,,,180
200500006605,5,1,26,340,5,2,1,1.0,6.0,387.0,DEBOURG,,,,690
200600061854,6,10,5,745,1,2,1,1.0,6.0,187.0,"40, PRESSENSE (RUE FRANC",,,,420
200800071020,8,12,20,1350,1,2,6,1.0,2.0,189.0,ALLENDE SALVADOR (RUE),,,,300
200900007564,9,1,8,1730,2,1,1,1.0,7.0,83.0,,M,4.0,0,320
200500071094,5,11,25,1900,3,1,1,8.0,3.0,69.0,,M,4406600.0,196100,810
200800022889,8,3,16,1741,1,1,1,8.0,4.0,214.0,212 (CHEMIN DEPARTEMENTA,,,,770
200700024623,7,4,27,1210,1,2,1,1.0,6.0,81.0,"20, ABBE ROGER DERRY (AV",,,,940
201500023282,15,3,28,945,1,2,6,2.0,1.0,318.0,VLA VENANT RUE ARCHIMEDE,M,4478580.0,-64369,330
201400005968,14,3,16,2045,3,1,1,1.0,6.0,345.0,,M,4859560.0,625159,540
201200003038,12,8,28,1915,1,1,4,1.0,2.0,69.0,,M,4422230.0,56853,470
201200006724,12,5,21,1045,1,1,6,1.0,3.0,443.0,,M,0.0,0,670
200500040679,5,7,23,30,3,1,1,1.0,6.0,672.0,,M,0.0,0,600
201300000690,13,3,5,1915,2,1,3,1.0,5.0,456.0,,M,4964925.0,85088,760
201400015613,14,10,5,1650,1,2,1,1.0,6.0,75.0,"117, LIBERATION (AVE DE",M,4330087.0,539060,130
201600035869,16,11,4,1730,2,2,1,1.0,6.0,194.0,"30, ANATOLE FRANCE (BOUL",M,4657716.0,34741,860
200600043756,6,7,19,930,1,1,1,1.0,3.0,64.0,,M,4839500.0,453300,100
201400034144,14,5,24,1540,1,1,2,1.0,3.0,13.0,LONGSARD (ROUTE DE),,,,690
201600021407,16,12,26,1715,3,1,1,1.0,6.0,56.0,,M,0.0,0,840
200500032247,5,6,14,1900,1,2,1,1.0,6.0,4.0,VAUTRIN BD DU GENERAL,,,,60
200800025501,8,5,6,855,1,1,2,1.0,3.0,172.0,PORT DE PLAISANCE ( ROUT,,,,780
201000059530,10,12,5,540,3,1,1,4.0,6.0,81.0,A6   449.510 A 451.640,,,,690
201400003333,14,5,7,1715,1,1,1,1.0,5.0,288.0,,M,4594457.0,-46902,170
201300023346,13,1,18,1530,1,2,2,2.0,3.0,9.0,"1, LIBERATION (AVE)",,,,330
200900034013,9,4,28,2020,1,2,3,1.0,1.0,691.0,PINSONS,,,,910
200500059137,5,9,23,1315,1,2,3,1.0,6.0,599.0,"., BLANCHE PORTE (RUE DE",,,,590
200500006208,5,1,13,1900,5,2,1,1.0,6.0,219.0,SAINT FLAIVE (RUE),,,,950
201400029930,14,1,29,1650,1,2,1,1.0,6.0,260.0,RENAUDOT(THEOPHRASTE),M,4766184.0,-278874,560
201000052745,10,12,15,1815,5,1,2,1.0,3.0,54.0,BAS MARIN/R DU MAILLARD,,,,940
201300055960,13,5,18,1545,1,2,1,1.0,6.0,118.0,"25, RUE CHAMPIONNET",,,,750
201600004272,16,9,28,1730,1,1,1,1.0,6.0,66.0,,M,0.0,0,820
200800064749,8,11,19,1220,1,2,2,1.0,6.0,448.0,"51, REPUBLIQUE (AVE DE L",,,,520
201200061677,12,12,12,1730,2,1,1,2.0,3.0,2.0,"2669, TIGRE (ROUTE DU)",,,,973
200800039537,8,7,15,911,1,1,1,1.0,2.0,170.0,LES FRANCHISES (LIEU DIT,,,,420
201200048622,12,1,17,830,1,1,1,1.0,5.0,28.0,A86 EXT,M,4877610.0,242962,940
201600040297,16,10,22,1955,5,2,1,1.0,6.0,13.0,DRAMARD (RUE CAMILLE),,,,930
201400035530,14,3,3,510,5,1,1,2.0,6.0,53.0,BUTTE AUX BERGERS (RUE D,,,,770
200600018911,6,4,10,1015,1,1,1,1.0,6.0,83.0,,M,0.0,0,350
201600049053,16,3,4,525,5,2,1,1.0,6.0,386.0,"18, GENERAL SARRAIL (DU)",,,,690
201600030757,16,7,30,2340,5,2,2,1.0,3.0,414.0,DUCLOS (RUE JACQUES),M,4925861.0,243138,600
201600000892,16,6,27,915,1,1,1,2.0,5.0,282.0,,M,4827779.0,-135503,350
201100020259,11,3,30,2040,5,2,3,1.0,3.0,2.0,"615, SALVATORE ALLENDE (",,,,130
200700074438,7,11,14,2130,3,2,1,1.0,7.0,152.0,route de cannes,M,4364000.0,700300,60
201100046341,11,12,20,2240,5,2,2,1.0,3.0,36.0,"0, BOULEVARD INTERCOMMUN",,,,920
200500011491,5,2,8,800,2,1,1,1.0,2.0,136.0,,M,0.0,0,700
201100025633,11,3,15,1800,1,1,1,1.0,1.0,254.0,GRAND LAUNAY (RUE DU),M,4857076.0,-385640,290
200700030771,7,5,22,1810,1,2,1,1.0,3.0,24.0,"10, GENERAL LECLERC (BD",,,,920
201300039899,13,6,4,920,1,2,1,1.0,4.0,50.0,"46, BOUVETS BOULEVARD DE",,,,920
201400013524,14,4,20,25,3,1,4,1.0,3.0,4.0,V.C.N34 DE NADAL,,,,130
200600064925,6,10,19,600,5,2,1,2.0,3.0,17.0,"230, STALINGRAD (BD DE)",,,,940
200500048494,5,8,20,1415,1,1,1,1.0,1.0,227.0,-dis Bernonchon   .CD 43,M,0.0,0,400
200700023795,7,4,29,1755,1,2,1,1.0,3.0,7.0,PIERRE SEMARD (avenue),,,,840
200600002715,6,1,27,220,5,2,2,1.0,2.0,5.0,R FEUILLANTINES R SAINT,,,,750
201600046243,16,10,10,840,1,1,1,1.0,3.0,5.0,AUTOROUTE A3,M,4896024.0,247332,930
200800004073,8,1,22,1143,1,2,1,2.0,6.0,114.0,"25, JACQUES FAUQUET (RUE",,,,760
200900008305,9,3,5,1515,1,2,6,2.0,3.0,160.0,"0, VOIVRE (RUE DE LA)",M,4.0,0,880
201500029281,15,8,10,930,1,2,3,1.0,5.0,463.0,"55, THIONVILLE (ROUTE DE",M,4913515.0,616963,570
201500050393,15,11,11,1015,1,1,1,1.0,2.0,55.0,A50-Sens Marseille*vers,,,,130
200700019911,7,4,7,1945,1,2,1,1.0,6.0,12.0,107 rue Emile Jamais,M,4389600.0,468800,300
200900066530,9,12,15,1025,1,2,1,1.0,6.0,646.0,PARIS (AVENUE DE),,,,780
201400002328,14,7,15,1730,1,1,1,1.0,3.0,113.0,RUE KER DOUCET,M,4671363.0,-235458,850
201100027235,11,1,25,1440,1,2,2,1.0,6.0,550.0,RUE MARX DORMOY,,,,330
200600029894,6,5,16,530,3,1,1,1.0,7.0,23.0,A50,,,,130
200800023018,8,3,17,1620,1,2,1,1.0,6.0,7.0,"25, ARISTIDE BRIAND (AVE",,,,930
200900003128,9,4,27,1150,1,2,3,1.0,3.0,101.0,RUE DE RIVOLI,,,,750
200900028794,9,7,1,1815,1,1,1,1.0,7.0,464.0,,M,4.0,0,610
200500067217,5,10,27,2225,5,2,2,1.0,3.0,250.0,"sans, LEPOIVRE (BD. ANDR",,,,620
201200047669,12,12,10,730,5,2,1,8.0,6.0,74.0,"01, JULIEN DURANTON (ave",,,,940
201200029718,12,9,25,1244,1,2,1,1.0,7.0,7.0,Rue du GRAND LAUNAY,M,4746649.0,-59429,490
200700070146,7,11,24,1400,1,2,1,1.0,6.0,105.0,DAVAYE (ROUTE DE),,,,710
200700022362,7,4,23,2050,3,2,2,1.0,3.0,57.0,AMIENS (RUE D') AVANT 77,,,,600
200500025132,5,5,4,830,1,1,1,1.0,1.0,299.0,,M,0.0,0,720
201500002257,15,11,15,1700,1,1,1,1.0,1.0,51.0,,M,4668600.0,-106600,850
200600005182,6,1,30,2000,5,2,1,1.0,6.0,276.0,Parking du chateau,M,0.0,0,740
200700027210,7,5,3,1030,1,2,1,1.0,3.0,88.0,"0, CESSOLE (BD DE) (A PA",,,,60
200500004682,5,1,7,1735,5,2,1,1.0,6.0,15.0,96 R DE LA CONVENTION,,,,750
200700002825,7,1,15,1715,2,2,3,1.0,6.0,172.0,MOULARES (CHEMIN DE,M,4360058.0,389480,340
201300013011,13,7,14,525,3,1,1,1.0,7.0,69.0,ROCADE OUEST,,,,110
200800072790,8,12,3,2105,5,2,3,2.0,3.0,24.0,"68, VILLENEUVE (RUE) DE",,,,920
200800013167,8,3,21,220,3,1,1,1.0,6.0,545.0,CIBOURE A OLHETTE (ROUTE,,,,640
200800039887,8,7,27,1610,1,1,9,1.0,6.0,302.0,"., CD13",,,,590
201300035039,13,5,8,1650,1,2,2,1.0,3.0,243.0,METZ  (RUE DE  ),M,4887400.0,271348,770
201000040570,10,3,16,1610,1,2,1,1.0,6.0,218.0,"SPV, ROUTE DE STRASBOURG",,,,670
200700084493,7,12,15,15,3,2,1,2.0,6.0,414.0,Rue Pigas LE OUAKI,R,0.0,0,974
201600050591,16,4,4,730,1,1,1,1.0,2.0,71.0,A7-Sens Marseille vers*L,,,,130
200800068858,8,12,7,2145,3,1,1,1.0,1.0,217.0,,M,0.0,0,850
200700000251,7,1,12,1830,5,2,1,1.0,1.0,431.0,Avenue Jean Jaurès,M,4907700.0,-7600,140
201500044494,15,2,1,2340,3,1,1,1.0,2.0,53.0,N104,,,,770
201600036337,16,9,18,1310,1,2,1,1.0,7.0,387.0,"0, GENERAL LECLERC (RUE",M,4820102.0,328226,890
201000061923,10,9,21,148,5,2,1,1.0,6.0,109.0,"76, RUE LA FAYETTE",,,,750
201200040715,12,5,5,1605,1,2,1,1.0,2.0,97.0,JEAN MOULIN (AVENUE),,,,910
201200028731,12,1,10,916,1,2,1,1.0,6.0,162.0,Nouveau Monde (place),,,,440
200700058974,7,9,28,130,5,2,2,2.0,6.0,386.0,COURS VITTON,,,,690
200500023950,5,4,19,1015,1,2,2,1.0,3.0,336.0,Route de CHALON,M,0.0,0,710
200900022902,9,3,12,1005,1,2,9,1.0,6.0,29.0,"00, OXFORD (BOULEVARD D'",,,,60
201200053688,12,8,29,1255,1,2,5,1.0,6.0,102.0,"8, RUE ETIENNE MARCEL",,,,750
200900009448,9,6,29,1600,1,2,2,1.0,2.0,116.0,"68, AVENUE KLEBER",,,,750
201400010491,14,12,15,930,1,2,1,1.0,6.0,30.0,"00, DUNKERQUE (RUE DE)",,,,60
200700040954,7,7,29,300,5,2,1,1.0,6.0,47.0,Chemin des Goys Fournier,M,4314900.0,606900,830
200500026815,5,5,15,1800,1,1,1,8.0,7.0,364.0,,M,0.0,0,310
200900031166,9,5,6,1020,1,2,2,1.0,6.0,275.0,"232, AVENUE JEAN JAURES",,,,690
201000063858,10,4,30,2245,5,2,5,1.0,5.0,115.0,PLACE CHARLES MICHELS,,,,750
200600016418,6,3,3,430,5,2,1,2.0,3.0,257.0,Avenue Edouard BRANLY,M,4797300.0,353400,890
200600053103,6,9,19,1440,1,2,1,1.0,2.0,289.0,"1835, LYON ( AVE DE) A P",,,,10
200900045484,9,7,20,2235,5,2,3,1.0,3.0,345.0,"13, CORBEIL (ROUTE DE)",,,,910
200800075035,8,3,21,1045,1,2,1,1.0,6.0,302.0,"71, TARZAN (PISTE)",,,,973
201600023871,16,5,13,1845,1,2,3,1.0,6.0,63.0,R.PERE DIEUZAIDE/M.TETE-,M,4483920.0,-58467,330
201000002653,10,10,17,15,3,1,1,2.0,6.0,290.0,LE MEE ROBERT,M,4865800.0,-123423,500
201600030914,16,5,22,1045,1,2,2,2.0,3.0,217.0,GUILLOTINE (CARREFOUR),M,5030295.0,226226,620
200600068397,6,11,3,1050,1,2,9,7.0,6.0,306.0,"1, MAURICE NIVON (RUE)",,,,710
201100019533,11,2,19,1400,1,2,2,1.0,3.0,55.0,"219, RUE PARADIS",,,,130
201200037174,12,3,16,1635,1,2,2,1.0,2.0,351.0,"347, R ARISTIDE BRIAND",M,4950068.0,14121,760
201100033083,11,6,28,1435,1,2,2,1.0,3.0,602.0,"00, BOUIN (RUE JEAN)",,,,500
201000036792,10,1,6,1550,1,2,9,8.0,6.0,172.0,"197, VILLARS (R.)",,,,590
200900054462,9,11,11,1400,1,1,1,2.0,6.0,39.0,ROCADE A 631,,,,330
200800076996,8,10,9,1725,1,2,3,1.0,3.0,409.0,ILE DE FRANCE(AVENUE),,,,974
201200029497,12,2,14,827,1,2,1,1.0,7.0,15.0,ADEZIERE ROUTE,M,4750305.0,-61074,490
200500009230,5,2,20,2040,5,2,2,1.0,3.0,37.0,"40, MARECHAL FOCH (AVENU",,,,770
201000019312,10,9,17,1717,1,1,1,1.0,3.0,69.0,GUILLE GEORGES -AVENUE-,,,,110
200900072199,9,9,16,1835,1,2,1,1.0,6.0,482.0,"SPV, RUE CICERON",M,0.0,0,670
201500009614,15,7,20,2030,1,1,1,1.0,7.0,31.0,,M,4689660.0,144565,360
201300044734,13,6,2,1745,1,2,3,1.0,3.0,582.0,R DU POIRIER BARON,M,4897670.0,224620,950
201500014097,15,5,6,1400,1,1,1,1.0,3.0,55.0,"431, SAINT PIERRE (RUE)",M,4329170.0,541259,130
200900068880,9,7,16,2220,5,2,6,1.0,2.0,53.0,GALLIENI / BURGER,M,4.0,0,930
201000005711,10,6,4,1400,1,1,6,1.0,3.0,20.0,,M,4593600.0,130869,870
200800000519,8,1,26,2230,3,1,1,1.0,7.0,264.0,,M,0.0,0,570
201000032369,10,2,25,1155,1,2,1,3.0,6.0,18.0,LEWES (RUE DE),,,,410
200600000497,6,1,11,1045,1,2,1,1.0,2.0,55.0,", OLIVES (AVENUE DES)",,,,130
201200035899,12,12,17,1710,5,2,1,3.0,6.0,66.0,MULHOUSE (RUE DE) 24,M,4807224.0,734246,680
200500005610,5,1,29,1835,5,2,1,1.0,4.0,10.0,STROLZ (RUE),,,,900
201500049807,15,11,13,1830,3,1,1,1.0,4.0,29.0,A43   0.550 A 3.353,,,,690
200600007182,6,2,27,830,1,2,1,1.0,7.0,168.0,"Route de Bichailloud,",M,4853000.0,168000,280
201000010327,10,3,19,615,3,1,1,1.0,6.0,72.0,,M,0.0,0,510
201500022621,15,5,19,825,1,1,1,1.0,7.0,555.0,SESQUIERES,M,4365140.0,142296,310
200500014140,5,3,11,1650,1,2,2,1.0,3.0,88.0,"0, BARES (AV. J. SEBASTI",,,,60
201200019240,12,10,31,1345,1,1,1,2.0,3.0,175.0,,M,4361100.0,331400,340
201600004679,16,8,8,1800,1,2,2,1.0,3.0,85.0,le village,M,0.0,0,10
200900029772,9,4,3,950,1,2,2,8.0,5.0,238.0,L.ARMAND/SAINT Hï¿½LIER,,,,350
200700021610,7,4,14,1540,1,2,1,8.0,5.0,172.0,"sans, LODEVE (ROUTE DE)",,,,340
201100024841,11,11,9,610,5,2,6,1.0,3.0,281.0,26281,,,,260
200500028121,5,5,25,1030,1,2,1,1.0,7.0,19.0,CORNICHE (DE 1 A 39 ET 2,,,,290
200500005825,5,1,22,2235,5,2,2,3.0,3.0,62.0,WALLACE (BD RICHARD) DU,,,,920
200800001539,8,1,11,1451,1,2,3,3.0,3.0,4.0,NICE(RN.7) AV.ET RTE DE,,,,60
200800056312,8,10,4,1015,1,1,1,1.0,3.0,70.0,,M,4341800.0,297300,340
200900003563,9,2,3,2350,5,2,1,2.0,6.0,137.0,"0, MICHOLET (RUE VICTOR)",,,,830
200900034861,9,9,8,1250,1,2,1,1.0,6.0,482.0,"SPV,  RUE DE L'EPINOCHE",M,0.0,0,670
200600075407,6,12,31,140,5,2,1,1.0,6.0,55.0,"1, CATALANS (RUE DES)",,,,130
201000004528,10,5,16,630,1,1,1,1.0,6.0,354.0,,M,4513500.0,-600,240
201500016206,15,10,26,1625,1,1,2,1.0,3.0,117.0,LONDRES (AVENUE DE),M,4342732.0,523570,130
200800009150,8,2,1,2110,5,2,1,2.0,3.0,482.0,"11, LIBERTE (AVENUE DE L",,,,670
200800065240,8,11,2,1345,1,2,1,1.0,7.0,105.0,CLUNY (ROUTE DE),,,,710
201100028742,11,7,12,930,1,2,1,1.0,2.0,172.0,"sans, MOULINS (AVENUE DE",M,4363363.0,384333,340
201500026476,15,11,8,2010,5,2,1,1.0,6.0,218.0,"IGNORE, MOULIN JEAN (PLA",M,4543746.0,439278,420
201600041193,16,4,6,1922,2,2,1,2.0,2.0,62.0,"57, MIDI (BOULEVARD DU)",,,,930
200500003653,5,1,4,1215,1,2,1,1.0,2.0,323.0,PALISSY (BLVD BERNARD),,,,470
201200060504,12,8,26,1700,1,2,1,1.0,2.0,34.0,BD HABISSOIS SOUVERAINS,A,0.0,0,971
200700015442,7,3,2,1420,1,1,3,1.0,7.0,646.0,CHATEAUX (RUE DES),,,,590
200700012140,7,3,31,1730,1,2,1,1.0,1.0,110.0,,M,4744400.0,-149900,440
200500032645,5,6,9,2240,5,2,1,1.0,7.0,55.0,"347, PARADIS (RUE)",,,,130
200800032208,8,6,5,700,1,2,1,1.0,2.0,555.0,"173, AV DES MINIMES",,,,310
201500044869,15,9,26,1545,1,1,1,1.0,6.0,237.0,A4,,,,770
200700014639,7,3,14,2010,5,2,3,1.0,6.0,63.0,CRS VICTOR HUGO,,,,330
200700064756,7,10,11,855,1,2,1,1.0,3.0,284.0,ROOSEVELT (AV.DU PDT),,,,770
200800017778,8,4,3,1700,1,1,3,1.0,3.0,431.0,,M,0.0,0,570
200700047927,7,8,13,345,3,1,1,1.0,7.0,18.0,,M,0.0,0,830
200600049354,6,8,25,1650,1,2,1,1.0,3.0,14.0,L7651 AV DE LA PTE DE CH,,,,750
201200008149,12,10,9,200,3,1,1,1.0,6.0,136.0,05600,M,4468767.0,661341,50