Num_Acc,an,mois,jour,hrmn,lum,agg,int,atm,col,com,adr,gps,lat,long,dep
201100053127,11,9,3,1615,1,1,1,1.0,5.0,33.0,A86.EXT,,,,940
200600050418,6,8,3,701,2,1,1,2.0,7.0,64.0,RN 118,,,,910
201600023455,16,10,29,1215,1,2,1,1.0,3.0,113.0,Rue Jean Gironis,M,4351495.0,149275,310
201600034790,16,1,19,1925,3,2,1,1.0,2.0,191.0,RUE DE LA ROUSSILLE,M,4633627.0,-49955,790
201500027140,15,8,11,1240,1,2,3,1.0,2.0,4.0,R NIVELLE/AISANCE MOULIN,M,4798215.0,275277,450
200700016595,7,3,1,1415,1,2,2,1.0,3.0,11.0,R DE CHARONNE BD VOLTAIR,,,,750
200500041871,5,7,22,530,2,2,1,1.0,6.0,282.0,Rue GUYOT DESSAIGNE,M,4562600.0,314900,630
200500007017,5,2,4,2230,5,2,2,1.0,6.0,4.0,EMILE COMBES BOULEVARD,,,,130
201100014664,11,7,9,1410,1,2,1,1.0,6.0,4.0,NICE(RN.7) AV.ET RTE DE,,,,60
201400036340,14,5,17,1140,1,2,3,1.0,3.0,724.0,"00, TAISNIL (ROUTE DE)",,,,800
201200052693,12,9,15,700,2,1,1,1.0,2.0,259.0,BUS (RD301)  2.800 A 4.4,,,,690
201200030602,12,3,2,1618,1,2,1,1.0,6.0,395.0,PEPINIERE (PARC/TERRASSE,,,,540
201300015034,13,6,4,1715,1,2,1,1.0,1.0,55.0,"67, CRS FRANKLIN ROOSEVE",M,4329887.0,538957,130
201400038347,14,8,27,1120,1,2,1,1.0,6.0,174.0,"23, FONTAINEBLEAU (BD)",,,,910
201400048730,14,6,4,1115,1,1,1,1.0,5.0,21.0,AUTOROUTE A6A,M,4876410.0,234226,940
201300003643,13,5,3,1230,1,1,1,1.0,1.0,107.0,,M,4329046.0,121649,310
201100028167,11,12,2,2006,5,2,2,1.0,1.0,522.0,CRS DE LA LIBERATION,,,,330
201000044459,10,6,6,1913,1,2,1,1.0,7.0,329.0,4 RUE ANATOLE FRANCE,,,,790
200700034602,7,6,5,900,1,2,1,1.0,3.0,55.0,"58-60, CHUTES LAVI (AVEN",,,,130
200900059163,9,12,30,1733,5,2,1,1.0,6.0,85.0,"1, LECLERC (AVENUE DU GE",,,,870
200900037444,9,8,22,2230,5,2,1,8.0,6.0,232.0,VILLEMARQUE RUE DE LA,,,,290
200800009617,8,2,7,1401,1,2,1,1.0,6.0,85.0,"22, BLANC LOUIS (BOULEVA",,,,870
201300033149,13,9,2,838,1,2,3,1.0,3.0,482.0,"0, FAUBOURG NATIONAL (RU",,,,670
201200048692,12,3,13,1500,1,1,1,1.0,3.0,337.0,A4.W,,,,770
200600050129,6,8,17,815,1,2,1,1.0,6.0,59.0,"12, JEAN MERMOZ (BOULEVA",,,,930
200600032048,6,6,3,1115,1,1,1,1.0,6.0,53.0,PK 148,M,0.0,0,890
200500075828,5,11,5,1955,5,2,3,1.0,3.0,586.0,"22, REPUBLIQUE (AVENUE)",,,,780
201300023935,13,7,31,805,1,2,3,1.0,3.0,318.0,RUE ALBERT LAURENSON,,,,330
200500018822,5,4,23,2100,5,2,1,1.0,3.0,55.0,"13, GARIBALDI (BD)",,,,130
201100010739,11,1,24,1615,1,1,1,1.0,2.0,341.0,,M,0.0,0,890
201200051513,12,4,26,855,1,2,2,6.0,6.0,386.0,"0, RUE GERMAIN",,,,690
201300016794,13,9,11,730,2,1,1,2.0,1.0,302.0,,M,4987090.0,472750,80
200500051102,5,8,22,1643,1,2,1,1.0,6.0,189.0,"., GAMEL PIERRE (AVENUE)",,,,300
201100035583,11,9,3,1200,1,2,1,1.0,6.0,350.0,"00, CHAUDE RIVIERE RUE D",,,,590
200800076724,8,9,8,1840,2,2,9,1.0,1.0,409.0,Grand Canal ( chemin),,,,974
201300051565,13,9,12,935,1,2,1,1.0,6.0,108.0,"20, RUE DE ROME",,,,750
201200029712,12,9,22,624,5,2,1,1.0,6.0,7.0,"39, PAUL BERT",M,4746510.0,-54952,490
200600043172,6,7,3,1945,1,1,5,1.0,3.0,302.0,,M,0.0,0,810
200800003955,8,1,8,1210,1,2,1,1.0,2.0,224.0,"28, KENNEDY (AVENUE DU P",,,,680
200600008605,6,2,22,910,1,2,1,1.0,3.0,302.0,CHARTRES (ANCIENNE ROUTE,,,,450
201100012136,11,11,16,945,1,1,1,1.0,3.0,16.0,,M,0.0,0,830
201100019827,11,4,3,1615,1,2,3,1.0,3.0,55.0,"226, AVE DU PRADO",,,,130
200700076953,7,12,30,630,5,2,1,1.0,6.0,55.0,"16, SAINT MARCEL (BOULEV",,,,130
201300025716,13,3,7,1630,1,2,2,1.0,5.0,261.0,RUE D' AMBOISE,,,,370
200900053773,9,8,20,750,1,2,3,1.0,6.0,48.0,"10, rue du Pï¿½re BROTTIER",,,,920
200600027724,6,5,1,2030,5,2,1,1.0,6.0,15.0,BPE PLAINE BRANCION,,,,750
201000047346,10,1,31,1100,1,2,1,2.0,6.0,421.0,CHARLES DE GAULLE PROLON,,,,910
201000010641,10,2,26,1230,1,1,1,2.0,4.0,231.0,,M,4845400.0,505300,520
200600012090,6,3,10,1600,1,1,1,2.0,2.0,555.0,VA007379 BAYLAC  A624 So,,,,310
200600001894,6,1,11,105,5,2,1,1.0,7.0,270.0,"142, CARON (RUE DES FRER",,,,620
200600058512,6,10,21,1115,1,1,9,1.0,3.0,177.0,,M,0.0,0,610
201400020276,14,12,18,1745,4,2,1,2.0,6.0,33.0,"43, PRES-LE-ROI (AVENUE",M,4709337.0,238655,180
200900053397,9,6,22,1440,1,2,1,1.0,6.0,10.0,211 AV GALLIENI,M,4.0,0,930
200700046584,7,8,4,900,3,1,1,1.0,3.0,281.0,,M,4953000.0,56500,760
201500055719,15,1,23,410,5,2,1,1.0,7.0,110.0,"167, BOULEVARD DE LA VIL",,,,750
200500031752,5,5,22,1500,1,1,1,1.0,3.0,296.0,A5.B,,,,770
200900071290,9,12,2,1525,1,2,3,1.0,6.0,28.0,"0, MERMOZ(RUE JEAN)",M,4.0,0,940
201600008814,16,3,30,1715,1,2,1,1.0,2.0,332.0,CHEMIN DE CROIX DE FER,M,4331015.0,342010,340
201600043948,16,9,13,1630,1,2,2,1.0,3.0,81.0,"Angle, CAMILLE BLANC (R)",,,,940
200700024688,7,4,20,930,1,1,1,1.0,3.0,4.0,CAMPI LOUIS BD,,,,201
201600017721,16,7,27,1545,1,2,1,1.0,2.0,112.0,97 route de Nice,M,0.0,0,60
201600049124,16,4,8,1530,1,2,1,1.0,3.0,383.0,"2BIS, FEUILLAT",,,,690
200800070533,8,12,21,1630,1,2,1,1.0,3.0,55.0,"179, ROMAIN ROLLAND (BOU",,,,130
201100056736,11,10,4,2000,3,1,1,1.0,3.0,44.0,RN88,M,4539544.0,433948,420
201100058018,11,5,7,1,5,2,2,1.0,3.0,102.0,RUE REAUMUR,,,,750
201500014392,15,6,2,950,1,2,1,1.0,1.0,55.0,"305, LYON (RUE DE)",M,4333652.0,536300,130
200700009510,7,2,12,710,5,2,1,8.0,3.0,29.0,"285, ROUTE DE GENAS",,,,690
200500020937,5,4,3,1310,1,2,1,1.0,4.0,13.0,BPE IVRY GARE,,,,750
201100002307,11,11,25,1815,3,1,1,1.0,6.0,17.0,,M,0.0,0,560
201200043876,12,4,30,1540,1,2,3,1.0,3.0,71.0,GABRIEL PERI (RUE),M,4894070.0,253187,930
200700018699,7,4,7,1545,1,1,1,1.0,2.0,618.0,,M,4890400.0,-89600,140
201200038660,12,12,22,845,2,2,3,2.0,6.0,646.0,R DES MISSIONNAIRES/FOCH,M,4881224.0,213546,780
200900064569,9,8,4,2345,5,2,1,1.0,7.0,238.0,"00, FOULON (AVENUE PROFE",M,4.0,-,350
200600022920,6,4,23,640,2,1,1,1.0,3.0,66.0,AUTOROUTE A1,,,,930
200900024826,9,8,14,1830,1,2,1,1.0,3.0,155.0,25 QUAI DE NICE,M,4.0,0,450
200500074327,5,11,18,1640,1,1,2,1.0,1.0,350.0,"152, NATIONALE RUE N°2 A",,,,590
201000033978,10,9,11,1420,1,2,1,1.0,4.0,285.0,AV PIERRE MENDES FRANCE,M,4790554.0,186836,450
200900026382,9,8,3,1000,1,1,1,1.0,2.0,181.0,,M,4.0,0,410
200900001599,9,3,9,1500,1,2,1,1.0,6.0,113.0,PORTE D IVRY,,,,750
200800020520,8,4,10,1955,3,1,1,2.0,5.0,218.0,"00, ALFRED KASTLER (ROUT",,,,670
200800026991,8,5,29,1140,1,2,2,1.0,3.0,105.0,"NEANT, PONT SAINT MICHEL",,,,750
201000016810,10,7,10,1535,1,2,1,1.0,6.0,88.0,"0, TUNNEL DU PAILLON",,,,60
201400008283,14,5,30,1815,1,2,1,1.0,6.0,112.0,323 av du marechal JUIN,M,0.0,0,830
201200015741,12,7,23,1900,1,2,1,1.0,6.0,55.0,"53, AVE COROT",,,,130
201100054232,11,1,27,930,2,1,1,1.0,2.0,12.0,A13,M,4884830.0,224021,920
200600075377,6,12,26,1339,1,2,4,1.0,2.0,1.0,"1, RN 296",,,,130
201400045062,14,3,25,1300,1,2,1,2.0,1.0,15.0,BD PASTEUR,M,4883280.0,252850,940
200900035346,9,9,24,755,1,2,3,1.0,3.0,691.0,"., KENNEDY (RUE DU PST J",,,,20
201300026707,13,11,9,1530,1,2,1,1.0,2.0,187.0,"60, BELGIQUE (BOULEVARD",M,4604599.0,407425,420
201500055868,15,6,17,1508,1,2,1,1.0,2.0,117.0,"99, RUE DE ROME",M,4853017.0,219073,750
200500044209,5,7,4,1245,1,1,1,3.0,2.0,56.0,"SANS, TARRAGNOZ FAUBOURG",,,,250
200800041996,8,7,1,1310,1,2,2,1.0,7.0,101.0,"166, RUE DE RIVOLI",,,,750
201100002776,11,5,15,1350,1,2,1,3.0,1.0,289.0,DOMBES (ALLEE DES),,,,10
200800050348,8,9,14,300,5,2,1,2.0,1.0,113.0,"141, LIMOUSIN (AVENUE DU",,,,630
200700052333,7,8,6,2000,1,2,1,1.0,3.0,120.0,"16, AVENUE GAMBETTA",,,,750
201200007182,12,5,17,745,1,1,1,1.0,2.0,211.0,,M,4757500.0,515700,210
201000010656,10,11,2,1500,1,2,1,1.0,3.0,79.0,RUE DE COLOMBEY,M,4849500.0,496900,520
200600003112,6,1,7,1850,5,2,3,1.0,3.0,126.0,", CARMILLE ( AV DU GENER",,,,830
200600009301,6,2,4,205,5,2,4,1.0,6.0,10.0,R BEAUREPAIRE BD DE MAGE,,,,750
200900023177,9,8,16,415,3,1,1,1.0,7.0,92.0,,M,4.0,0,430
201500045844,15,9,16,630,3,1,1,2.0,6.0,394.0,AUTOROUTE A115,,,,950
200600035827,6,6,3,2240,3,1,1,1.0,1.0,358.0,RN 330 DEVIATION PENCHAR,,,,770
200600057312,6,9,13,1500,1,2,2,1.0,3.0,51.0,AULNETTES,,,,930
200600041635,6,7,4,1640,1,2,1,1.0,2.0,46.0,"91, GENERAL LECLERC (AV",,,,940
201000045092,10,12,12,1800,5,2,1,1.0,6.0,118.0,"85, BD DU CERCERON",,,,830
200800073070,8,12,13,2200,5,2,1,2.0,3.0,48.0,"1, STALINGRAD (RUE DE)",,,,930
200700011606,7,2,20,1605,1,2,2,1.0,1.0,383.0,RUE SAINT ANTOINE,,,,690
201000024142,10,5,31,1800,1,2,1,1.0,6.0,200.0,"3, NOUVEAU   RUE DU FIEF",,,,170
200600038984,6,7,13,1105,1,2,1,1.0,3.0,109.0,"00, PLACE ARISTIDE BRIAN",,,,440
201300048356,13,3,30,2030,5,2,3,3.0,3.0,386.0,"ignor?, COURS VITTON",,,,690
201300055213,13,12,19,215,5,2,5,2.0,6.0,118.0,"1, RUE FOREST",,,,750
201300011774,13,4,15,2100,3,1,1,1.0,5.0,140.0,,M,0.0,0,830
200700044312,7,7,6,2140,5,2,3,1.0,3.0,50.0,"492, SAINT EXUPERY(BOULE",,,,830
200900055042,9,9,10,1530,1,2,3,1.0,3.0,172.0,"0, FAUBOURG FIGUEROLLES",M,4.0,0,340
200800067323,8,11,30,205,5,2,3,2.0,2.0,108.0,"115, AVENUE DES CHAMPS E",,,,750
201000023757,10,1,28,1045,1,2,1,1.0,6.0,217.0,avenue de bouissouse,M,4369822.0,386973,340
200800048129,8,9,10,1400,1,1,1,1.0,3.0,283.0,,M,0.0,0,460
201300030855,13,1,31,1740,1,2,2,1.0,3.0,606.0,"00, VERDUN (AVENUE DE)",,,,590
200500034388,5,6,19,1940,1,2,7,1.0,6.0,378.0,PLACE LISFRANC,,,,590
201100009099,11,4,23,1430,1,2,1,1.0,7.0,366.0,rue hubert sensiquet,M,0.0,0,540
200800004462,8,1,22,1420,1,2,9,1.0,6.0,99.0,"60, TURENNE (RUE DE)",,,,900
201200033687,12,9,11,845,1,2,1,1.0,6.0,249.0,BASLY (R EMILE),,,,620
200800026429,8,5,10,840,1,2,1,1.0,6.0,41.0,"100, GEORGES GOSNAT (AV)",,,,940
201400040846,14,6,17,2040,1,2,1,1.0,6.0,63.0,"N?ant, BONS RAISINS (RUE",,,,920
201300050185,13,3,8,1350,1,2,7,2.0,6.0,101.0,PLACE DU CHATELET,,,,750
200500082483,5,12,2,2110,5,2,2,1.0,3.0,14.0,BD DU MONTPARNASSE AV OB,,,,750
200600037207,6,6,26,130,5,1,1,2.0,6.0,36.0,AUTOROUTE A86,,,,920
200500062018,5,9,13,1340,1,1,1,8.0,6.0,571.0,Autoroute A 33,,,,540
201400056783,14,6,11,2035,2,2,3,1.0,6.0,119.0,RUE RIQUET,,,,750
201600032979,16,2,27,1100,1,2,1,1.0,3.0,256.0,"72, FRANKLIN ROOSEVELT",M,4576166.0,493694,690
200700074840,7,12,5,1000,1,2,1,3.0,3.0,25.0,84 rue de la liberté,M,4869900.0,-134800,500
201200033132,12,12,5,1415,1,2,2,1.0,6.0,544.0,"00, RD 75",,,,590
200500073082,5,11,2,1825,5,2,1,1.0,3.0,56.0,DUPLAIN RUE LOUIS,,,,250
200500070345,5,11,27,500,3,1,2,8.0,5.0,240.0,CD 6,M,0.0,0,800
200500079875,5,12,11,1310,1,2,3,1.0,6.0,88.0,"0, SORGENTINO (R.)",,,,60
200900037731,9,2,25,1029,1,2,1,1.0,1.0,210.0,"3, RABATAU (BOULEVARD)",,,,130
200500058223,5,9,25,55,5,2,1,1.0,6.0,69.0,RUE BAUDIN,,,,330
201200046862,12,12,4,1230,1,2,1,2.0,6.0,76.0,"54, CHEVILLY (R DE)",,,,940
201400058811,14,11,13,1825,2,1,1,1.0,3.0,20.0,DUMANOIR ( ALLEE ),A,0.0,0,971
200500006404,5,1,28,800,2,1,1,2.0,2.0,252.0,AUTOROUTE A15,,,,950
200800004291,8,1,25,1415,1,2,1,1.0,3.0,489.0,"113, HENRI BARBUSSE (RUE",,,,800
201400005549,14,7,15,845,1,2,1,1.0,6.0,165.0,route d'herment,M,0.0,0,630
200700014115,7,3,13,700,1,2,1,1.0,6.0,71.0,"45, MITTERRAND (AVENUE F",,,,130
200500016163,5,3,31,940,1,2,2,1.0,3.0,259.0,"0, JEAN CAGNE",,,,690
201000058598,10,11,30,1925,5,1,1,1.0,6.0,75.0,ROCADE A 630,,,,330
201600000168,16,12,3,1645,1,2,1,1.0,6.0,449.0,rue Poterne,M,0.0,0,590
200500014824,5,3,7,2030,3,2,1,1.0,7.0,134.0,LIVRAINDIERES (RUE DES),,,,280
200500018479,5,4,16,1056,1,2,1,1.0,6.0,29.0,"00, ANTIBES (RUE D')",,,,60
200700012225,7,3,9,715,1,2,1,1.0,1.0,140.0,CD 14 Ave Suzanne Salvet,M,4477700.0,-35000,330
200600062611,6,10,9,1740,1,2,1,1.0,6.0,113.0,"2, GAILLARD (PLACE GILBE",,,,630
200700079858,7,12,27,2035,5,2,1,9.0,6.0,17.0,"77, SALVADOR ALLENDE (AV",,,,940
200700017005,7,3,15,1205,1,2,1,1.0,7.0,66.0,"13, CARNOT (BOULEVARD SA",,,,860
201200010038,12,11,10,1415,1,1,1,8.0,1.0,26.0,,M,4695150.0,175764,360
201400024965,14,8,30,30,3,1,1,1.0,3.0,3.0,"aucun, D 912 VIAS (ROUTE",M,4331435.0,345699,340
201400047079,14,3,27,1335,1,1,1,1.0,2.0,527.0,AUTOROUTE A3,,,,950
201100023325,11,3,27,1815,1,2,1,3.0,2.0,33.0,"27, DE GAULLE (AV DU GEN",M,4709560.0,240430,180
201400021647,14,3,21,1800,1,1,1,1.0,6.0,118.0,,M,0.0,0,60
201100027542,11,5,15,130,5,2,5,1.0,6.0,63.0,"41, RUE CAPDEVILLE",,,,330
201600049207,16,5,20,1115,1,2,2,1.0,1.0,387.0,JEAN JAURES,,,,690
201200045298,12,8,31,1720,1,2,1,1.0,6.0,55.0,"91, EDOUARD VAILLANT DU",,,,930
200800066720,8,11,23,1210,1,2,1,1.0,6.0,88.0,"0, SAINT-JEAN BAPTISTE (",,,,60
201400016272,14,7,21,2145,5,1,3,1.0,3.0,56.0,TAMARIS,M,4338466.0,502553,130
201200015866,12,8,28,1000,1,2,1,1.0,2.0,55.0,"20, BD DUGOMMIER",,,,130
200900056692,9,11,27,1820,5,2,1,2.0,6.0,109.0,BOULEVARD PRESIDENT RENE,,,,440
200700034863,7,6,30,755,1,1,1,1.0,7.0,300.0,537 RN ECHANGEUR LA PALL,,,,170
201000037484,10,11,8,1705,5,2,1,2.0,2.0,9.0,JAURES JEAN N°76,,,,590
201400009525,14,7,15,1500,1,1,1,1.0,6.0,272.0,LES ACACIAS,M,4780995.0,192908,450
201200033064,12,9,7,800,1,2,1,1.0,3.0,90.0,SIX (ABBE)29A41,,,,590
201100016649,11,7,3,1115,1,1,2,1.0,1.0,293.0,D20/CV,M,4933174.0,424614,510
200700000433,7,1,7,1710,3,1,1,1.0,6.0,71.0,les pinlots,M,0.0,0,240
200500016038,5,3,17,1915,2,2,1,1.0,3.0,545.0,IBARDIN (AVENUE D'),,,,640
201500039503,15,10,10,1130,1,2,3,1.0,3.0,46.0,"1, GABRIEL PERI",,,,920
201300000807,13,8,9,1230,1,1,1,1.0,3.0,103.0,,M,4920400.0,49200,270
200700032545,7,6,24,530,3,1,1,1.0,6.0,474.0,,M,0.0,0,640
200500033616,5,6,23,10,3,2,9,1.0,6.0,129.0,SAINT-PIERRE (CHEMIN DE),,,,340
200500049091,5,8,25,1600,1,1,1,1.0,5.0,215.0,,M,4481300.0,388200,430
200700038068,7,6,14,630,2,1,1,1.0,7.0,582.0,AUTOROUTE A15,,,,950
200500083346,5,12,5,1750,5,2,2,3.0,3.0,10.0,LAURENCIE (AVENUE CAPITA,,,,900
200700017899,7,3,10,520,3,1,1,1.0,7.0,682.0,RN 104,,,,950
201500017055,15,11,20,815,1,1,1,2.0,6.0,115.0,,M,0.0,0,180
201100014918,11,1,14,1640,1,2,1,1.0,3.0,29.0,ASTEGIANO (BD ETIENNE),,,,60
201000027375,10,2,18,2051,5,2,1,1.0,1.0,7.0,"., TALABOT (BOULEVARD)",,,,300
201200031727,12,8,16,1025,1,2,1,1.0,3.0,143.0,MARLE (RUE DE LA ),,,,590
200500015224,5,3,10,1100,1,2,2,1.0,6.0,261.0,GILLES (RUE CHARLES),,,,370
201400056568,14,10,28,1830,5,2,1,1.0,3.0,118.0,"14, RUE MARX DORMOY",,,,750
201100015640,11,2,21,1540,1,2,1,1.0,6.0,88.0,"0, CRONSTADT (RUE)",,,,60
201000001338,10,6,12,2330,3,1,1,1.0,6.0,641.0,,M,4907840.0,92037,270
200900006993,9,1,20,1050,1,2,1,1.0,6.0,350.0,"30, LIBERTE BOULEVARD Nï¾°",,,,590
201200005691,12,4,4,630,2,1,1,3.0,1.0,100.0,,M,0.0,0,740
201000060348,10,6,25,1815,1,2,3,1.0,3.0,102.0,AVENUE DE L OPERA,,,,750
200600050442,6,8,14,1307,1,1,1,1.0,2.0,363.0,AUTOROUTE A10,,,,910
201500033792,15,10,25,1125,1,2,1,1.0,6.0,540.0,QU DE PARIS,M,4943639.0,109981,760
200800052927,8,9,16,830,1,2,2,1.0,6.0,75.0,"140, FRÉDÉRIC CHEVILLON",,,,130
201000025726,10,8,17,1400,1,2,1,1.0,6.0,278.0,85 RUE DE GOUEDEIC,M,4850866.0,-275339,220
201600058374,16,5,18,1015,1,2,1,1.0,2.0,209.0,"2, GENERAL DE GAULLE (BL",A,0.0,0,972
201500041889,15,5,10,227,5,2,4,1.0,7.0,75.0,"67bis, ETOILE (R DE L)",,,,940
200600013839,6,3,29,1740,1,2,1,1.0,3.0,13.0,1 PL VALHUBERT,,,,750
201100053476,11,2,1,1500,1,1,1,1.0,3.0,7.0,AUTOROUTE A1,,,,930
201100009676,11,11,19,2015,5,2,1,1.0,5.0,151.0,2A RUE DE LA DORDOGNE,M,0.0,0,670
201200024992,12,3,27,1650,1,2,1,1.0,6.0,162.0,"23, AVE DU MEDOC",,,,330
200700039832,7,7,26,1230,1,1,1,1.0,1.0,122.0,,M,4384600.0,-55300,400
201500045200,15,2,20,625,3,1,1,2.0,7.0,27.0,AUTOROUTE A86,M,4892790.0,240993,930
201000025371,10,4,15,1706,1,2,6,1.0,2.0,278.0,AHUY (D') (ROUTE),M,4735570.0,503476,210
201500008713,15,5,4,400,1,1,1,1.0,1.0,37.0,,M,4268738.0,303465,660
201200041476,12,4,7,2140,5,2,2,1.0,3.0,2.0,CHATENAY (RUE DE),,,,920
201200009969,12,9,21,1400,1,1,2,3.0,3.0,143.0,,M,0.0,0,280
201000029841,10,12,13,1900,5,2,4,1.0,3.0,281.0,ST MEDARD (AVE),,,,330
200900039412,9,9,13,1530,1,1,1,1.0,7.0,408.0,,M,4.0,0,210
200600007147,6,2,27,1445,1,1,1,2.0,3.0,153.0,,M,4907700.0,212900,770
201400046632,14,7,3,940,1,1,1,1.0,4.0,69.0,A4,M,4881750.0,243350,940
200600035096,6,6,6,917,1,2,3,7.0,2.0,8.0,R DE BERRI AV CHAMPS ELY,,,,750
201400025886,14,10,11,1800,1,2,5,1.0,6.0,238.0,PORTE DE CLEUNAY,M,4809920.0,-171432,350
200900034130,9,3,27,845,1,2,6,8.0,2.0,40.0,", PDT ROBERT SCHUMANN (P",,,,920
200600029797,6,5,7,350,5,1,1,1.0,6.0,65.0,ROUTE NATIONALE 230,,,,330
201000014313,10,1,17,1640,1,1,1,1.0,3.0,94.0,RN3,,,,770
200500052573,5,8,12,1530,1,2,1,1.0,6.0,18.0,54 R DOUDEAUVILLE,,,,750
200500039453,5,6,15,1315,1,2,1,1.0,1.0,48.0,"CD 15, PK 4,175",M,0.0,0,60
201000037504,10,11,16,1130,1,2,1,1.0,3.0,328.0,HIPPODROME AV DE L N°237,,,,590
201400003627,14,2,27,1645,1,2,1,1.0,6.0,499.0,53 avenue du Languedoc,M,4351300.0,118240,310
200900029362,9,3,23,1930,5,2,1,1.0,6.0,235.0,rue des Termes,M,4.0,0,690
201300049491,13,10,3,1425,1,1,1,1.0,2.0,72.0,A6   445.323 A 447.390,,,,690
200800065928,8,11,23,1805,3,2,1,3.0,6.0,89.0,ROUTE DE SEGONZAC,,,,160
200600073466,6,12,3,1800,3,1,1,8.0,7.0,335.0,Les auvrays,M,0.0,0,500
200700037906,7,6,11,1227,1,2,3,1.0,3.0,18.0,MARTYRS DE CHATEAUBRIANT,,,,950
201000064618,10,11,6,320,5,2,2,1.0,6.0,116.0,BOULEVARD JULES SANDEAU,,,,750
201000060745,10,6,10,1315,1,2,2,8.0,6.0,105.0,"1, QUAI DE MONTEBELLO",,,,750
201100005518,11,6,8,1815,1,1,2,1.0,3.0,29.0,"LD ""LA PETITE MAILLERAYE",M,0.0,0,790
201000051613,10,5,22,2000,5,2,1,1.0,7.0,64.0,R DE METZ,M,4887720.0,247925,930
201600028108,16,12,30,555,5,1,1,1.0,6.0,129.0,,M,4961890.0,-167016,500
200800003390,8,1,14,900,1,2,2,1.0,6.0,19.0,PLESSIS (AVENUE DU),,,,920
200500012092,5,3,23,915,1,1,1,7.0,3.0,449.0,,M,0.0,0,590
201100032546,11,7,25,1500,1,2,3,1.0,2.0,7.0,Place de l'ACADEMIE,M,4746798.0,-55905,490
201600001713,16,11,4,900,1,2,6,1.0,3.0,53.0,"snr, LOUHANS (ROND POINT",M,4622798.0,522898,10
201100040379,11,7,18,1348,1,2,7,1.0,3.0,181.0,117E RI (PL DU),,,,720
201300007787,13,10,18,1530,1,1,1,1.0,1.0,48.0,,M,0.0,0,60
200500017298,5,3,24,830,1,2,1,2.0,6.0,10.0,PETITJEAN (RUE),,,,900
200800060313,8,10,15,1305,1,2,1,2.0,2.0,64.0,"12, CAROLINE",,,,920
201600005108,16,9,30,1745,1,1,1,7.0,5.0,130.0,,M,0.0,0,380
201400048500,14,1,13,1945,3,1,1,1.0,2.0,477.0,AUTOROUTE A126,,,,910
201600012433,16,9,23,2335,5,2,1,1.0,6.0,225.0,"1, FOULON RUE DU",M,4310902.0,161026,90
201000017566,10,6,5,1045,1,1,1,1.0,3.0,229.0,,M,4478400.0,-96700,330
200500032838,5,6,13,1915,1,2,1,2.0,3.0,55.0,BERNABO (BD),,,,130
201100034821,11,5,9,1205,1,2,2,1.0,3.0,194.0,"sans, JEROME TRESAGUET",,,,580
200500076152,5,11,3,1700,5,2,1,1.0,2.0,10.0,JAURES (AVENUE JEAN) DE,,,,900
201100042260,11,4,20,955,1,2,2,1.0,6.0,481.0,AV GAL LECLERC/BERTRAND,M,4888930.0,209863,780
201400019284,14,9,30,845,1,2,1,5.0,6.0,75.0,1 rue aux roux,M,4790411.0,-211966,560
201100023654,11,1,28,1645,1,2,1,1.0,6.0,8.0,Rue des Collèges,M,4793000.0,18000,720
200600035063,6,6,4,605,5,2,1,1.0,6.0,1.0,SOU TRANSIT HALLES,,,,750
201400026318,14,5,16,1610,1,2,1,1.0,6.0,261.0,24 BIS AV C DE GAULLE,,,,370
200600060343,6,10,5,1215,1,1,3,1.0,3.0,83.0,"COTY (COURS RENE, SENS M",,,,60
200500048921,5,8,2,1415,1,1,1,2.0,1.0,230.0,,M,4556700.0,527800,380
201600051376,16,8,29,1700,1,2,3,1.0,2.0,103.0,"76, RUE DE TURENNE",M,4886030.0,236455,750
200800071707,8,12,30,1209,1,2,1,1.0,7.0,83.0,"., VAILLANT ( AV. EDOUAR",,,,560
200700040321,7,7,7,1930,1,1,1,1.0,1.0,100.0,,M,4553700.0,570900,730
201600020243,16,2,20,1030,1,1,1,2.0,6.0,686.0,,M,5037200.0,230700,620
201400013730,14,3,31,1410,1,2,6,1.0,6.0,28.0,"885, DULAC (AVENUE GUILL",M,4319220.0,560939,130
200900052923,9,7,3,1630,1,2,1,1.0,3.0,55.0,"555, RUE SAINT PIERRE",,,,130
200600056833,6,9,18,1710,1,2,1,1.0,2.0,194.0,ROCADE EST (RD 162),,,,860
201600033344,16,2,21,1800,1,1,1,1.0,1.0,59.0,chemin des COUTOTS,M,4679328.0,449148,710
200500078196,5,12,18,1630,1,2,1,1.0,1.0,30.0,rue André Desmond,M,4515600.0,123800,240
201100048188,11,10,13,1800,2,2,2,1.0,3.0,47.0,MYOSOTIS / CHARMILLES,,,,930
200600040906,6,7,28,1025,1,2,1,1.0,1.0,123.0,"574, LANGE (CHEMIN)",,,,830
201200060058,12,6,8,805,1,2,1,1.0,4.0,118.0,PORTE DE LA CHAPELLE,,,,750
200900005546,9,5,28,1250,1,2,2,1.0,4.0,108.0,"01, RUE ROYALE",,,,750
201400026826,14,7,5,1930,1,2,1,1.0,6.0,185.0,"14, BOULEVARD GAMBETTA",,,,380