Num_Acc,an,mois,jour,hrmn,lum,agg,int,atm,col,com,adr,gps,lat,long,dep
201200047309,12,5,11,1815,1,1,1,1.0,1.0,58.0,GENERAL DE GAULLE (AV DU,,,,940
200700063254,7,10,23,1710,1,2,3,1.0,6.0,522.0,RUE ROUSTAING,,,,330
201000046873,10,6,9,1430,1,2,1,2.0,2.0,21.0,"X, BROSSOLETTE PIERRE (B",,,,910
200700026823,7,5,31,100,3,2,1,1.0,6.0,65.0,45 Chemin de la Matte,M,4481300.0,-51700,330
201500045799,15,9,8,130,3,1,1,1.0,4.0,18.0,AUTOROUTE A15,,,,950
201000013509,10,5,23,915,1,1,1,1.0,6.0,154.0,,M,0.0,0,480
200500028035,5,5,10,1920,1,2,1,1.0,1.0,388.0,FOILLET (RUE JACQUES),,,,250
200900018298,9,6,24,749,1,1,1,1.0,1.0,66.0,CD4,,,,680
200500031498,5,5,26,925,1,2,6,1.0,2.0,78.0,VAUBAN (AVENUE),,,,930
201600000064,16,1,24,100,3,1,1,2.0,7.0,54.0,,M,0.0,0,590
201100042314,11,9,30,1750,1,2,1,7.0,3.0,586.0,95 RTE DES CORMEILLES,,,,780
201100009430,11,6,16,1120,1,2,2,1.0,3.0,516.0,Carr. Clémenceau/Poincar,M,4819846.0,593986,880
201300012487,13,9,29,1330,1,1,1,8.0,7.0,92.0,20135,M,4172200.0,940200,201
200700076735,7,12,19,845,1,2,1,1.0,1.0,55.0,"3, LOUIS SALVATOR (BOULE",,,,130
201600034571,16,3,26,1620,1,2,2,1.0,3.0,238.0,MARECHAL FOCH (RUE DU),,,,780
201100007972,11,12,1,1615,1,1,1,1.0,1.0,171.0,,M,4550678.0,605840,730
200900057937,9,10,15,1630,1,1,1,1.0,4.0,71.0,ROUTE NATIONALE 368 (VIL,,,,130
201400053173,14,2,19,1424,1,2,3,1.0,6.0,109.0,"41, BOULEVARD HAUSSMANN",,,,750
201000034810,10,1,27,1815,5,2,1,1.0,1.0,602.0,154 R GENERAL  LECLERC,M,4964060.0,-159712,500
200800037788,8,7,12,1215,1,1,1,1.0,6.0,199.0,,M,0.0,0,330
201500057179,15,12,5,300,3,1,1,8.0,6.0,231.0,,A,0.0,0,972
201400000017,14,1,26,1915,3,1,2,2.0,3.0,592.0,,M,0.0,0,590
201100059196,11,8,31,1805,1,2,2,1.0,3.0,108.0,BOULEVARD DES BATIGNOLLE,,,,750
200900007140,9,2,6,1455,1,2,1,1.0,3.0,205.0,"52, JAURES(R.JEAN)",,,,590
201200037087,12,10,22,1530,1,2,1,1.0,2.0,217.0,AV DES CANADIENS,M,4990508.0,107678,760
200800012127,8,3,15,1700,1,2,1,1.0,2.0,189.0,"49, LECLERC GENERAL (AVE",M,4382674.0,436126,300
201400031077,14,8,9,725,1,2,1,1.0,6.0,163.0,"95, FLANDRE (AVENUE DE)",,,,590
200700066757,7,10,10,2300,5,2,2,1.0,3.0,114.0,"135, BOULEVARD BRUNE",,,,750
201200052685,12,9,12,600,3,1,1,3.0,6.0,278.0,A46N   9.020 A 11.650,,,,690
201500058252,15,2,6,2150,3,1,2,1.0,1.0,416.0,"SANS, BOEUF (CHEMIN) (1)",R,2129430.0,5546026,974
201000016273,10,1,19,1930,5,2,1,1.0,3.0,88.0,"0, PELLOS (R. FRANCOIS)",,,,60
200800043006,8,8,26,1740,1,2,1,1.0,3.0,113.0,QUAI D IVRY,,,,750
200800073586,8,12,9,1300,1,2,5,2.0,3.0,116.0,PLACE CHARLES DE GAULLE,,,,750
200800006971,8,2,2,45,3,1,1,1.0,2.0,17.0,,M,0.0,0,660
201300014288,13,9,29,1255,1,1,6,1.0,6.0,55.0,"00, RPT DOCTEUR ARTHUR F",M,4324922.0,538689,130
200700016260,7,3,19,1610,1,2,1,1.0,3.0,11.0,80 R FOLIE REGNAULT,,,,750
200800064731,8,11,9,1425,1,2,3,1.0,3.0,454.0,BIZET (ALLEE GEORGES),,,,510
201300027870,13,10,16,800,5,2,1,1.0,3.0,7.0,"21, SAINT LEONARD",,,,490
200500014586,5,3,4,1230,1,2,1,2.0,3.0,437.0,ROCHES (RUE DES),,,,140
201000064410,10,6,23,950,1,2,2,1.0,3.0,116.0,AVENUE D IENA,,,,750
200700076193,7,12,22,1000,1,1,1,1.0,7.0,47.0,,M,0.0,0,720
200600058416,6,10,28,1045,1,1,1,1.0,5.0,121.0,,M,0.0,0,220
201500006176,15,5,28,1200,1,1,1,1.0,6.0,420.0,,M,0.0,0,670
201000026277,10,8,31,30,3,1,1,1.0,7.0,57.0,VOIE COMMUNALE N°5,M,4501030.0,504720,260
200600039207,6,7,24,1140,1,2,2,1.0,3.0,395.0,LORRAIN (QUAI CLAUDE LE),,,,540
201100041693,11,10,2,1335,1,2,3,1.0,1.0,404.0,GENERAL LECLERC (AVENUE,,,,770
200700035883,7,6,3,2055,1,2,7,1.0,3.0,129.0,"00, NAPOLEON (PLACE)",,,,500
200900073320,9,5,15,1630,1,2,1,1.0,6.0,9.0,"194, MAURICE BISHOP (RUE",,,,972
201600027602,16,6,10,2150,2,1,1,1.0,7.0,7.0,Bd BARANGE,M,4745485.0,-56846,490
201100066832,11,5,14,2305,5,2,1,1.0,3.0,16.0,"SANS, PERE MAITRE(RUE DU",,,,974
200800023691,8,5,14,40,3,2,1,1.0,7.0,300.0,"96, GRASSET   AVENUE EDM",,,,170
200700080716,7,12,9,2100,5,2,2,9.0,6.0,108.0,"152, AVENUE DES CHAMPS E",,,,750
201300040638,13,1,24,1815,5,2,3,1.0,3.0,78.0,VIEUX CHEMIN DE ST DENIS,,,,920
200500060031,5,9,19,810,1,2,3,1.0,3.0,17.0,AV DE CLICHY R DE LA CON,,,,750
201400020834,14,1,16,1415,1,1,1,1.0,6.0,215.0,PONT DES ILES (RUE DU),M,4852258.0,-281678,220
201400016489,14,3,14,1630,1,2,4,1.0,2.0,117.0,RD 9 ESTROUBLANS,M,4342735.0,526637,130
201100021014,11,10,22,1615,1,2,1,1.0,6.0,55.0,"134, AVE DES OLIVES",,,,130
200500048066,5,8,25,845,1,1,1,1.0,7.0,356.0,,M,4825200.0,-174100,350
201500021823,15,2,14,1655,1,1,6,1.0,3.0,232.0,BREST ROUTE DE,M,4802972.0,-408785,290
201300037089,13,12,31,1215,1,2,2,1.0,3.0,194.0,EUROPE (AVENUE DE L'),,,,860
200500084971,5,3,14,1330,1,1,1,1.0,1.0,228.0,,A,0.0,0,972
201500000935,15,1,29,1930,2,1,1,2.0,5.0,360.0,,M,4809130.0,-120488,350
201600049330,16,7,18,1110,1,2,2,1.0,3.0,386.0,SEZE (DE),,,,690
201400045042,14,2,15,1720,1,2,1,8.0,2.0,52.0,"49, AV DE JOINVILLE",M,4882890.0,246649,940
201100042382,11,11,8,1600,1,2,4,2.0,6.0,686.0,"37, GENERAL LECLERC (AV)",,,,780
200800007302,8,2,16,535,5,2,1,1.0,7.0,61.0,GUILLAUME FAREL ( AVENUE,,,,50
200500012242,5,3,27,1730,1,2,1,1.0,1.0,487.0,RUE DE LA COTE VERTE,M,4935100.0,133200,270
201000027597,10,1,14,1550,1,1,3,3.0,1.0,189.0,D 135,M,4377924.0,434099,300
201200039050,12,5,28,1250,1,2,1,1.0,6.0,4.0,LAPEROUSE (PLACE),,,,810
201300031377,13,9,3,1550,1,2,1,1.0,3.0,498.0,"sans, ALAIN (R)",,,,620
200900071859,9,12,5,1000,1,2,1,2.0,6.0,152.0,RUE MENDï¿½S FRANCE,M,0.0,0,590
201600057405,16,10,10,1445,1,2,1,1.0,3.0,113.0,PORTE D IVRY,M,4881910.0,237198,750
201000002362,10,2,17,1715,1,2,2,1.0,3.0,207.0,carrefour D142 et D 203,M,0.0,0,560
201600025318,16,9,6,1750,1,2,2,1.0,6.0,281.0,CR 100/BORON,M,4808970.0,-172185,350
200600035995,6,6,7,915,1,2,1,1.0,7.0,191.0,"45, GAMBETTA",,,,790
201300018669,13,3,8,2015,3,1,1,5.0,6.0,486.0,,M,0.0,0,800
200800059637,8,10,24,1825,1,2,2,1.0,3.0,440.0,MARECHAL FOCH (AVENUE DU,,,,780
201300002459,13,7,2,600,2,2,1,1.0,6.0,474.0,27 ROUTE DES GRAVES,M,4469100.0,-48200,330
200700059748,7,9,7,1900,1,2,1,1.0,6.0,120.0,"2, RUE EUGENE REISZ",,,,750
200900049847,9,12,23,1630,2,2,1,1.0,6.0,160.0,TRAVERSIERE (RUE),,,,590
201000031174,10,11,13,1100,1,2,1,3.0,7.0,278.0,"00, PORTE DE ST MALO",,,,350
200800003580,8,1,20,1000,1,2,1,1.0,7.0,8.0,"121, FRACHON (RUE BENOIT",,,,930
200700046810,7,8,6,1615,1,1,1,1.0,3.0,161.0,,M,0.0,0,440
200600030065,6,6,6,930,1,1,1,1.0,6.0,601.0,,M,5000100.0,301200,800
200800012301,8,3,19,1435,1,2,1,1.0,4.0,167.0,AVE HUBERT DUBEDOUT,,,,330
200800039965,8,7,16,2105,2,2,1,1.0,7.0,392.0,"18, SAPINS (RUE DES)",,,,590
200800044025,8,8,22,940,1,2,1,1.0,6.0,69.0,LYAUTEY (AVENUE),,,,830
200700006214,7,2,14,1245,1,1,1,1.0,6.0,4.0,Route Nationale 13,M,4901400.0,142200,270
201400027670,14,4,28,1525,1,2,1,1.0,6.0,162.0,PERIPHERIQUE,,,,440
200700058611,7,9,27,1200,1,2,2,1.0,1.0,18.0,BARBUSSE (RUE HENRI),,,,950
200600037266,6,6,25,2000,1,1,1,1.0,3.0,161.0,AUTOROUTE A6,,,,910
200800066960,8,11,5,1735,5,2,1,1.0,6.0,55.0,"92, LIEUTAUD (COURS)",,,,130
200500077464,5,11,2,525,2,1,1,1.0,6.0,5.0,A502-Sens Aubagne vers T,,,,130
201600038980,16,6,21,1745,1,2,1,8.0,2.0,51.0,"12, GENERAL KOENIG (BOUL",,,,920
201000007299,10,7,16,1915,1,2,1,7.0,3.0,194.0,face 678 rue E. Herriot,M,0.0,0,10
200700016496,7,3,31,1645,1,2,2,3.0,3.0,10.0,BD DE LA CHAPELLE R DE M,,,,750
200700041374,7,7,7,415,3,1,1,1.0,2.0,530.0,,M,4562700.0,518600,380
200800035853,8,6,4,1700,1,2,1,1.0,2.0,112.0,PORTE DOREE,,,,750
200600020882,6,4,4,1745,1,2,1,1.0,5.0,102.0,"., GRENET (AVENUE HENRI)",,,,640
201400027268,14,12,11,1100,1,2,1,2.0,6.0,187.0,"61, JAURES (RUE JEAN)",M,4603576.0,407151,420
201200006399,12,1,7,730,3,1,2,2.0,3.0,144.0,,M,4852783.0,626509,540
200500037259,5,6,30,1430,1,1,1,8.0,7.0,48.0,N118,,,,920
200600045863,6,8,4,1820,1,1,1,1.0,7.0,140.0,lieu-dit le merizier,M,0.0,0,740
201600003801,16,12,12,30,5,1,6,1.0,7.0,282.0,,M,4225300.0,156525,90
200500068099,5,10,19,1045,1,2,1,1.0,2.0,3.0,13 BD FILLES CALVAIRE,,,,750
200800036402,8,7,20,1500,1,1,1,1.0,1.0,128.0,,M,0.0,0,490
201200038003,12,5,29,1350,1,2,1,1.0,1.0,390.0,MALIBRAN (AVENUE DE LA),,,,770
201500032375,15,9,19,2025,5,2,2,1.0,3.0,482.0,"0, GARE AUX MARCHANDISES",M,4859204.0,773335,670
200900025376,9,6,13,915,1,1,1,1.0,7.0,32.0,,M,4.0,0,190
201600054767,16,12,15,2130,5,2,3,1.0,6.0,115.0,"18, BOULEVARD DE VAUGIRA",M,4884160.0,231829,750
200700048979,7,8,22,1600,1,2,2,1.0,3.0,55.0,LIBERTE (BOULEVARD DE LA,,,,130
200500012083,5,3,1,730,1,1,2,1.0,5.0,308.0,,M,0.0,0,590
200500015997,5,3,23,15,5,2,6,1.0,3.0,102.0,SOULT (AVENUE MARECHAL),,,,640
201300031980,13,7,6,1730,1,2,1,1.0,6.0,103.0,RD 227,M,4555225.0,345699,630
201100030788,11,7,5,1045,1,1,1,1.0,2.0,226.0,PARIS (ROUTE DE),M,4782650.0,107848,410
201600043846,16,11,3,215,5,2,1,1.0,6.0,67.0,92 AV GENERAL DE GAULLE,,,,940
201300044193,13,10,15,815,1,2,1,1.0,2.0,52.0,"80, STRASBOURG (BD DE)",,,,940
201400006464,14,6,7,1530,1,1,6,1.0,3.0,146.0,,M,4812066.0,736742,680
201000068926,10,2,12,850,1,1,1,1.0,7.0,11.0,"1, LITTORAL (ROUTE 1 DU)",,,,974
201400054620,14,8,31,640,5,2,1,1.0,6.0,113.0,"133, RUE DE LA SANTE",,,,750
200900025689,9,7,8,2055,2,2,1,1.0,3.0,555.0,"999, CHE HENRI BESSEMER",,,,310
201300056744,13,11,21,750,2,2,1,3.0,2.0,112.0,PORTE DE VINCENNES,,,,750
200500036030,5,6,9,1615,1,2,1,1.0,3.0,21.0,"209, CAGNY (RUE DE)",,,,800
201100017746,11,7,9,2300,3,1,4,1.0,1.0,137.0,Route du parmelan - RD2,M,4602200.0,617100,740
200600053810,6,9,8,2110,5,2,1,1.0,6.0,279.0,"12, GRELET (RUE ET IMPAS",,,,180
201200005101,12,3,24,55,5,2,1,1.0,6.0,722.0,"94, COMPIEGNE ( AVENUE D",M,4938133.0,330644,20
201400019210,14,7,18,1715,1,1,1,1.0,6.0,269.0,,M,0.0,0,740
201100012513,11,7,2,415,3,1,1,1.0,5.0,209.0,,M,4331339.0,333773,340
201000065834,10,1,13,2020,5,2,1,1.0,6.0,120.0,BOULEVARD MORTIER,,,,750
200500055732,5,9,6,1215,1,1,1,1.0,3.0,146.0,,M,4254000.0,182500,660
200700080878,7,12,13,1305,1,2,1,1.0,2.0,112.0,AVENUE DAUMESNIL,,,,750
200700040075,7,7,16,1830,1,2,3,1.0,3.0,119.0,48 avenue des Pyrénées,M,4386100.0,10100,320
201300021766,13,2,26,930,1,2,1,1.0,4.0,19.0,"34, MESDOUN",M,4837768.0,-452234,290
201000015244,10,1,3,1945,5,2,2,8.0,1.0,4.0,VALLAURIS CH.DE,,,,60
201200047668,12,12,8,1300,1,2,1,1.0,6.0,78.0,"31, ANATOLE FRANCE (AV)",,,,940
200900005990,9,5,7,1615,1,2,1,1.0,6.0,102.0,"34, RUE ETIENNE MARCEL",,,,750
200800004841,8,1,15,1545,1,1,1,2.0,6.0,73.0,A86,,,,940
200900036722,9,9,25,1815,1,2,2,1.0,3.0,50.0,VERDUN( AVENUE DE),,,,830
200900067596,9,9,5,1615,1,2,1,1.0,4.0,88.0,"366, GRENOBLE (ROUTE DE)",,,,60
201000007090,10,9,20,930,1,1,1,1.0,4.0,162.0,,M,4612400.0,464200,690
200700078552,7,12,1,1020,1,2,1,1.0,6.0,498.0,"sans, VAN PELT (AV. ALFR",,,,620
201300052383,13,6,26,1050,1,2,3,1.0,2.0,111.0,BOULEVARD VOLTAIRE,,,,750
201500016979,15,5,18,1315,1,2,1,1.0,3.0,135.0,RUE DES ECOLES,M,4493470.0,399849,430
200800018636,8,4,13,2140,3,2,2,2.0,3.0,27.0,RASPAIL (RUE),,,,930
201600020653,16,10,4,1605,1,2,1,1.0,3.0,31.0,"101, SEMARD (AVENUE PIER",M,4515497.0,151444,190
200500034371,5,6,10,1710,1,2,1,1.0,6.0,378.0,EGALITE RUE DE L,,,,590
201400011040,14,4,17,1700,1,2,1,1.0,6.0,88.0,"30, DUNANT (AV. HENRI)",,,,60
200900004897,9,2,13,1515,1,2,1,1.0,2.0,260.0,"., BORGNIS DESBORDES(AVE",M,4.0,-,560
200700033125,7,6,7,1645,1,2,1,1.0,6.0,445.0,rue moulin sur alliers,M,4824100.0,695800,880
200800016797,8,3,30,2145,3,1,1,1.0,5.0,420.0,,M,4903100.0,266900,770
200500050421,5,8,4,15,5,2,1,1.0,6.0,88.0,"05, MADELEINE (BD DE LA)",,,,60
200900031383,9,5,8,1145,1,1,1,1.0,6.0,85.0,,M,0.0,0,350
201300048820,13,6,11,1245,1,2,1,1.0,6.0,385.0,"191, CHEMIN DE CHOULANS",,,,690
200500079750,5,12,19,1300,1,2,1,1.0,2.0,27.0,CANNES AVENUE DE (RN7),,,,60
200700068196,7,11,21,900,1,2,1,1.0,3.0,55.0,"87, SAINT BARNABE (AVENU",,,,130
201000007767,10,4,25,1415,1,1,1,7.0,3.0,153.0,,M,4515930.0,560825,380
201400010175,14,5,7,1700,1,2,1,1.0,3.0,27.0,PAGNOL AVENUE MARCEL,,,,60
201400035210,14,8,4,2155,1,2,3,1.0,6.0,575.0,PL DE L EGLISE,M,4938267.0,110604,760
200800018752,8,4,6,1300,1,2,1,1.0,6.0,29.0,CROISETTE (BOULEVARD DE,,,,60
200800060420,8,10,27,2320,5,2,1,2.0,1.0,27.0,VAILLANT-COUTURIER (AVEN,,,,930
201400027460,14,2,7,1945,5,2,6,1.0,3.0,41.0,RDPT CORSAC,M,4504960.0,391375,430
200600020907,6,4,14,1730,1,1,1,1.0,3.0,125.0,BAYONNE (AVENUE DE),,,,640
201000049393,10,2,26,1600,1,2,1,1.0,3.0,63.0,"09, DOUMER (AVENUE PAUL)",,,,920
201600008008,16,6,8,1930,1,1,1,1.0,6.0,13.0,,M,0.0,0,130
200900067463,9,10,15,1336,1,2,1,1.0,6.0,218.0,SAINT SIMON,M,4.0,0,420
201100040033,11,1,24,730,5,2,9,1.0,3.0,285.0,"1, 5° D.B. (RUE DE LA)",,,,700
200700065552,7,10,15,1600,1,2,3,1.0,3.0,5.0,MARECHAL JUIN (AVENUE DU,,,,930
200800002889,8,1,10,450,5,2,2,5.0,3.0,63.0,QUAI DE PALUDATE,,,,330
200500087450,5,12,24,530,5,2,1,1.0,3.0,128.0,lieu-dit Castaing,A,0.0,0,971
200600050061,6,8,25,2045,2,2,1,1.0,7.0,46.0,"63, BENOIT MALON AVENUE",,,,930
201100028757,11,7,20,1410,1,2,2,8.0,3.0,172.0,"00, BERTHELOT (BOULEVARD",M,4359976.0,387550,340
201500017859,15,3,22,1545,1,1,1,1.0,6.0,110.0,,M,0.0,0,250
201200044820,12,5,10,850,1,2,2,1.0,3.0,15.0,SALENGRO RUE ROGER,M,4891740.0,257295,930
201000022420,10,9,2,815,1,2,1,1.0,4.0,55.0,"24, RUE JEAN GIONO",,,,130
201400034758,14,12,18,802,2,2,3,2.0,6.0,231.0,"31,R AUGUSTIN HENRI",M,4929094.0,100710,760
200500049309,5,8,10,1915,1,1,1,1.0,3.0,506.0,,M,4813700.0,486800,520
201500042038,15,7,21,1840,1,2,1,1.0,3.0,17.0,PIERRE BROSSOLETTE (AV),,,,940
201500035007,15,3,23,1405,1,2,1,1.0,3.0,61.0,"0, BOULEVARD S?VERIN DEC",M,4342866.0,673631,830
200500024009,5,4,29,1600,1,1,1,1.0,6.0,297.0,,M,4646400.0,593000,390
200600044393,6,7,9,1715,1,2,4,1.0,3.0,46.0,RUE DU PONT AUX LAIES,M,4658700.0,199100,360
200700019296,7,4,26,1815,1,1,1,1.0,3.0,303.0,,M,4577200.0,636900,730
201200012602,12,3,31,2245,5,2,1,1.0,7.0,446.0,Boulevard F.Mitterrand,M,4354362.0,148113,310
201200022687,12,9,15,15,3,2,1,1.0,6.0,95.0,71 avenue de boutiny,M,0.0,0,60
200600001576,6,1,3,2031,5,2,1,1.0,3.0,547.0,BRIAND (RUE ARISTIDE),,,,540
200900020369,9,9,7,1048,1,2,2,1.0,6.0,120.0,"0, RUE D AVRON",,,,750
201100058499,11,9,21,1545,1,2,1,1.0,6.0,105.0,"4, PLACE DE LA SORBONNE",,,,750
200700081900,7,3,1,1515,1,1,1,1.0,7.0,415.0,,R,0.0,0,974
201300021389,13,3,14,1220,1,2,1,1.0,2.0,229.0,"0, R.D.905",M,4845403.0,145575,280
201500032373,15,9,18,1355,1,2,3,1.0,3.0,482.0,", GANZAU (RUE DE LA)",,,,670
200700002647,7,1,22,1910,5,2,6,2.0,3.0,555.0,"317, AV DES ETATS UNIS",,,,310
201300034784,13,4,30,1640,1,2,1,1.0,6.0,157.0,"30, AV DU PRESIDENT  ALL",M,4944955.0,103521,760
201100045024,11,10,18,1845,5,2,1,1.0,4.0,687.0,MOULIN (CHEMIN DU),,,,910
201300046174,13,6,14,1900,1,1,1,1.0,3.0,27.0,AUTOROUTE A1,M,4893400.0,238476,930
200500050149,5,8,1,1600,1,2,1,1.0,1.0,116.0,"10, rue du château",M,0.0,0,340
200700068087,7,11,17,2110,5,2,2,1.0,3.0,55.0,RABATAU (BOULEVARD),,,,130
200600060920,6,10,21,2020,3,1,1,1.0,6.0,358.0,SAINT-JEAN-D'ANGELY (ROU,,,,160
201000033969,10,9,1,1720,1,2,4,1.0,2.0,302.0,R BOURG/RTE ORMES,M,4795099.0,186297,450
201400006330,14,9,16,2200,3,1,1,1.0,6.0,450.0,,M,0.0,0,670
200600060943,6,10,17,1410,1,2,1,1.0,2.0,300.0,09 PK RN237 RE MOULIN JU,,,,170
200500046751,5,7,1,1335,1,2,6,1.0,3.0,191.0,"01, AMPERE IMPASSE",,,,850
201600018427,16,5,18,1645,1,1,1,1.0,3.0,84.0,,M,4338600.0,319772,340
200900024879,9,7,15,1810,1,2,1,1.0,2.0,483.0,BOULEVARD HUGO VICTOR,M,4.0,-,640
200500055667,5,9,30,1735,1,1,1,1.0,1.0,311.0,Domaine ARDOULOU,M,0.0,0,110
201400011773,14,8,24,1415,1,1,1,1.0,2.0,51.0,,M,0.0,0,130
201100023147,11,6,3,1350,1,1,1,1.0,6.0,415.0,"14, MOULIN DE PERAUD RUE",,,,170
200900042531,9,5,26,1640,1,2,2,1.0,3.0,81.0,"02, CAMILLE GROULT (R)",M,4.0,0,940
201100036862,11,3,7,1335,1,2,3,1.0,3.0,311.0,"50, FOSSE 24 (AV.DE LA)",,,,620
201100046163,11,6,13,125,5,2,1,2.0,7.0,26.0,R VICTOR HUGO,M,4889420.0,225756,920
201600025300,16,9,1,2110,3,2,1,1.0,6.0,278.0,BD DE LA ROBIQUETTE,M,4814070.0,-170032,350
200500078862,5,12,3,1945,3,1,1,2.0,6.0,419.0,CD 985,M,4966800.0,442200,80
201300000577,13,9,26,1015,1,2,3,2.0,3.0,179.0,R EDMOND SPALIKOWSKI,M,4960131.0,111714,760
201400029821,14,9,5,1510,1,2,1,1.0,7.0,98.0,"12, JAURES (RUE  JEAN )",M,4776357.0,-336091,560
201400019554,14,10,17,1555,1,2,3,1.0,6.0,166.0,BOULEVARD des ECASSEAUX,M,4566419.0,19049,160
200600041099,6,7,28,1755,1,2,1,1.0,3.0,345.0,BERTILLON GABRIEL (RUE),,,,910
200500019006,5,4,16,815,1,2,3,1.0,3.0,39.0,PINS (Allée des),,,,130
201600015600,16,9,27,1400,1,2,4,1.0,3.0,55.0,"42, MONTAIGNE (RUE)",M,4330437.0,541420,130
201500041869,15,3,27,1050,1,2,4,1.0,3.0,71.0,"0, GABRIEL PERI (AV)",,,,940
201300022514,13,11,3,930,1,2,3,1.0,6.0,189.0,BEAUCAIRE (ROUTE),M,4383719.0,438511,300
200900071487,9,9,27,1925,1,2,2,1.0,3.0,78.0,"0, GALLIENI (BD) (1 A 79",,,,920
201400002727,14,1,19,2200,5,2,1,2.0,6.0,283.0,ROUTE DU MARENSIN,M,4375219.0,-100788,400
200600069222,6,11,23,1340,1,1,1,3.0,1.0,329.0,"1, RD 173 (ROUTE DE LILL",,,,760
200600043859,6,7,3,1045,1,2,1,1.0,3.0,206.0,33 RUE PORTE PERCY,M,4798700.0,341200,890
201600029584,16,11,23,1145,1,1,1,1.0,2.0,447.0,"0, RD5b",M,4904898.0,614023,570
201600013630,16,1,21,1330,1,2,3,1.0,1.0,28.0,RIPERT (AVENUE EMILE),M,4318950.0,561676,130
201100064919,11,11,9,1600,1,2,1,1.0,3.0,117.0,PORTE D ASNIERES,,,,750
201600016816,16,10,11,800,1,1,1,1.0,3.0,55.0,,M,4952444.0,507925,80
201600015099,16,7,8,2035,1,2,1,1.0,2.0,55.0,"89, SAKAKINI (BOULEVARD)",M,4329429.0,540152,130
200600023937,6,5,5,2230,3,1,1,2.0,7.0,211.0,,M,0.0,0,120
200500063586,5,10,5,930,1,2,1,1.0,3.0,118.0,Rue Croix des Vignes,M,0.0,0,30
201600058525,16,11,20,1220,1,1,1,1.0,5.0,213.0,AUTOROUTE A1,,,,972
201400057377,14,3,30,840,2,2,1,1.0,4.0,112.0,BOULEVARD PERIPHERIQUE E,,,,750
200500059703,5,9,2,2320,5,2,2,1.0,3.0,14.0,R FROIDEVAUX R GASSENDI,,,,750
200700061172,7,10,8,715,1,1,1,1.0,1.0,73.0,,M,0.0,0,830
201100059867,11,12,10,1550,1,2,3,1.0,6.0,110.0,"19, BOULEVARD DE STRASBO",,,,750
200500013464,5,3,31,1730,1,1,1,1.0,6.0,31.0,,M,0.0,0,340
201200010053,12,9,12,1530,1,1,1,1.0,6.0,113.0,"LIEU DIT ""LA DEBOIRIE""",M,4681880.0,105186,360
200500028046,5,5,3,1750,1,2,3,8.0,6.0,281.0,JACQUEMART (COTE),,,,260
201300050202,13,4,30,1610,1,2,2,1.0,6.0,101.0,RUE CAMBON,,,,750
201200061652,12,9,19,1311,1,2,1,1.0,6.0,2.0,CABASSOU (ROUTE DE),,,,973
201100064339,11,1,6,800,2,2,1,2.0,6.0,120.0,ECHANGEUR BAGNOLET,,,,750
200900032127,9,8,6,1730,1,2,3,1.0,3.0,420.0,PLACE DE L'EGLISE,A,0.0,0,80
201000017472,10,7,8,1830,1,1,1,1.0,6.0,257.0,,M,0.0,0,110
200700023536,7,4,17,1755,1,2,9,1.0,3.0,468.0,GERARD PHILIPE (RUE),,,,770
200500054302,5,9,14,745,2,1,1,5.0,6.0,160.0,,M,4798700.0,-270800,560
200800065856,8,11,18,820,1,2,3,1.0,2.0,63.0,"101, POMPIDOU (AVENUE DU",,,,920
201100038097,11,7,13,1010,1,2,2,2.0,3.0,445.0,AV FOUCHET,M,4331390.0,-37577,640
201200014744,12,2,29,1530,1,2,1,1.0,6.0,55.0,"142, AVE DE SAINT LOUIS",,,,130
200800062316,8,11,21,2115,5,1,1,2.0,1.0,176.0,,M,4565500.0,518200,380
200700026636,7,5,19,1015,1,1,1,1.0,5.0,121.0,,M,0.0,0,300
201500056165,15,3,7,1530,1,2,1,1.0,4.0,114.0,PORTE DE GENTILLY,,,,750
200800074948,8,2,23,1945,5,2,3,1.0,1.0,414.0,"SANS, AUSTRALIE",,,,974
200600006786,6,2,18,1330,1,1,1,1.0,6.0,115.0,,M,0.0,0,880
200900001643,9,3,4,700,2,2,1,3.0,3.0,120.0,PORTE DE MONTREUIL,,,,750
201500044848,15,9,15,945,1,1,1,1.0,1.0,181.0,A4,,,,770
200800073638,8,12,11,810,1,2,1,1.0,3.0,115.0,"5, AVENUE DE LA PORTE BR",,,,750
201000046487,10,11,26,1750,5,2,1,1.0,6.0,85.0,BEAUBLANC (BOULEVARD DE),M,0.0,0,870
201000021961,10,8,27,1930,1,2,1,1.0,6.0,55.0,"430, RUE PARADIS",,,,130
201000023857,10,12,16,1738,5,2,2,1.0,3.0,15.0,RUE PIERRE SEMARD,M,4565300.0,17080,160
200700065297,7,10,16,1240,1,1,1,1.0,2.0,549.0,"1, PONT DE LA FOUILLE (C",,,,910
200600033584,6,6,14,1200,1,2,1,1.0,2.0,318.0,"196, AVE DU GENERAL LECL",,,,330
200800013577,8,3,15,1750,1,2,3,2.0,3.0,646.0,"0, REINE (BOULEVARD DE L",,,,780