Num_Acc,an,mois,jour,hrmn,lum,agg,int,atm,col,com,adr,gps,lat,long,dep
201200018414,12,1,21,1115,1,1,1,1.0,3.0,138.0,,M,0.0,0,60
201500014182,15,1,30,530,5,2,1,9.0,6.0,55.0,"540, CHE DE LA MADRAGUE",M,4334709.0,535539,130
200500019920,5,4,4,1500,1,2,9,1.0,3.0,108.0,DERRIEN (RUE DU COMMANDA,,,,510
201100007279,11,1,13,1230,1,1,1,1.0,1.0,235.0,26235,M,0.0,0,260
201000019113,10,11,6,1945,3,1,1,1.0,4.0,162.0,,M,0.0,0,50
201000020011,10,7,13,850,1,1,1,1.0,1.0,4.0,RD 453,,,,130
201600032172,16,7,17,1900,1,1,1,7.0,2.0,635.0,A16 - 162+800,M,0.0,0,800
200600001155,6,1,6,745,2,2,1,1.0,6.0,238.0,"9, JANVIER (AVENUE JEAN)",,,,350
200600041219,6,7,30,110,5,2,4,1.0,3.0,40.0,GENERAL DE GAULLE (AVE D,,,,920
201600008440,16,5,16,1500,1,1,1,1.0,2.0,107.0,,M,0.0,0,830
201500056377,15,7,21,1155,1,2,1,1.0,4.0,116.0,PORTE DE PASSY,,,,750
201500015147,15,9,21,1345,1,2,1,1.0,3.0,55.0,"93, RABATAU (BOULEVARD)",M,4327657.0,539764,130
200500043413,5,7,7,1750,1,2,1,1.0,3.0,29.0,"104, JUIN (AVENUE MARECH",,,,60
200700045834,7,7,17,345,5,2,2,1.0,6.0,109.0,"50, RUE JEAN BAPTISTE PI",,,,750
201200037741,12,7,29,1505,1,2,3,1.0,3.0,131.0,GENERAL LECLERC (RUE DU),,,,770
201500020056,15,10,13,715,2,2,1,1.0,2.0,8.0,51 route du lude,M,0.0,0,720
201500002684,15,2,17,1115,1,1,1,1.0,7.0,35.0,FONGALOP,M,4472634.0,96080,240
201500048312,15,12,2,2045,5,1,1,1.0,7.0,193.0,AUTOROUTE A16,M,0.0,0,620
200500059556,5,9,15,1345,1,2,2,1.0,3.0,285.0,"17, JEAN JAURES (AVENUE)",,,,700
201100008036,11,7,5,2245,3,1,1,1.0,6.0,15.0,,M,4570200.0,694100,730
201100017056,11,7,2,1330,1,1,1,9.0,6.0,67.0,,M,0.0,0,450
201600058355,16,2,13,1435,1,2,1,1.0,6.0,209.0,"com, ABBE LECORNU (RUE)",A,0.0,0,972
200800058851,8,10,11,1700,1,2,2,1.0,3.0,650.0,FRATERNITE (BOULEVARD DE,,,,590
201200055207,12,12,10,1855,5,2,5,1.0,3.0,108.0,"01, RUE DU HAVRE",,,,750
200700041285,7,7,16,930,1,1,2,1.0,5.0,190.0,,M,4683500.0,186300,360
200900008814,9,6,4,1857,1,2,2,1.0,3.0,113.0,"55, RUE DE TOLBIAC",,,,750
200600029048,6,5,26,1920,1,2,1,2.0,2.0,51.0,"20, INKERMANN (BOULEVARD",,,,920
200500032781,5,6,30,450,5,2,1,1.0,6.0,55.0,"35, CAILLOLS (AVENUE DES",,,,130
200600039133,6,7,25,1345,1,2,3,1.0,7.0,173.0,"0, RUE DES RIVIERES",,,,500
200900028947,9,3,25,1320,1,1,1,1.0,2.0,55.0,A55-SENS MARSEILLE VERS,M,4.0,0,130
200700042198,7,7,25,815,1,2,2,1.0,3.0,55.0,CAILLOLS (AVENUE DES),,,,130
201100026071,11,3,26,1230,1,1,1,1.0,7.0,32.0,ROUTE DE BELLEGARDE (C.D,M,4379334.0,458809,300
201000034587,10,11,29,1114,1,2,1,1.0,6.0,7.0,"0, GAIN ( LOUIS)",M,4747040.0,-54431,490
201400011751,14,5,7,1500,1,1,1,1.0,3.0,430.0,,M,0.0,0,800
201200008966,12,9,12,1830,1,1,1,1.0,1.0,156.0,,M,4387364.0,444293,300
200600048630,6,8,22,1840,1,2,1,1.0,6.0,350.0,"Sans objet, DUNKERQUE AV",,,,590
200800050739,8,9,22,715,2,2,1,1.0,1.0,42.0,ORMEAUX (COTE DES),,,,460
201400025248,14,7,6,2200,3,1,1,8.0,3.0,154.0,"SANS, D66  VOIE RAPIDE",M,4359946.0,393972,340
200900026549,9,6,7,1500,1,1,1,1.0,6.0,151.0,99 VOIE NON IDENTIFIEE,,,,380
200500024363,5,4,8,1800,1,1,1,2.0,3.0,336.0,,M,4770800.0,231600,450
200700026720,7,5,19,150,5,1,1,2.0,1.0,272.0,"de Belle Image, RN 306",M,0.0,0,910
201500037296,15,10,12,1350,1,2,3,1.0,3.0,2.0,"., RABELAIS (AVENUE)",,,,920
201200014943,12,3,30,1940,1,2,1,1.0,3.0,55.0,"9, AVE JEAN COMPADIEU",M,,,130
200800055279,8,10,13,1215,1,1,1,1.0,1.0,106.0,,M,4747800.0,-32100,490
201500032771,15,4,11,1855,1,2,1,1.0,3.0,29.0,"., PINEL",M,4572610.0,488711,690
201500000663,15,4,23,1730,1,1,1,1.0,3.0,676.0,"850, RTE DE BUCHY",M,4954086.0,148010,760
201500000649,15,8,10,1230,1,2,2,1.0,3.0,392.0,RTE DU PONT DE PIERRE,M,4983127.0,139925,760
200600083302,6,11,15,950,1,1,1,1.0,6.0,213.0,Z I LA JAMBETTE,,,,972
201600047976,16,11,28,608,3,1,1,1.0,4.0,434.0,AUTOROUTE A6,M,4866915.0,235091,910
200600051071,6,9,21,800,1,2,1,1.0,6.0,198.0,Rue de Nantes,M,0.0,0,440
201000015753,10,9,18,1700,2,2,1,1.0,3.0,30.0,CARNOT (BOULEVARD),,,,60
201600024824,16,11,11,1900,5,2,1,1.0,3.0,172.0,LIBERTE (AVENUE DE LA,M,4361000.0,383554,340
200500063803,5,10,9,1800,1,2,1,1.0,5.0,216.0,,M,0.0,0,100
200800063920,8,11,22,1440,1,2,1,1.0,2.0,183.0,"0000, RN 1",,,,590
201300054997,13,5,22,1205,1,2,2,1.0,6.0,118.0,"103 bis, RUE LAMARCK",,,,750
200500053577,5,8,10,1635,1,2,1,1.0,2.0,18.0,MARX (BOULEVARD),,,,950
200500033504,5,6,16,935,1,2,6,1.0,6.0,69.0,LIBERATION-CH. DE GAULLE,,,,330
201300004321,13,6,29,1130,1,1,1,1.0,3.0,299.0,,M,0.0,0,690
201500030169,15,9,9,750,1,2,1,1.0,6.0,650.0,"186, PATRIOTES (RUE DES)",,,,590
200900053060,9,7,5,130,5,2,1,1.0,6.0,212.0,"32, PIERRE BERANGER (RUE",,,,130
200700027212,7,5,3,1415,1,2,1,2.0,3.0,88.0,"0, COMBOUL (AV. RAYMOND)",,,,60
200600070290,6,11,12,1040,1,2,3,1.0,2.0,66.0,"02, LAMAZE DOCTEUR",,,,930
200900026114,9,8,27,245,5,2,1,1.0,7.0,561.0,55 AVENUE DE BAYONNE,M,4.0,0,310
201600024099,16,8,20,420,5,2,1,8.0,6.0,63.0,S/FRERES MOGA>PONTSTJEAN,M,4482920.0,-55225,330
201500017626,15,6,18,1100,1,1,1,1.0,1.0,195.0,,M,4627800.0,264600,30
201000056887,10,10,10,530,4,1,1,1.0,6.0,50.0,A86,,,,920
201300012240,13,4,22,1800,1,2,1,1.0,6.0,450.0,R JOSEPH CORNUDET,M,4901320.0,206110,950
201000007851,10,7,17,1030,1,1,1,1.0,5.0,333.0,,M,4508360.0,545778,380
200500038147,5,6,22,1215,1,1,1,1.0,6.0,189.0,,M,0.0,0,720
201500015461,15,11,6,830,1,2,1,1.0,3.0,55.0,"00, BAILLE (BOULEVARD)",M,0.0,0,130
201600024231,16,10,4,945,1,2,1,1.0,3.0,200.0,10TOUSSAINTCATROS>MAGUDA,M,4485990.0,-69583,330
201400052870,14,4,25,1540,1,2,2,2.0,7.0,108.0,"91, AVENUE DES CHAMPS EL",,,,750
200500012430,5,3,29,1200,1,1,1,2.0,5.0,163.0,,M,0.0,0,490
200500086451,5,5,31,2100,5,2,1,1.0,1.0,101.0,"RN5, VIEUX BOURG",,,,971
201300021975,13,9,6,1900,1,1,1,1.0,7.0,39.0,RN165 (VE),,,,290
201600028758,16,4,20,1606,1,2,1,1.0,2.0,395.0,CITADELLE (RUE DE LA),,,,540
201100005931,11,2,5,1030,1,2,1,1.0,6.0,42.0,avenue de toulouse,M,4280410.0,59936,310
201100064888,11,10,22,1615,1,2,1,1.0,3.0,114.0,PORTE DE GENTILLY,,,,750
201600017602,16,4,27,1630,1,2,9,1.0,6.0,274.0,AV MARECHAL LECLERC,M,4857730.0,-109178,500
200700029410,7,5,31,925,1,2,2,1.0,3.0,266.0,"1, RUE CHARLES ROBIN",,,,690
201100017377,11,7,7,1315,1,1,1,1.0,6.0,543.0,,M,5063800.0,228600,620
200600004393,6,1,21,1250,1,1,1,1.0,6.0,106.0,A7-Sens Lyon vers Marsei,,,,130
201000045994,10,7,20,35,5,2,3,1.0,6.0,194.0,COLIGNY (BOULEVARD),,,,860
200500063034,5,10,15,1730,1,2,1,3.0,3.0,331.0,Rue Jean Jaures,M,0.0,0,400
200500059622,5,9,27,1450,1,2,1,1.0,6.0,95.0,PREM DIV FRANCAISE LIBRE,,,,720
201200020816,12,10,8,1255,1,1,1,1.0,1.0,300.0,"2, 05 PK RN237 MOULIN JU",,,,170
200800034881,8,6,6,1415,1,1,1,1.0,2.0,65.0,AUTOROUTE A86,,,,940
201200046198,12,11,27,1700,1,2,1,1.0,2.0,17.0,SONIA DE LAUNAY (VOI),,,,940
200700043195,7,7,6,1730,1,2,1,1.0,3.0,184.0,RN 171 (DU PONT SNCF A É,,,,440
201100017337,11,8,7,330,3,1,1,1.0,6.0,167.0,,M,4711970.0,191774,180
201300036792,13,5,31,1635,1,1,3,1.0,3.0,35.0,ROBION-RD2 (ROUTE DE),,,,840
201000063822,10,3,31,1110,1,2,1,1.0,2.0,115.0,QUAI D ISSY LES MOULINEA,,,,750
200500051611,5,8,21,1605,1,2,2,1.0,7.0,7.0,"00, MEIGNANNE",,,,490
201200027280,12,3,26,840,1,2,6,7.0,2.0,122.0,GITONNIERE (RUE DE LA),,,,370
201000028789,10,1,29,1600,1,2,2,3.0,6.0,63.0,CRS VICTOR HUGO,,,,330
201200013290,12,12,31,1810,5,2,1,1.0,6.0,387.0,"83, PREMIER MAI (AVENUE)",M,4830487.0,409041,100
201400028734,14,10,17,1420,1,2,1,1.0,6.0,328.0,ARCHE DOREE (PLACE),M,4725654.0,-7888,490
201200049579,12,9,7,1745,1,1,1,1.0,4.0,572.0,ROUTE NATIONALE 184,,,,950
201300051103,13,2,7,2005,5,2,7,1.0,2.0,107.0,"67, BOULEVARD DES INVALI",,,,750
200900061780,9,5,30,1025,1,2,3,1.0,6.0,481.0,RUE D'ECQUEVILLE,,,,760
200800042659,8,7,10,830,1,2,1,1.0,2.0,119.0,PORTE DE PANTIN,,,,750
201600011363,16,12,17,1800,5,2,1,1.0,6.0,88.0,"08, avenue Henry DUNANT",M,4372078.0,726312,60
201300011527,13,12,1,800,2,1,1,1.0,7.0,397.0,,M,4320700.0,241500,110
200700023326,7,4,28,130,5,2,1,1.0,3.0,10.0,138 R LA FAYETTE,,,,750
200800057595,8,10,28,1900,5,2,3,3.0,3.0,462.0,BESANCON (DU 26 AU 72),,,,250
201600010135,16,9,9,1715,1,2,1,1.0,6.0,3.0,AVENUE DE TOURS,M,4741900.0,97000,370
201600036209,16,11,19,2027,5,2,3,1.0,3.0,85.0,"07, STALINGRAD (PLACE)",M,4583270.0,125870,870
200600059829,6,10,11,430,5,1,1,1.0,7.0,182.0,,M,4878900.0,328000,770
200600015427,6,3,12,130,5,1,1,1.0,3.0,444.0,HAMEAU DES CROISETTES,M,0.0,0,800
200800025415,8,5,9,1210,1,2,2,1.0,3.0,681.0,"1, BRIAND. RUE ARISTIDE",,,,760
201400011451,14,11,7,1752,5,2,1,1.0,6.0,88.0,"57, GAMBETTA (A PARTIR D",,,,60
201200025764,12,6,29,845,1,2,1,1.0,6.0,92.0,AVENUE AUGUSTE BARBIER,M,4721533.0,-72898,490
200600044812,6,6,7,1940,1,2,1,1.0,2.0,185.0,"163, LIBERATION (COURS)",,,,380
200700000614,7,1,1,2145,5,2,1,2.0,3.0,89.0,ue de la Table de Pierre,M,0.0,0,690
201400019462,14,7,28,1200,1,2,1,1.0,2.0,105.0,AVENUE DES VOIRONS,M,0.0,0,740
201200052675,12,9,3,1630,1,1,1,1.0,7.0,29.0,RD383   7.640 A 11.044,,,,690
201400011852,14,6,20,2015,1,1,1,1.0,6.0,206.0,,M,0.0,0,690
200600022365,6,4,16,120,5,2,2,9.0,3.0,49.0,"93, PERI RUE GABRIEL N°3",,,,920
200900036071,9,5,26,1710,1,2,1,1.0,3.0,88.0,"0, ARMEE DU RHIN (PLACE)",,,,60
201400018647,14,10,26,200,3,1,1,1.0,6.0,187.0,La Pagerie,M,4765095.0,-86116,490
200500019731,5,4,20,1927,1,2,1,1.0,2.0,189.0,Départementale 3,,,,420
200600055511,6,9,1,1835,1,2,2,1.0,3.0,224.0,ROOSEVELT (BOULEVARD DU,,,,680
201100015573,11,1,26,1500,1,2,1,1.0,4.0,88.0,"8, BARLA (RUE)",,,,60
200600068544,6,11,1,1640,1,2,1,1.0,7.0,6.0,36 BD SAINT MICHEL,,,,750
200700044477,7,7,12,756,1,2,1,1.0,6.0,85.0,VANTEAUX (BOULEVARD DE),,,,870
200800034806,8,6,21,1855,1,1,1,1.0,3.0,46.0,A86,,,,940
200700065036,7,10,30,1800,5,2,1,1.0,4.0,90.0,SEYNE (ROUTE DE LA),,,,830
201400026199,14,3,5,1845,1,2,2,1.0,3.0,261.0,RUE LEON BOYER,,,,370
200500060242,5,9,30,906,1,2,2,1.0,3.0,5.0,R BERTHOLET R CLAUDE BER,,,,750
200900025540,9,6,7,1445,1,2,1,1.0,3.0,555.0,"999, BD PIERRE SEMARD",,,,310
201500048681,15,7,4,1900,1,2,2,1.0,6.0,259.0,DOCTEUR GEORGES LEVY (DU,,,,690
200600066753,6,11,5,1020,1,2,2,1.0,3.0,189.0,"., BOURDALOUE (RUE)",,,,300
201600054546,16,5,26,1600,1,2,1,1.0,7.0,106.0,"121, RUE DU CHERCHE MIDI",M,4884570.0,231946,750
200600015431,6,3,9,1000,1,2,1,2.0,6.0,71.0,RN 25,M,5012000.0,234000,800
201100044831,11,10,4,1705,1,2,1,1.0,2.0,657.0,PIERRE MARIN (RUE),,,,910
200600035578,6,6,27,1420,1,2,1,1.0,3.0,10.0,104 R LA FAYETTE,,,,750
201600016001,16,11,21,1010,1,2,1,3.0,6.0,55.0,"1, QUATRE SEPT (PLACE DU",M,4328869.0,535974,130
201100019348,11,1,24,1210,1,2,3,1.0,3.0,55.0,BD PEPIN,M,4325790.0,539289,130
201400055919,14,2,12,1300,1,2,1,1.0,3.0,117.0,"19, AVENUE DE LA GRANDE",,,,750
201400038318,14,2,11,1700,1,2,1,2.0,6.0,174.0,DUNANT ( BD HENRI),,,,910
200800037132,8,7,13,530,2,2,1,2.0,1.0,468.0,31 rue de la gare,M,4788000.0,676500,880
201400038167,14,7,12,1500,1,2,1,1.0,3.0,425.0,"10, ORLEANS (ROUTE D')",,,,910
200900014796,9,4,12,1705,1,1,1,2.0,6.0,32.0,ROUTE DE FOURQUES,M,4.0,0,300
200500076041,5,11,9,1920,5,2,1,2.0,7.0,194.0,FIEF MOINE (ALLEE DU),,,,850
200900009022,9,6,12,2015,1,2,1,1.0,3.0,107.0,"99, AVENUE DE LA BOURDON",,,,750
201000052895,10,10,11,1045,1,2,1,1.0,3.0,28.0,R DOMINIQUE DUVAUCHELLE,,,,940
200800039571,8,7,23,1410,1,2,9,1.0,6.0,41.0,"1, TIREBOEUF (COTE DE)",,,,430
201600006191,16,11,2,1630,1,1,1,1.0,6.0,462.0,,M,4899800.0,656600,540
201200029812,12,12,7,1956,5,2,1,1.0,3.0,7.0,42 BD ALLONNEAU,M,4748393.0,-52684,490
200700063350,7,10,23,1610,1,2,2,1.0,1.0,172.0,"770, MOULARES (CHEMIN DE",,,,340
201400023063,14,1,31,1400,1,2,1,1.0,6.0,555.0,"1, RUE AUGUSTE GUENOT",,,,310
201400028736,14,10,24,1700,1,2,2,1.0,3.0,328.0,GRANDE RUE (RUE),M,4725633.0,-7677,490
200800007760,8,2,12,1350,1,2,1,1.0,6.0,55.0,STALINGRAD (SQUARE),,,,130
201600026787,16,11,16,725,5,2,1,3.0,6.0,109.0,PONT DE PONT ROUSSEAU,M,4719671.0,-153803,440
200600043272,6,7,29,15,3,1,1,1.0,7.0,393.0,,M,0.0,0,10
201000007420,10,3,20,1630,1,1,9,1.0,3.0,261.0,,M,0.0,0,70
201400030515,14,5,16,1955,1,2,3,1.0,3.0,170.0,K (ALLEE - LA CROIX DE P,,,,590
201000048129,10,7,12,1800,1,2,4,1.0,3.0,32.0,DOLIVET J ET M (AVENUE),,,,920
200900035530,9,4,7,745,1,1,1,1.0,1.0,368.0,RD 191,M,4.0,0,780
200800010959,8,2,13,20,5,2,2,1.0,3.0,114.0,BOULEVARD ROMAIN ROLLAND,,,,750
200700012960,7,3,27,1145,1,1,1,1.0,3.0,4.0,,M,4364100.0,455500,130
201300018316,13,7,16,1415,1,2,9,1.0,3.0,13.0,Route de bellegarde,M,4564627.0,428980,420
201100024609,11,7,5,1925,1,2,1,1.0,6.0,31.0,"02, FRANCHE-COMTE (RUE D",,,,250
201100027184,11,1,4,830,1,2,1,1.0,6.0,522.0,"9, RUE FRANCOIS RABELAIS",,,,330
201000026616,10,1,21,1430,1,1,1,1.0,2.0,24.0,"SANS, RN 123",M,4841620.0,146785,280
201000029042,10,4,18,955,1,2,2,1.0,6.0,119.0,RUE SAINT-EXUPERY,,,,330
201600056607,16,9,7,900,1,2,3,1.0,6.0,119.0,"328, RUE DE BELLEVILLE",M,4887700.0,240599,750
200500011272,5,2,22,1415,1,1,3,1.0,1.0,140.0,,M,0.0,0,570
200500067106,5,10,9,1830,1,2,1,1.0,6.0,512.0,DE ROUBAIX (RUE PIERRE),,,,590
201000050971,10,2,19,850,1,2,1,8.0,2.0,46.0,"96, ROGER SALENGRO BOULE",M,4891080.0,252787,930
200600039503,6,7,23,915,1,2,2,1.0,6.0,217.0,"02, CAMBLAIN (DE)",,,,620
201600016363,16,2,22,850,1,2,1,1.0,2.0,19.0,ROUTE*D'APT,M,4346661.0,535406,130
201000012603,10,7,31,1845,1,1,1,1.0,1.0,132.0,,M,0.0,0,840
201200061535,12,2,15,1325,1,1,1,1.0,3.0,2.0,"02, BRUTUS (CITE)",,,,973
200900049773,9,12,2,1140,1,2,1,2.0,6.0,350.0,CD 651 (sortie St Mauric,,,,590
201100065537,11,8,28,1,5,2,1,1.0,6.0,3.0,Rte du lamentin RN 2002,A,0.0,0,971
201100059449,11,7,9,1620,1,2,1,1.0,3.0,109.0,"17bis, BOULEVARD HAUSSMA",,,,750
201600017647,16,6,19,915,1,1,2,1.0,3.0,714.0,,M,4922640.0,-81569,140
201300030467,13,2,8,1250,1,2,3,1.0,3.0,512.0,LAGACHE (AVENUE JULIEN),,,,590
201200034845,12,11,22,1722,1,2,6,1.0,3.0,445.0,RP DROITS DE L' HOMME,,,,640
201000026172,10,3,17,1930,3,1,9,1.0,3.0,91.0,,M,0.0,0,10
200700066193,7,10,14,2300,4,1,1,1.0,3.0,527.0,AUTOROUTE A3,,,,950
201100038818,11,3,8,805,1,2,1,1.0,2.0,482.0,"0, LOUIS PASTEUR (QUAI)",,,,670
201600019243,16,12,9,1400,1,1,1,1.0,6.0,560.0,CD 91,M,4941124.0,120745,760
201200011852,12,11,23,2120,5,2,1,1.0,6.0,88.0,"52, MATISSE (AV. HENRI)",,,,60
200900074541,9,12,25,10,5,2,3,1.0,6.0,7.0,LENINE (AVENUE),,,,974
201500052243,15,10,9,1530,1,2,7,1.0,3.0,110.0,"19, BOULEVARD DE MAGENTA",,,,750
201200055817,12,10,9,730,2,2,3,2.0,2.0,111.0,"29, RUE RICHARD LENOIR",,,,750
201400058043,14,9,26,1125,1,2,1,1.0,2.0,116.0,PORTE DAUPHINE,,,,750
200900059093,9,8,3,1710,1,2,1,1.0,4.0,88.0,"61, GRENOBLE (ROUTE DE)",,,,60
201300005733,13,10,25,2345,5,2,1,1.0,6.0,190.0,"27, LYON (ROUTE DE)",,,,30
200900044775,9,1,3,1400,1,2,3,1.0,3.0,44.0,"42, BAUDIN (RUE) 27A83 E",,,,920
201300026245,13,3,6,1900,1,2,2,1.0,3.0,185.0,"0, PONT DE LA PORTE DE F",,,,380
201000042990,10,8,5,2309,5,2,1,1.0,2.0,575.0,"1, CROIZAT. AVENUE AMBRO",,,,760
201000014520,10,3,20,1015,1,1,1,8.0,3.0,127.0,LES THURELLES,M,4812007.0,276603,450
201500044292,15,9,9,1,3,2,1,1.0,1.0,527.0,RN 104,M,4902690.0,251170,950
200800030032,8,6,25,845,1,1,1,1.0,6.0,203.0,,M,0.0,0,120
200500005361,5,1,12,210,5,2,2,2.0,3.0,21.0,CHATEAUDUN (BOULEVARD DE,,,,800
201400024839,14,11,24,1930,5,2,6,1.0,3.0,522.0,RUE PACARIS,,,,330
201200043456,12,8,1,1740,1,2,1,1.0,2.0,72.0,"., SAINT CLOUD (RUE DE)",,,,920
201200006340,12,6,7,805,1,1,1,1.0,3.0,95.0,"0, RD 906B",,,,30
201400046591,14,6,8,2006,1,1,1,1.0,7.0,384.0,A5b,,,,770
201100062436,11,3,3,1655,1,2,1,1.0,5.0,117.0,"184, AVENUE DE CLICHY",,,,750
201100046641,11,7,20,1800,1,2,1,1.0,3.0,20.0,"140, AV DE LA REPUBLIQUE",,,,920
200600075932,6,12,11,1720,5,2,1,1.0,1.0,229.0,"25, POLITZER (RUE GEORGE",,,,270
201400040231,14,9,7,1920,1,2,1,1.0,3.0,44.0,"160, VIC. HUGO(RUE)115A1",,,,920
201000033646,10,12,15,2050,5,2,1,1.0,6.0,114.0,RN 137,,,,440
200500034601,5,6,12,1330,1,1,1,1.0,6.0,113.0,"59, GRAVOUSES (RUE DES)",,,,630
201000018847,10,4,14,1445,1,1,1,1.0,3.0,339.0,,M,4558600.0,516200,380
201200019218,12,1,22,1200,1,2,1,1.0,3.0,149.0,chemin d'Abeilhan,M,4348353.0,330450,340
201200015355,12,5,24,1150,1,2,1,1.0,3.0,55.0,"54, AVE DE LA CORSE",M,,,130
201000033020,10,9,10,2027,5,2,2,1.0,3.0,218.0,"22, MUSSET ALFRED DE (BD",M,4544261.0,437925,420
200500036479,5,6,27,840,1,2,3,1.0,6.0,24.0,"107/109, JEAN JAURES (BD",,,,920
201500022510,15,4,20,625,5,1,1,1.0,1.0,555.0,"999, VA007418 PONT JUMEA",,,,310
200700075458,7,12,11,645,3,1,1,1.0,7.0,572.0,,M,0.0,0,570
201200020369,12,10,10,1330,1,1,1,1.0,1.0,297.0,48.964 6.664,M,0.0,0,570
200600062244,6,10,16,814,1,1,1,1.0,5.0,83.0,ROUTE NATIONALE  165,,,,560
201200012027,12,9,10,1545,1,1,1,1.0,7.0,146.0,"2, REPUBLIQUE (PLACE)",,,,70
200700045761,7,7,17,1540,1,2,1,1.0,3.0,107.0,"1, AVENUE JOSEPH BOUVARD",,,,750
201100059259,11,10,23,530,5,2,3,1.0,6.0,108.0,"66, RUE DE PONTHIEU",,,,750
201300014783,13,4,8,1345,1,2,1,1.0,7.0,55.0,"22, RUE GAGLIARDO",M,4327784.0,537283,130
201100031116,11,4,1,828,1,2,2,1.0,3.0,218.0,"IGNORE, SAINT EXUPERY",M,4546365.0,438222,420
201400022226,14,9,19,1735,1,2,3,1.0,6.0,19.0,"., VAUBAN (DE 1 A 23 ET",M,4838489.0,-450096,290
200500057862,5,9,7,1225,1,2,1,1.0,2.0,362.0,"sans n°, ROMANS AVENUE D",,,,260
200700030541,7,5,4,2030,2,2,1,1.0,3.0,194.0,RENE CASSIN (BOULEVARD),,,,860
201000008265,10,7,24,430,3,1,1,1.0,6.0,202.0,,M,4518200.0,659200,730
200600041412,6,7,13,1945,1,2,2,1.0,3.0,48.0,EPERNONS (RUE DES),,,,930
201500017006,15,1,8,1830,3,1,1,1.0,5.0,282.0,,M,0.0,0,180
201300045995,13,4,16,1430,1,1,1,1.0,4.0,66.0,AUTOROUTE A1,M,4891930.0,235757,930
200500077274,5,11,12,745,2,1,1,2.0,3.0,131.0,ROUTE NATIONALE 225,,,,590
200700057159,7,9,3,1515,1,1,1,1.0,1.0,136.0,ARGELES SUR MER AVENUE D,,,,660
201400048140,14,6,2,730,1,1,1,1.0,3.0,48.0,N118,,,,920
201500000345,15,7,27,1800,1,1,1,2.0,7.0,206.0,,M,5001930.0,272739,800
201500044095,15,5,19,820,1,2,1,1.0,3.0,426.0,R DE LA  TOUR,M,4900690.0,227960,950
201500049935,15,1,4,105,3,1,1,1.0,6.0,106.0,A7-Sens Marseille*vers L,,,,130
201100050810,11,4,17,1000,1,2,2,1.0,3.0,76.0,MAXIME GORKI / CLEMENT,M,4879590.0,236833,940
201100061270,11,5,27,1120,1,2,2,1.0,3.0,114.0,RUE DE L OUEST,,,,750
201600000044,16,11,5,1445,1,1,1,1.0,6.0,634.0,,M,0.0,0,590
200500044740,5,7,8,1330,1,2,1,1.0,3.0,185.0,"00, SEMARD (RUE P.)",,,,380
201200016928,12,8,9,740,2,1,1,1.0,3.0,108.0,RD 99 DEVIATION,,,,130
201600052270,16,4,11,1640,1,2,1,2.0,7.0,108.0,"19, RUE DE ROME",M,4887610.0,232365,750
200500008192,5,2,13,55,5,2,2,1.0,3.0,107.0,ROUTE DEPARTEMENTALE 29,,,,560
201300042842,13,2,16,1800,2,2,1,1.0,2.0,4.0,"10, AV CHARLES DE GAULLE",M,4875390.0,249835,940
201500023531,15,6,17,2345,5,2,4,1.0,7.0,63.0,SUR CRS M.NOUAUX,M,4484560.0,-59365,330
200900052207,9,6,22,1730,1,1,1,1.0,4.0,213.0,,M,4.0,0,340
201500047343,15,9,3,1010,1,1,1,1.0,1.0,534.0,RN 118,,,,910
201400017824,14,12,14,745,2,1,1,2.0,6.0,318.0,,M,4874754.0,607718,540
201200059378,12,1,10,1930,2,2,2,1.0,3.0,108.0,"62, BOULEVARD MALESHERBE",,,,750
201300008449,13,7,11,1430,1,1,1,1.0,3.0,351.0,,M,0.0,0,110
201600018207,16,7,9,1045,1,1,1,1.0,1.0,329.0,,M,4851689.0,-152353,350
201600005777,16,6,29,745,1,1,1,1.0,6.0,120.0,,M,0.0,0,30
200500084442,5,12,10,620,5,1,1,1.0,6.0,290.0,A43,,,,690
201000032367,10,2,20,1531,1,2,1,1.0,2.0,212.0,PATTE D'OIE (ROND POINT),M,4756040.0,137316,410
201000014180,10,2,15,2215,3,1,1,9.0,7.0,241.0,RD 47,M,4905870.0,243840,950
201300050973,13,6,19,930,1,2,2,1.0,2.0,105.0,"2, BOULEVARD SAINT MICHE",,,,750
201600008694,16,3,19,1300,1,1,1,1.0,1.0,145.0,,M,4363910.0,413655,340
201600004926,16,10,25,1645,1,2,1,1.0,1.0,545.0,av de la gare decheterie,M,4504768.0,568690,380
200500072014,5,11,11,1115,3,1,1,5.0,7.0,114.0,,M,0.0,0,370
201400050035,14,10,28,2150,5,1,1,1.0,3.0,39.0,ROCADE A 630,,,,330
201400006014,14,1,15,1205,1,2,1,1.0,6.0,95.0,"74, VICHY (AVENUE DE)",,,,30
201500057727,15,8,29,240,5,2,2,1.0,3.0,302.0,FELIX EBOUE(ROCADE),G,492958.0,5231512,973