Num_Acc,an,mois,jour,hrmn,lum,agg,int,atm,col,com,adr,gps,lat,long,dep
200800059763,8,10,22,1405,1,2,3,1.0,6.0,33.0,"26, FAURE (Marceau)",,,,820
200800073953,8,12,19,2215,5,2,3,1.0,7.0,112.0,RUE DES PIROGUES DE BERC,,,,750
200800061345,8,10,3,820,1,1,1,1.0,2.0,215.0,A7-Sens Marseille vers L,,,,130
201500022036,15,4,1,1740,1,2,9,1.0,3.0,189.0,baillet claude,M,4381181.0,436217,300
201100042078,11,3,11,2340,5,2,2,1.0,3.0,490.0,R CURIE/LAVOISIER,M,4880290.0,196939,780
200900006405,9,4,17,1630,1,1,1,4.0,3.0,140.0,,,,,480
201500014528,15,6,19,225,5,2,1,1.0,6.0,55.0,"25, DUGOMMIER (BOULEVARD",M,4329872.0,538091,130
200500039573,5,6,3,1930,1,1,1,1.0,3.0,214.0,,M,4347900.0,326900,340
201300027117,13,8,14,1505,1,2,1,1.0,6.0,109.0,BOULEVARD JEAN MONNET,,,,440
200500016591,5,3,22,2315,5,2,3,1.0,6.0,9.0,PL ADOLPHE MAX R DE VINT,,,,750
201400016351,14,2,17,1845,4,2,1,1.0,6.0,32.0,NIMES ROUTE DE CD 999,M,4381682.0,461446,300
201000016881,10,7,29,320,5,2,1,1.0,1.0,159.0,"07, PRINCESSE GRACE DE M",,,,60
201600019409,16,12,21,1045,1,1,1,2.0,3.0,161.0,,M,4766743.0,-307734,560
200900068302,9,12,11,1815,5,1,4,1.0,1.0,357.0,"1, RD 30",,,,540
200500073529,5,11,14,1554,1,2,1,2.0,7.0,32.0,"44, RIQUET PIERRE PAUL (",,,,340
200500066381,5,10,20,158,5,2,1,2.0,6.0,185.0,"6 ter, CLEMENCIERES (ROU",,,,380
201000057482,10,10,2,211,3,1,1,1.0,6.0,589.0,AUTOROUTE A6,,,,910
201500009106,15,10,25,115,5,2,1,2.0,6.0,587.0,53 rue div leclerc,M,0.0,0,910
201000052971,10,6,23,1850,1,2,2,1.0,2.0,33.0,LOUISON BOBET (AV),M,4885250.0,249075,940
201500005545,15,2,11,1415,1,1,1,1.0,3.0,184.0,,M,0.0,0,150
201300035246,13,1,3,746,3,1,1,2.0,1.0,123.0,CD 212,,,,770
201100026656,11,6,17,1250,1,2,1,1.0,2.0,555.0,"19, RTE DE REVEL",,,,310
201200054878,12,10,4,945,1,2,4,1.0,7.0,108.0,"11, AVENUE GEORGE V",,,,750
201100062065,11,6,7,1630,1,2,1,1.0,2.0,116.0,AVENUE DE LA GRANDE ARME,,,,750
200500015259,5,3,21,2247,3,2,1,1.0,7.0,179.0,RN 87,,,,380
201000031300,10,11,30,1845,5,2,3,1.0,6.0,288.0,"000, PASTEUR (AVENUE)",,,,350
201600000743,16,10,3,1830,1,2,1,1.0,4.0,16.0,RUE GENERAL DE GAULE,M,4924713.0,142398,270
200500043676,5,7,17,515,5,2,1,1.0,2.0,1.0,"48, GALICE (RTE DE)",,,,130
201300015067,13,5,27,700,1,2,2,1.0,3.0,55.0,CHE DU MERLAN A LA ROSE,M,4333113.0,540617,130
200900047506,9,6,5,1135,1,2,1,1.0,6.0,44.0,"24, RIVAY(RUE)25A39 ET 2",,,,920
201300001216,13,3,7,1515,1,2,1,1.0,3.0,258.0,cour des quais,M,4758721.0,-302914,560
201000008448,10,8,22,1530,1,1,1,1.0,3.0,236.0,,M,4589800.0,669900,740
200700071559,7,11,9,930,1,1,1,1.0,3.0,424.0,AUTOROUTE A15,,,,950
200800036782,8,7,5,1745,1,1,1,1.0,2.0,67.0,,M,4573600.0,459800,690
200700021260,7,4,24,2020,1,2,1,1.0,3.0,85.0,"SANS, SAINT BRICE (RUE)",,,,280
200700065773,7,10,25,1100,1,2,1,1.0,3.0,73.0,BROSSOLETTE (RUE PIERRE),,,,930
200800025278,8,5,17,800,1,2,2,2.0,3.0,149.0,AUGUSTE BLANQUI,,,,690
201300024475,13,7,14,1520,1,2,1,9.0,6.0,32.0,AGDE (ROUTE D'),,,,340
201400054001,14,2,24,940,1,2,5,1.0,3.0,112.0,"88, RUE DE CHARENTON",,,,750
201000012113,10,7,16,1600,1,1,1,1.0,1.0,92.0,,M,0.0,0,60
201000067763,10,10,25,2130,4,2,1,1.0,6.0,23.0,RN1A,R,0.0,0,974
201400040514,14,5,23,1840,1,2,1,9.0,3.0,50.0,"40, SURESNES RUE DE",,,,920
200600065151,6,10,6,1215,1,2,1,1.0,6.0,203.0,"FACE 33, REPUBLIQUE (BOU",,,,950
200700021311,7,4,7,1140,1,2,6,1.0,3.0,189.0,"..., MITTERAND FRANCOIS",M,4381804.0,436035,300
200700060196,7,10,17,1730,1,1,1,1.0,1.0,454.0,,M,4956100.0,-174900,500
201200054683,12,5,4,1340,1,2,1,8.0,3.0,108.0,"235, RUE DU FAUBOURG SAI",,,,750
200600047366,6,8,8,2230,5,2,6,1.0,3.0,55.0,"00, BARQUIERE (AVENUE DE",,,,130
200800013183,8,3,19,1145,1,2,1,1.0,3.0,440.0,"47,  BARERE (AVENUE BERT",,,,650
200500012389,5,3,22,1845,1,1,1,1.0,1.0,243.0,,M,4859200.0,-28700,610
201600012515,16,12,10,1315,1,1,1,5.0,2.0,149.0,,M,0.0,0,820
200500060132,5,9,27,1815,1,2,1,1.0,7.0,4.0,VERD PT D ARCOLE PT LOUI,,,,750
200900051351,9,11,2,2130,5,2,3,2.0,3.0,445.0,AV RESISTANCE/RUE BOYRIE,M,4.0,-,640
201000055636,10,5,5,615,1,1,1,1.0,5.0,48.0,AUTOROUTE A86,M,4886640.0,248161,930
201100049519,11,5,25,1510,1,2,2,1.0,2.0,66.0,BRICHE / ELUARD,,,,930
200700021526,7,4,24,750,1,2,2,1.0,3.0,63.0,RUE LABAT,,,,330
201100011677,11,12,9,1115,1,1,1,1.0,1.0,123.0,,M,0.0,0,40
200900009411,9,6,28,910,1,2,3,1.0,1.0,112.0,"271, AVENUE DAUMESNIL",,,,750
200800039950,8,7,24,905,1,2,2,1.0,6.0,9.0,"00, DE MONTALEMBERT BVD",,,,590
201400051102,14,3,31,1445,1,1,1,1.0,2.0,137.0,A57,M,0.0,0,830
201500024465,15,3,9,1600,1,2,1,1.0,3.0,172.0,"0, MOULARES (CHEMIN DE",M,4360020.0,389452,340
201200039938,12,12,3,850,1,1,1,1.0,1.0,157.0,NOUAILLE (ROUTE DE),,,,860
201300021666,13,6,28,1315,1,1,1,1.0,3.0,419.0,,,,,10
200700065598,7,10,20,35,5,2,1,1.0,3.0,30.0,HUIT-MAI-1945 (AVENUE DU,,,,930
200600008577,6,2,22,1720,1,2,1,1.0,6.0,109.0,"1, BOULEVARD ERNEST DALB",,,,440
200800060707,8,10,4,1435,1,2,1,1.0,3.0,73.0,JULES GOURIE (R),,,,940
201300021221,13,10,30,1930,3,1,1,1.0,1.0,239.0,,M,0.0,0,380
201000007457,10,6,28,1430,1,1,1,1.0,3.0,330.0,,M,0.0,0,70
200800042133,8,7,17,1040,1,2,4,1.0,3.0,108.0,"76, BOULEVARD HAUSSMANN",,,,750
201100043123,11,6,15,2205,5,2,1,1.0,3.0,123.0,"2456, BANDOL (ROUTE)N? P",,,,830
200700030578,7,5,18,157,5,2,1,2.0,6.0,85.0,"2, CARNOT (PLACE LAZARE)",,,,870
200700000627,7,1,22,1740,2,2,1,3.0,6.0,72.0,chemin de charière,M,0.0,0,690
201100063190,11,1,15,2255,3,2,3,1.0,3.0,119.0,"221, BOULEVARD MACDONALD",,,,750
201500039838,15,10,7,1932,5,2,2,2.0,3.0,5.0,MARC CHAGALL (BOULEVARD),,,,930
200900011223,9,2,6,1230,1,2,1,1.0,6.0,482.0,"SPV, QUAI LOUIS PASTEUR",M,4.0,0,670
200800070577,8,12,9,2000,5,2,2,3.0,3.0,55.0,"82, MICHELET (BOULEVARD)",,,,130
200600076356,6,12,7,1030,1,2,1,1.0,6.0,172.0,ESCOUTADOU (RUE DE L'),,,,340
200700061327,7,10,16,1115,1,1,1,1.0,1.0,472.0,,M,4848800.0,184900,780
201600032000,16,1,29,2040,5,2,2,1.0,3.0,136.0,GRANDE BRETAGNE (AVENUE,M,4269880.0,287781,660
201400022766,14,9,22,1300,1,2,1,1.0,6.0,189.0,PITOT (RUE),M,4384725.0,437804,300
200500035762,5,6,17,2000,1,2,1,1.0,7.0,447.0,BIGNE A FOSSE N° >169 ET,,,,760
201000053711,10,4,18,1600,1,2,2,1.0,6.0,68.0,ELIAS HOWES (R),M,4879420.0,248109,940
201100012498,11,6,24,930,1,2,1,1.0,1.0,94.0,CD 18 aire de jeux,M,4344500.0,326000,340
200500042400,5,7,5,30,3,1,1,1.0,1.0,110.0,,M,4348700.0,568900,130
201100011802,11,12,22,1815,2,1,1,1.0,6.0,44.0,,M,0.0,0,60
201300003732,13,9,7,2030,1,1,1,2.0,6.0,215.0,,M,4291220.0,178347,90
200900016169,9,8,22,1825,1,2,1,1.0,6.0,110.0,BOULEVARD DE MAGENTA,,,,750
201600010916,16,1,18,820,1,2,1,1.0,3.0,88.0,"123, STE-MARGUERITE (AV.",M,4367816.0,721239,60
201500021585,15,7,11,1030,1,2,2,1.0,3.0,19.0,THOMAS ALBERT,M,4840268.0,-449440,290
201600051342,16,5,27,830,1,2,5,1.0,3.0,101.0,"15, RUE ETIENNE MARCEL",M,4886390.0,234908,750
200700032172,7,6,8,1715,1,1,1,1.0,1.0,126.0,,M,0.0,0,350
200500020817,5,4,11,1315,1,2,2,1.0,6.0,12.0,Q DE LA RAPEE R VAN GOGH,,,,750
201400053320,14,1,16,848,1,2,2,3.0,3.0,110.0,"65, RUE DU FAUBOURG SAIN",,,,750
200700003435,7,1,20,1950,5,2,1,3.0,6.0,221.0,"01, UCKANGE (RUE D')",,,,570
201000065255,10,5,11,820,1,2,3,2.0,3.0,118.0,"37, RUE MARX DORMOY",,,,750
201300008680,13,9,14,1130,1,1,1,1.0,6.0,229.0,,M,4401476.0,368044,300
201600009917,16,4,10,700,2,1,1,5.0,6.0,35.0,RTE ORLEANS,M,4802677.0,236899,450
201300033453,13,4,21,2105,5,2,5,1.0,3.0,29.0,"0, ROUTE DE GENAS",,,,690
200600079204,6,12,1,2215,5,2,1,1.0,1.0,63.0,"51, ORTIES (RUE DES)",,,,920
201000058168,10,4,26,1120,1,2,1,1.0,6.0,386.0,"FACE 09, RUE NOTRE DAME",,,,690
200900026367,9,8,24,1542,1,2,1,1.0,2.0,99.0,"51, CARNOT (RUE)",,,,900
200600028851,6,5,28,725,1,2,1,1.0,6.0,10.0,"1, MIELLET (AVENUE)",,,,900
200700063610,7,10,2,1430,1,1,1,1.0,6.0,109.0,PERIPHERIQUE,,,,440
201100023708,11,2,11,1715,1,2,2,1.0,3.0,31.0,EMERY (AVENUE ANDRE),M,4515730.0,151267,190
200900022948,9,6,27,1845,1,2,1,1.0,3.0,309.0,LA COTE LIEU DIT,M,0.0,0,740
200800064480,8,11,27,800,1,2,1,1.0,6.0,185.0,"00, RUE ANDRÉ RIVOIRE",,,,380
201400041562,14,6,11,2002,1,2,1,1.0,6.0,5.0,"91, MAXIMILIEN ROBESPIER",,,,930
201200014909,12,3,28,1000,1,2,1,1.0,6.0,55.0,"44, AVE FELIX ZOCCOLA",,,,130
200800008208,8,2,29,950,1,2,3,2.0,3.0,555.0,"999, BARRIERE DE LOMBEZ",,,,310
201200008427,12,12,12,1215,1,1,1,1.0,1.0,68.0,,M,4327000.0,652000,830
201200037004,12,5,3,810,1,2,1,1.0,6.0,281.0,AVENUE D'EVIAN,,,,740
200700029561,7,5,3,2015,1,2,2,1.0,6.0,18.0,R DUC R DUHESME,,,,750
201000037643,10,3,18,1500,1,1,1,1.0,3.0,512.0,LE NOTRE (AVENUE),,,,590
201200048599,12,11,25,2130,5,2,2,2.0,3.0,381.0,JEAN MOULIN,,,,690
200500066437,5,10,18,1035,1,2,1,1.0,6.0,184.0,"27, GALLIENI JOSEPH (AVE",,,,420
201300035335,13,1,9,1900,5,2,2,2.0,6.0,423.0,FRERES LUMIERES/NEWTON,M,4879093.0,204558,780
201600003789,16,1,3,1,3,1,1,1.0,6.0,185.0,,M,4324319.0,166726,90
200900010291,9,3,26,1252,1,2,1,1.0,6.0,231.0,"2, JEAN-BAPTISTE LIEGEAR",,,,210
201200056385,12,1,13,1820,2,2,2,1.0,6.0,113.0,"100, BOULEVARD MASSENA",,,,750
200900015813,9,4,6,1615,1,2,1,1.0,3.0,87.0,"956, TASSIGNY (AVENUE DE",,,,840
200800024489,8,5,27,1325,1,2,1,1.0,6.0,109.0,"94, RUE DE LA BOURGEONNI",,,,440
201000017820,10,4,6,545,3,1,1,1.0,5.0,377.0,,M,0.0,0,590
200500015361,5,3,24,1806,1,2,3,1.0,6.0,330.0,RICHELANDIERE (DE LA) JU,,,,420
200600028820,6,5,23,1958,1,2,1,1.0,3.0,85.0,"201, TOULOUSE (RUE DE)",,,,870
201600026611,16,4,14,1130,1,2,1,1.0,6.0,218.0,"50, SOULIE LOUIS",M,4544903.0,440192,420
201000038769,10,9,10,130,5,1,1,1.0,6.0,19.0,"., ARRAS (R D')",,,,620
201400031532,14,12,20,1945,5,2,1,1.0,6.0,159.0,"140 BIS, PARIS (DE)",,,,600
201100014583,11,4,21,1900,1,2,3,1.0,3.0,88.0,RD 568/Bd de la Ricarde,M,0.0,0,130
201500008867,15,4,14,1545,1,1,1,1.0,3.0,121.0,,M,4268600.0,812900,202
200600031121,6,6,8,2100,1,1,1,1.0,1.0,349.0,,M,4592000.0,287000,630
200900061228,9,11,28,1715,2,2,2,1.0,3.0,7.0,PIERRE SEMARD (avenue),,,,840
201200061969,12,9,23,1038,1,2,1,1.0,6.0,11.0,RIVIERE DES PLUIES (RTE),,,,974
201200037666,12,10,16,1340,1,2,1,2.0,6.0,108.0,"7, GAILLARD (RUE DU CHAT",M,4888031.0,260200,770
200600052541,6,9,19,1130,1,1,1,1.0,1.0,191.0,D328,M,0.0,0,280
201300041040,13,9,17,1300,1,2,6,1.0,3.0,7.0,"1, PABLO NERUDA (ROND-PO",,,,930
200500045828,5,7,9,1610,1,2,1,1.0,4.0,281.0,"0, EVIAN (AVENUE D')",,,,740
200700033596,7,6,7,2045,1,2,1,1.0,1.0,305.0,Pietranera,M,0.0,0,202
201300043763,13,2,13,2100,5,2,3,1.0,3.0,65.0,BOULEVARD CIRCULAIRE ( M,,,,940
200800061591,8,10,7,830,1,2,5,8.0,2.0,109.0,", RUE HALEVY",,,,750
200600077449,6,12,11,1355,1,2,1,1.0,2.0,445.0,GENERAL DE GAULLE DU,,,,640
200900007819,9,3,16,1130,1,1,1,1.0,5.0,50.0,,M,0.0,0,170
201600028964,16,10,31,1420,1,2,1,1.0,2.0,339.0,CARNOT (RUE SADI),M,4870746.0,618477,540
201200002481,12,4,20,1730,1,2,1,1.0,7.0,152.0,R- P RUE DE LA CAMAMINE,M,0.0,0,850
200600046033,6,8,11,2130,5,2,1,1.0,1.0,222.0,rue du maréchal Philippo,M,4888200.0,744700,670
201100001602,11,1,14,830,2,1,9,1.0,3.0,139.0,Bout de Lande,M,4797436.0,-169387,350
200600016259,6,3,31,1145,1,2,1,1.0,6.0,466.0,rue Jeanne d'Arc,M,0.0,0,550
200800017522,8,4,29,2100,3,1,1,1.0,6.0,106.0,,M,0.0,0,830
200900003592,9,2,11,1915,3,1,1,6.0,3.0,47.0,A570,,,,830
201000049720,10,4,9,1110,1,2,1,1.0,7.0,46.0,"32, GABRIEL CRIE (RUE)",,,,920
200900055478,9,5,15,2233,5,2,1,8.0,3.0,337.0,ROCHES (COURS DES),,,,770
201500009128,15,12,27,600,5,2,1,1.0,1.0,355.0,R DE CROSNE,M,4915080.0,178770,950
200600008598,6,2,13,915,1,1,1,2.0,6.0,234.0,RN 60,,,,450
200500076450,5,11,15,840,1,2,1,1.0,3.0,33.0,"137, BUZENVAL",,,,920
201000054155,10,2,1,1955,2,2,1,2.0,7.0,18.0,"28, LECLERC (BLD DU GENE",M,4893710.0,222730,950
201600054699,16,10,19,1920,5,2,1,2.0,6.0,115.0,"52, BOULEVARD DE VAUGIRA",M,4884080.0,231546,750
201100033002,11,2,2,835,1,1,1,1.0,5.0,602.0,"0, VAL CANU (RUE DU)",,,,500
201400030800,14,8,26,1100,1,2,3,2.0,3.0,350.0,BERTHELOT MARCELIN RUE,,,,590
200700002124,7,1,29,1545,1,2,3,1.0,3.0,55.0,PIERRE DOIZE  (RUE),,,,130
200700006653,7,2,28,1600,1,1,3,1.0,3.0,117.0,,M,0.0,0,690
200800069895,8,12,7,2100,3,1,1,1.0,4.0,183.0,,M,0.0,0,730
201200059497,12,5,6,1955,1,2,1,1.0,3.0,113.0,"12, RUE NEUVE TOLBIAC",,,,750
201000041345,10,4,9,1350,1,2,9,1.0,3.0,91.0,RUE DE LA PAIX,,,,690
201600021529,16,2,8,900,1,2,1,1.0,6.0,95.0,03 boulevard BELLETRUD,M,4363993.0,687671,60
201400035152,14,4,15,1945,1,2,3,1.0,3.0,457.0,"1020, R LOUIS MOGUEN",M,4934266.0,95361,760
201500048453,15,4,2,1355,1,2,1,1.0,6.0,386.0,"30, MARECHAL DE SAXE",M,0.0,0,690
201500022977,15,11,28,1110,1,1,1,1.0,3.0,555.0,ECHANGEUR BORDELONGUE,M,4356325.0,141805,310
200600052732,6,9,1,1315,1,1,1,1.0,6.0,201.0,,M,0.0,0,530
200700074604,7,12,24,1545,1,1,1,8.0,6.0,588.0,,M,0.0,0,800
201100044348,11,5,26,1710,1,2,1,1.0,6.0,342.0,"0, HENRI CAVALLIER (RUE)",,,,890
200500040441,5,3,22,1650,1,1,1,1.0,7.0,242.0,A12W,,,,780
200500021082,5,4,22,1825,1,2,2,1.0,2.0,7.0,AV DUQUESNE AV DE SEGUR,,,,750
201600052562,16,12,23,1745,5,2,7,8.0,3.0,108.0,"2, AVENUE MONTAIGNE",M,4886530.0,230289,750
201300016097,13,12,2,500,2,2,1,1.0,7.0,55.0,"26, BD BUREL",M,4331700.0,538957,130
201300044851,13,11,13,850,1,2,1,7.0,6.0,127.0,AV DU PARC,M,4903330.0,207290,950
201600040854,16,10,6,845,1,2,1,1.0,1.0,48.0,"50, PASTEUR S2  (AVENUE)",,,,930
200800042756,8,8,28,1320,1,2,1,1.0,6.0,388.0,"157, BOULEVARD DES ETATS",,,,690
201000057021,10,1,7,1247,1,1,1,4.0,3.0,340.0,RN 104,,,,910
200600041718,6,7,22,1300,1,1,1,1.0,4.0,539.0,MARAINVAL  (ROUTE DE),,,,950
200600019680,6,4,8,1635,1,2,3,1.0,6.0,56.0,"2, CHAR  RUE RENE",,,,250
201500012616,15,11,14,1915,2,2,1,1.0,1.0,387.0,BLANQUI (RUE),M,4830580.0,405377,100
200800003320,8,1,28,1030,1,2,1,1.0,2.0,285.0,PAVARD (RUE HENRI),,,,450
201500030072,15,5,10,1745,1,2,7,1.0,3.0,332.0,BOUCHERS (RUE DES),,,,590
200800053099,8,9,14,715,3,2,1,1.0,7.0,102.0,"92, TALBOTERIE (RUE DE L",,,,160
201000037417,10,10,8,1705,1,2,1,1.0,3.0,566.0,"CALMETTE, RUE DU Dr",,,,590
200800076988,8,10,30,1625,1,2,1,1.0,6.0,302.0,JUBELIN (BOULEVARD),,,,973
200900029884,9,4,14,840,1,2,1,1.0,6.0,383.0,PLACE D ARSONVAL,,,,690
200800049493,8,9,27,1700,1,1,1,1.0,7.0,104.0,,M,0.0,0,480
200700064987,7,10,18,1830,1,2,1,1.0,1.0,61.0,"159, AVENUE VICTOR HUGO",,,,830
201500052329,15,3,11,820,1,2,1,1.0,6.0,111.0,"41, RUE DE LA FONTAINE A",,,,750
200600030930,6,6,30,2330,3,1,1,1.0,7.0,130.0,lieu dit Chassagne,M,0.0,0,10
200500087546,5,4,1,2200,5,2,1,1.0,3.0,209.0,ROCADE (RUE DE LA),,,,972
200800032666,8,6,13,415,5,2,1,1.0,6.0,55.0,"23, ONDINES ( AVENUE DES",,,,440
200900006829,9,2,11,730,5,2,1,2.0,6.0,157.0,BD ULYSSE CASSE,M,0.0,0,470
201000009576,10,6,4,1915,1,1,1,7.0,7.0,224.0,,M,0.0,0,550
201500031446,15,6,16,1719,1,2,1,3.0,6.0,445.0,8 RUE DE LIEGE,M,4329737.0,-37457,640
201200017979,12,7,25,1845,1,1,1,1.0,7.0,267.0,Le Point du Jour,M,4540393.0,-1024,160
200600038075,6,7,3,1730,1,2,1,2.0,6.0,55.0,"15, BERGERS (RUE DES)",,,,130
201500041841,15,12,9,1200,1,2,3,1.0,1.0,44.0,AUVERGNE (R D),,,,940
201400031900,14,8,28,2030,2,2,1,1.0,3.0,413.0,"42, LENS (RTE DE)",M,5044076.0,288730,620
200500019977,5,4,7,1050,1,2,1,1.0,6.0,395.0,"1, BLANDAN (IMPASSE ET R",,,,540
201100001107,11,9,3,415,3,1,1,1.0,6.0,541.0,,M,4949950.0,97781,760
201500001249,15,5,7,1330,1,1,1,1.0,6.0,138.0,,M,0.0,0,560
201200004072,12,11,17,1500,1,2,1,1.0,7.0,300.0,avenue du Caylet - CD922,M,0.0,0,120
200900070257,9,9,28,845,1,2,1,1.0,2.0,201.0,EUGENE DELACROIX(AVENUE),,,,910
200800014523,8,3,16,1500,1,1,1,8.0,2.0,345.0,AUTOROUTE A6,,,,910
200800020019,8,4,5,135,5,2,1,1.0,6.0,99.0,"2 bis, CALINS (AVENUE DE",,,,490
200900040698,9,12,4,1805,2,2,4,1.0,3.0,111.0,"13, RUE PLICHON",,,,750
201000015814,10,12,15,1100,1,2,1,1.0,3.0,30.0,ORANGERS (RUE DES),,,,60
201100013761,11,9,16,1445,1,1,2,1.0,1.0,72.0,,M,0.0,0,770
201000065776,10,11,21,2150,5,2,2,2.0,3.0,119.0,"21, RUE BARBANEGRE",,,,750
201600031960,16,8,13,2100,2,2,2,1.0,3.0,100.0,"., FRANCE (RUE ANATOLE)",M,4325642.0,4643,650
200800013849,8,3,15,950,1,2,6,1.0,1.0,201.0,PREMIERE ARMEE FRANCAISE,,,,910
200500039924,5,6,19,1400,1,2,1,7.0,5.0,212.0,Les Champs Martin,M,4710700.0,320600,580
201000011998,10,3,17,1545,1,2,1,1.0,2.0,88.0,AVENUE CLAUDE DELORME,M,0.0,0,40
201600045679,16,5,10,730,1,1,1,1.0,3.0,10.0,AUTOROUTE A3,M,4890404.0,247135,930
200800031240,8,6,21,2025,1,1,1,1.0,7.0,95.0,MOLLES (ROUTE DE),,,,30
201300000293,13,7,5,1945,1,1,1,1.0,3.0,652.0,,M,0.0,0,620
200500071597,5,11,19,1000,3,1,1,1.0,7.0,482.0,,M,0.0,0,710
200700001962,7,1,3,1740,5,2,1,1.0,7.0,55.0,"14, PRADO (AVENUE DU)",,,,130
201000004345,10,10,2,745,2,1,2,1.0,3.0,125.0,,M,0.0,0,330
201100028861,11,9,15,1445,1,2,1,1.0,6.0,172.0,"2144, MENDE (ROUTE DE)",M,4364032.0,386415,340
200800050983,8,9,11,1015,1,2,1,1.0,3.0,2.0,LEON BLUM (AVENUE),,,,920
200700060629,7,10,26,1615,1,1,2,1.0,3.0,196.0,,M,4636800.0,512300,10
200500042001,5,7,10,1545,1,2,1,1.0,3.0,369.0,16 voie sacrée,M,0.0,0,550
200700024350,7,4,11,1205,1,2,3,1.0,7.0,51.0,GOURNAY (ROUTE),,,,930
200900016875,9,6,21,1,3,1,1,1.0,6.0,95.0,,M,4.0,0,520
200700003226,7,1,29,1959,5,2,1,1.0,7.0,7.0,"0, GAULLE BOULEVARD CHAR",,,,490
201100013407,11,10,27,1615,1,2,1,1.0,3.0,618.0,25 rue saint laurent,M,0.0,0,780
201000050811,10,6,15,2335,5,2,1,1.0,3.0,32.0,AV JEAN JAURES,M,4888340.0,252900,930
200500083712,5,12,17,1000,1,2,1,1.0,6.0,53.0,"16, PIERRE BROSSELETTE (",,,,930
200700067495,7,10,19,2045,5,2,1,1.0,4.0,119.0,BOULEVARD PERIPHERIQUE E,,,,750
201600044232,16,11,21,1800,5,2,1,1.0,1.0,555.0,BD DU MARECHAL FOCH,M,4896450.0,228720,950
200500007544,5,2,18,1320,1,2,1,1.0,6.0,189.0,ROOSEVELT FRANKLIN (AVEN,,,,300
200600007454,6,2,27,1415,1,2,3,1.0,3.0,4.0,SAINT CLAUDE CH.DE,,,,60
200800038177,8,7,30,1800,1,2,1,1.0,6.0,123.0,LANDSBERG AM LECH PROMEN,,,,60
200700024729,7,4,15,1700,1,1,1,1.0,7.0,169.0,RN104,,,,770
200700036869,7,6,22,1155,1,2,6,3.0,7.0,297.0,CARREFOUR DE L'EUROPE,,,,780
200800048576,8,9,17,130,3,1,1,1.0,1.0,264.0,,M,4683000.0,312700,580
200600031864,6,6,9,1720,1,1,1,1.0,2.0,25.0,CD 411,M,0.0,0,770
200700068908,7,11,28,1810,2,2,1,1.0,6.0,63.0,"187 -189, BD DU PDT FRAN",,,,330
201200058820,12,6,22,2130,2,2,2,1.0,3.0,119.0,RUE ARCHEREAU,,,,750
201200028131,12,1,10,1715,2,2,1,1.0,3.0,18.0,"33, WILSON (AVENUE DU PR",M,4758250.0,134144,410
201300004844,13,7,12,2015,1,1,1,1.0,1.0,474.0,,M,0.0,0,380
200900008201,9,1,8,1845,3,1,1,1.0,7.0,255.0,RN 151,,,,180
201600019610,16,7,18,830,1,2,1,1.0,5.0,263.0,RUE DE BONNATRAIT,M,0.0,0,740
201100049452,11,3,23,1350,1,2,3,1.0,3.0,66.0,METALLURGIE / EIFFEL,,,,930
200500018627,5,4,25,2015,5,2,2,1.0,6.0,88.0,"0, BISCARRA (RUE)",,,,60
201500045421,15,5,1,1605,1,1,1,2.0,6.0,53.0,AUTOROUTE A103,M,4890430.0,235870,930
201600047024,16,9,13,800,1,1,1,1.0,3.0,217.0,A13,,,,780
201000012441,10,7,6,1930,1,2,1,1.0,1.0,87.0,ROUTE DE BRIGNOLES,M,0.0,0,830
200900008079,9,1,17,1915,3,1,1,9.0,1.0,236.0,CD 903,,,,550
201200058606,12,10,26,2055,5,2,1,1.0,6.0,118.0,"140, BOULEVARD NEY",,,,750
200900034178,9,3,14,1650,1,2,2,1.0,3.0,71.0,CARNOT (AVENUE),,,,920
200900069647,9,12,2,1820,5,1,1,3.0,4.0,27.0,A1 - LA COURNEUVE,,,,930
201300025350,13,9,20,1600,1,2,2,1.0,6.0,238.0,ALBERT 1ER/NANTES,M,4809030.0,-169219,350
200600000579,6,1,10,2210,5,2,1,1.0,6.0,26.0,CD 9,,,,130
200900005086,9,3,19,1800,1,2,1,1.0,3.0,155.0,route de St gilles,M,0.0,0,300
200700079372,7,12,7,1235,1,2,3,8.0,3.0,228.0,", MARECHAL LECLERC (BD)",,,,910
200600049961,6,8,29,2225,5,2,2,1.0,4.0,20.0,"55, PARIS AVENUE DE N° I",,,,920
200700019039,7,4,25,1630,1,1,1,1.0,5.0,462.0,,M,0.0,0,310
200700022594,7,4,19,1720,1,2,1,1.0,2.0,482.0,"175, LA WANTZENAU (ROUTE",,,,670
201200048258,12,12,8,1730,5,2,2,1.0,3.0,268.0,AV DE  STALINGRAD,M,4896650.0,240960,950
200500000582,5,1,15,900,1,2,1,7.0,6.0,410.0,AVENUE DE LA REPUBLIQUE,M,0.0,0,640
200900043394,9,4,15,720,1,2,5,1.0,6.0,24.0,"144, MARTRE (RUE) DE (11",,,,920
201100025693,11,1,3,845,2,2,3,2.0,6.0,232.0,"2, UNIVERSITE RUE DE L'",M,4798114.0,-409663,290