Num_Acc,an,mois,jour,hrmn,lum,agg,int,atm,col,com,adr,gps,lat,long,dep
201600040822,16,7,17,425,5,2,2,1.0,3.0,48.0,"84, ARISTIDE BRIAND (BOU",,,,930
201200007174,12,8,22,2100,3,1,1,1.0,1.0,571.0,,M,4736800.0,540900,210
201000032833,10,5,19,1730,1,2,1,1.0,6.0,207.0,"54, WALDECK ROUSSEAU",M,4547649.0,450609,420
201300054970,13,4,21,200,5,2,5,1.0,6.0,118.0,"124, RUE DES POISSONNIER",,,,750
201600055609,16,9,22,1230,1,2,2,1.0,6.0,117.0,"5, RUE FARADAY",M,4888160.0,229235,750
201600038118,16,7,5,1000,1,2,1,1.0,3.0,26.0,"6-8, VICTOR HUGO (DE 01",,,,920
201000008856,10,12,27,1415,1,1,1,4.0,7.0,197.0,,M,4644700.0,346300,30
201400014557,14,4,24,1430,1,2,1,1.0,1.0,2.0,"01, QUATRE SAISONS (ROUT",M,4333110.0,548859,130
200500066909,5,10,1,1655,1,2,1,2.0,1.0,616.0,VILLERS L'ORME (RUE ),,,,570
200600002765,6,1,23,940,1,2,1,1.0,2.0,16.0,BPI ST CLOUD MOLITOR,,,,750
200700052919,7,9,13,1645,1,2,1,1.0,3.0,119.0,,M,4918700.0,-122800,500
200800032998,8,6,2,2040,1,2,1,1.0,7.0,194.0,"SANS, MARECHAL LECLERC",,,,580
200900066489,9,10,7,2050,3,2,6,3.0,6.0,297.0,PLC G BESSE,M,4.0,0,780
200800053359,8,9,26,1850,1,2,1,1.0,6.0,113.0,BOULEVARD PERIPHERIQUE I,,,,750
201400021980,14,2,27,1000,1,1,1,1.0,4.0,44.0,Les Landes,M,4847586.0,-258151,220
201200016706,12,12,14,1345,1,2,1,2.0,2.0,55.0,"111, RUE PIERRE DOIZE",M,4327750.0,542747,130
200800075904,8,6,29,630,2,2,1,1.0,1.0,213.0,NELSON MANDELA,,,,972
200800056632,8,10,18,1130,1,2,1,1.0,6.0,279.0,route de st marcellin,M,0.0,0,420
200800053760,8,9,5,1611,1,2,1,2.0,2.0,116.0,ALLEE DU BORD DE L EAU,,,,750
200700006597,7,2,24,2045,3,2,1,1.0,6.0,265.0,Chemin de la Z.A.,M,4308800.0,163400,90
201500014320,15,5,29,1820,1,2,1,1.0,2.0,55.0,"146, FRANÇOISE DUPARC (B",M,4330879.0,540253,130
200900023499,9,8,30,1955,1,2,1,1.0,7.0,85.0,"10, COURAUD (RUE RAYMOND",,,,870
200600003402,6,1,24,829,1,2,2,1.0,3.0,26.0,MISSION MARCHAND (COTE I,,,,920
200500020704,5,4,3,500,5,2,2,1.0,5.0,11.0,R DE MALTE R DU FG DU TE,,,,750
201300026626,13,4,22,1620,1,2,1,1.0,4.0,127.0,"0, Route nationale 7",M,4606755.0,405233,420
200900037287,9,8,15,2045,1,2,1,1.0,1.0,15.0,,,,,480
201300053369,13,2,4,645,5,2,3,1.0,6.0,114.0,RUE JULIA BARTET,,,,750
200600026741,6,5,11,1300,1,2,2,1.0,3.0,18.0,NAU (RUE ROBERT),,,,410
201300005666,13,5,21,205,3,1,1,2.0,6.0,48.0,RTE DE BONNEVAL,M,4532020.0,370648,430
200900035729,9,9,10,1330,1,2,1,1.0,7.0,85.0,"SANS, PERRIN (AVENUE JEA",M,4.0,0,280
200800029924,8,6,13,1800,1,1,1,1.0,1.0,342.0,,M,0.0,0,160
201600016563,16,11,28,1015,1,1,1,1.0,2.0,117.0,LA BASTIDE BLANCHE CD 9,M,4342761.0,526751,130
201200018156,12,9,14,1700,1,1,1,1.0,3.0,151.0,,M,4549159.0,599839,730
200700002317,7,1,31,1345,1,2,1,1.0,3.0,205.0,"sans, BOULLE (RUE ANDRE-",,,,180
200900044391,9,11,9,1830,5,2,1,1.0,3.0,410.0,AVENUE PIERRE ANGOT,M,4.0,-,640
201400056007,14,5,1,2050,5,2,7,2.0,6.0,117.0,"97, AVENUE NIEL",,,,750
201400041690,14,6,7,1600,1,2,2,1.0,2.0,7.0,"""HENRI BARBUSSE (AVENUE",,,,930
200600036438,6,6,23,815,1,2,9,1.0,3.0,36.0,"0, GENERAL DE GAULLE (AV",,,,920
201000030070,10,11,29,1100,1,2,1,1.0,7.0,32.0,PONT VIEUX (AVENUE DU),,,,340
201300016154,13,11,29,700,2,2,1,1.0,3.0,55.0,"1, RUE ALBERT EINSTEIN",M,4333412.0,543179,130
201400008315,14,10,8,1600,1,2,1,1.0,3.0,54.0,cour fernande peyre,M,0.0,0,840
201200021603,12,2,29,1820,2,2,1,1.0,2.0,31.0,"01, VERLHAC (BOULEVARD)",M,4516770.0,153522,190
200800024030,8,5,16,725,2,2,1,1.0,2.0,555.0,"999, CHE LATERAL DE RUPE",,,,310
201000047238,10,2,11,1710,1,2,1,4.0,6.0,228.0,GARE EVRY-COURCOURONNES,,,,910
200900002738,9,4,6,2002,5,2,2,1.0,3.0,116.0,ROUTE DE LA PTE DES SABL,,,,750
201200032626,12,12,24,1500,1,2,1,1.0,3.0,328.0,"IGNORE, DUNKERQUE AVENUE",,,,590
200700054919,7,9,28,1430,1,2,1,1.0,6.0,88.0,"261, GINESTIERE (CH. DE",,,,60
201300001369,13,8,3,1900,1,1,1,1.0,1.0,492.0,,M,0.0,0,140
201200015372,12,6,10,520,2,2,1,1.0,6.0,55.0,"1, RPT PIERRE PARAF",,,,130
201500033020,15,9,20,1730,1,1,1,1.0,1.0,207.0,RD 457,M,4757704.0,613238,700
200500057864,5,9,14,655,2,2,1,1.0,1.0,362.0,"sans n, BERTHELOT RUE",,,,260
200900021040,9,6,19,2045,1,2,2,1.0,3.0,121.0,"0, SAPIAC (GRAND RUE DE)",,,,820
201600027315,16,9,25,1030,1,2,1,1.0,6.0,234.0,R ANDRE AMPERE,M,4783212.0,192825,450
201000037971,10,6,25,1230,1,2,1,1.0,6.0,599.0,"35, MULHOUSE (RUE DE)",,,,590
200800053475,8,9,6,345,5,1,1,1.0,2.0,51.0,A4,,,,930
201500014122,15,5,10,1730,1,2,1,1.0,2.0,55.0,DOCTEUR LÉON PERRIN (RUE,M,4331413.0,538718,130
200800057904,8,10,11,1355,1,2,1,1.0,3.0,281.0,"56, AVE ARISTIDE BRIAND",,,,330
200500000766,5,1,7,1015,1,1,1,5.0,7.0,252.0,,M,4368200.0,222300,810
201300024177,13,10,22,1750,1,2,3,1.0,3.0,39.0,RUE VINCENT GONZALES,,,,330
201600056497,16,4,21,1832,1,2,3,1.0,6.0,111.0,"31, RUE MERLIN",M,4886160.0,238471,750
200800041058,8,7,23,1215,1,1,3,1.0,3.0,48.0,"., COLONEL MORAINE (ROUT",,,,920
200900059657,9,10,1,1200,1,2,1,1.0,6.0,279.0,"1, REPUBLIQUE (AVENUE DE",,,,180
200700030647,7,5,29,1740,1,2,1,1.0,6.0,27.0,"39, MITTERAND (AVENUE FR",,,,910
200800073229,8,12,12,1910,3,1,1,1.0,3.0,21.0,GEORGES GUYNEMER (AV),,,,940
201000017132,10,10,15,2010,5,2,1,1.0,2.0,88.0,"0, VOIE RAPIDE",,,,60
201400014319,14,2,26,410,5,2,2,1.0,3.0,55.0,"01, AVE DU VINGT QUATRE",M,4330768.0,542536,130
201500000453,15,8,10,1215,1,1,1,1.0,7.0,644.0,,M,4928726.0,181959,600
201200052413,12,11,4,1810,3,1,1,3.0,3.0,44.0,RN88,M,4539546.0,434118,420
201200036807,12,10,30,1435,1,2,9,1.0,6.0,270.0,1 RUE LACRETELLE,,,,710
201300055157,13,11,1,420,5,2,1,3.0,6.0,118.0,AVENUE DE LA PORTE DE CL,,,,750
201600052490,16,10,9,2300,4,2,3,1.0,2.0,108.0,"3, AVENUE DE FRIEDLAND",M,4887480.0,230470,750
200500053139,5,8,5,355,5,2,1,1.0,6.0,194.0,CLEMENCEAU (PROMENADE GE,,,,850
201200057237,12,8,21,1305,1,2,2,1.0,6.0,115.0,"83, RUE DE LA CONVENTION",,,,750
200900018632,9,2,27,1450,1,2,2,1.0,6.0,28.0,"0, TASSIGNY(AVE DU MAREC",M,4.0,0,940
200600008452,6,2,25,1700,1,2,1,1.0,4.0,261.0,TRANCHEE (AVENUE DE LA),,,,370
201500047171,15,6,8,1300,1,1,1,1.0,3.0,286.0,AUTOROUTE A6,,,,910
200800053310,8,9,25,1710,1,2,1,1.0,3.0,111.0,RUE DU CHEMIN VERT,,,,750
201600039310,16,3,8,815,1,2,1,1.0,6.0,77.0,"., DESVALLIERES (CHEMIN)",,,,920
201100063366,11,7,6,1040,1,2,1,8.0,6.0,119.0,"3 ter, RUE DE CAMBRAI",,,,750
201500053214,15,8,12,1515,1,2,2,1.0,3.0,113.0,"49, BOULEVARD MASSENA",,,,750
200900039128,9,9,10,1830,1,2,1,1.0,6.0,440.0,"1, COURBET (RUE AMIRAL)",,,,650
201100059029,11,3,26,535,5,2,2,1.0,3.0,108.0,RUE LA BOETIE,,,,750
200800002803,8,1,10,1715,2,1,1,8.0,5.0,555.0,VA008482 A624,,,,310
200800042686,8,7,21,1740,1,2,1,1.0,4.0,117.0,PORTE DE CLICHY,,,,750
200700032689,7,6,14,1030,1,1,1,1.0,6.0,377.0,,M,4372900.0,91400,320
201300007094,13,10,11,1700,1,1,1,2.0,2.0,257.0,,M,4796800.0,351400,890
201400047658,14,10,12,1315,1,1,1,1.0,7.0,10.0,AUTOROUTE A86,M,4889110.0,247348,930
201200026735,12,6,29,1720,1,2,1,1.0,3.0,281.0,PILATE (RUE DE LA),,,,350
201000007439,10,12,8,1645,2,1,1,1.0,3.0,117.0,,M,0.0,0,70
201500028629,15,9,15,835,1,2,1,1.0,3.0,547.0,EUROPE (BOULEVARD DE L'),,,,540
201200028509,12,7,2,841,1,2,4,2.0,3.0,223.0,"ignore, BARAUDES (LES)",M,4543748.0,435907,420
201100015233,11,5,24,1650,1,2,1,1.0,2.0,69.0,"37, SEMARD (AVENUE PIERR",,,,60
200800040036,8,7,29,1410,1,2,1,1.0,6.0,57.0,8 MAI 1945 (AVENUE DU),,,,600
201600047533,16,5,12,1744,1,1,1,3.0,4.0,161.0,AUTOROUTE A6,M,4869679.0,231571,910
200900010978,9,4,15,1930,1,1,3,3.0,3.0,600.0,,M,4.0,0,270
201300031070,13,2,15,1455,1,2,3,1.0,6.0,41.0,"62, LOBBEDEZ ( AV. FERNA",,,,620
201400023746,14,8,2,1515,1,1,1,8.0,2.0,36.0,,M,4349690.0,240207,810
200900028262,9,6,8,1015,1,1,1,1.0,7.0,116.0,,M,4.0,0,260
201300027396,13,2,8,1858,3,1,1,2.0,3.0,208.0,LES CLOSIERS,M,4799231.0,274086,450
201000054958,10,12,12,450,5,2,3,1.0,3.0,4.0,MARCAGGI SYLVESTRE BD,,,,201
200700002494,7,1,11,1615,1,2,2,8.0,6.0,19.0,"., PASTEUR LOUIS (DE 18",,,,290
201300037185,13,5,18,1049,1,1,1,3.0,6.0,85.0,AUTOROUTE A20,,,,870
200900055170,9,9,14,900,1,1,1,1.0,6.0,370.0,,M,0.0,0,250
200700044667,7,7,19,805,1,2,1,1.0,6.0,26.0,"18, GEORGES CLEMENCEAU",,,,920
201000013802,10,1,23,1615,1,1,1,1.0,4.0,49.0,,M,0.0,0,202
200800047611,8,8,27,1045,1,2,1,1.0,3.0,194.0,Route de Campagnan,M,4354600.0,346500,340
200800016278,8,3,21,800,1,1,1,4.0,4.0,291.0,,M,0.0,0,740
201600032865,16,12,15,1930,3,2,1,1.0,6.0,450.0,,M,4592361.0,522409,10
200700028143,7,5,26,1755,1,2,1,2.0,5.0,13.0,JEAN JAURES (AVENUE),,,,320
200900031030,9,5,30,30,5,2,3,1.0,3.0,137.0,BON RENCONTRE (ROND POIN,,,,830
200700030163,7,5,23,1220,1,2,2,1.0,3.0,8.0,AV CHAMPS ELYSEES PL DE,,,,750
200700025958,7,5,14,1415,1,1,2,3.0,3.0,206.0,,M,0.0,0,260
200600014163,6,3,13,1620,1,2,1,1.0,2.0,21.0,"0, GENERAL LECLERC (RUE",,,,800
200800074905,8,2,14,1510,1,2,6,1.0,3.0,302.0,PETIT MONACO (ROND-POINT,,,,973
201600011651,16,9,23,1530,1,1,1,1.0,7.0,103.0,,M,0.0,0,130
200500048312,5,8,24,245,5,2,1,1.0,6.0,301.0,Bd du roi René,M,0.0,0,490
200600009880,6,2,14,1640,1,2,1,1.0,1.0,440.0,"5, DENIS PAPIN (RUE)",,,,780
201100010420,11,1,20,2015,3,1,1,4.0,1.0,318.0,,M,4701780.0,465052,210
201500053801,15,8,7,940,1,2,7,1.0,3.0,115.0,"1, PLACE FERNAND FOREST",,,,750
201100006437,11,3,6,430,4,1,1,1.0,6.0,101.0,,M,0.0,0,810
200600058063,6,9,1,730,1,1,1,1.0,3.0,199.0,A46N   N/S  25.680 A 25.,,,,690
201300050462,13,1,10,1900,5,2,2,2.0,7.0,103.0,"98, BOULEVARD DE SEBASTO",,,,750
201200060167,12,8,15,35,5,2,1,1.0,6.0,115.0,BOULEVARD PERIPHERIQUE E,,,,750
200600083437,6,12,30,1900,3,2,1,1.0,6.0,229.0,RN2 - lieu dit Madiana,A,0.0,0,972
200900054131,9,12,4,1845,5,2,3,2.0,3.0,129.0,R ANJOU/PL CORNOUIALLES,M,4.0,-,500
201100006579,11,6,11,2315,3,1,1,1.0,6.0,132.0,,M,4408800.0,159900,820
201100034811,11,4,7,745,1,2,1,1.0,6.0,194.0,"95, MARZY",,,,580
201300049345,13,5,12,730,1,1,1,1.0,2.0,290.0,A43   3.865 A 9.894,,,,690
200700001286,7,1,1,2110,5,2,1,2.0,6.0,199.0,rte de Montmorency RD124,M,0.0,0,950
200800023323,8,5,23,1615,1,2,2,1.0,3.0,88.0,"0, CESSOLE (BD DE) (A PA",,,,60
201000026913,10,8,9,2045,1,1,9,1.0,3.0,354.0,,M,0.0,0,10
200700027842,7,5,22,835,1,2,3,8.0,3.0,278.0,"0, FRANK (ANNE)",,,,220
201400032002,14,12,2,750,1,2,8,1.0,6.0,498.0,"91, BLUM (R LEON)",M,5043787.0,279366,620
200500073990,5,11,27,1502,1,2,2,1.0,3.0,7.0,"36, MEIGNANNE",,,,490
201000013182,10,6,13,1400,1,2,1,1.0,6.0,133.0,QUAI DU 19 MARS 1962,M,4353857.0,413747,300
200700062379,7,10,18,2020,5,2,2,1.0,3.0,55.0,FRANCOISE DUPARC (BOULEV,,,,130
201600029767,16,9,2,1000,1,2,1,1.0,1.0,194.0,GRANDS JARDINS,M,,,580
200800070422,8,12,6,1545,1,2,1,1.0,4.0,262.0,"1, GRUISSAN (ROUTE DE)",,,,110
200500053688,5,8,7,2100,1,1,1,1.0,5.0,36.0,AUTOROUTE A86,,,,920
201100058343,11,10,21,1647,1,2,3,1.0,6.0,104.0,"02, RUE DE LA CITE",,,,750
200900070308,9,9,24,830,2,2,1,1.0,6.0,533.0,rue du moulin,M,0.0,0,910
200700041144,7,7,18,2315,3,2,1,1.0,1.0,34.0,,M,4258000.0,901000,202
201100053420,11,3,28,840,1,1,1,1.0,3.0,28.0,RN 104,,,,950
200900024450,9,7,11,1945,1,1,1,1.0,6.0,381.0,SPV,M,0.0,0,670
200500052365,5,8,5,1205,1,2,3,1.0,7.0,10.0,MAQUIS (CHEMIN DU),,,,740
200800041631,8,7,7,1700,1,1,1,1.0,5.0,28.0,A86,,,,940
200800023796,8,5,13,1735,1,2,1,1.0,6.0,540.0,GEORGES POMPIDOU (voie),,,,210
201500023081,15,3,18,1600,1,1,1,1.0,7.0,252.0,,M,4822701.0,98481,280
200900039959,9,10,22,1050,1,2,1,3.0,6.0,260.0,"., PONTIVY(BOULEVARD DE)",,,,560
201100047019,11,11,4,1241,1,2,2,1.0,2.0,62.0,RESISTANCE / ROGERS,,,,920
200500085664,5,6,18,245,3,1,2,1.0,6.0,207.0,,A,0.0,0,972
200500000639,5,1,26,930,1,2,1,1.0,6.0,397.0,,M,0.0,0,170
200800068293,8,11,19,945,1,2,1,1.0,3.0,113.0,"42, AVENUE DE LA PORTE D",,,,750
201500015069,15,9,9,1530,1,2,3,1.0,3.0,55.0,"00, MADRAGUE VILLE (RUE)",M,4333696.0,535756,130
200800074289,8,12,18,1844,5,1,1,1.0,2.0,211.0,A50-Sens Aubagne vers Ma,,,,130
200500027972,5,5,27,1500,1,2,2,1.0,3.0,355.0,DIJON (DE) (ROUTE),,,,210
201100033636,11,2,17,1410,1,2,1,1.0,6.0,304.0,"0, EUROPE (AVENUE DE L')",M,4867967.0,614698,540
201300015468,13,8,17,1200,1,1,1,1.0,6.0,55.0,VSN ROVE ANC CHE DU,,,,130
201300036636,13,9,22,1500,1,2,4,1.0,6.0,137.0,Avenue  Barbusse,M,4312782.0,592090,830
201200019198,12,7,28,1800,1,2,2,1.0,3.0,191.0,Route du stade,M,4765475.0,728313,680
200800042220,8,7,13,1515,1,2,1,1.0,6.0,111.0,RUE DU MOULIN JOLY,,,,750
200600026120,6,5,16,1140,1,2,1,8.0,2.0,56.0,"1, BRULARD  RUE GENERAL",,,,250
201000061940,10,1,24,1805,5,2,5,2.0,3.0,110.0,"169, RUE LA FAYETTE",,,,750
200900068909,9,7,10,320,5,2,1,1.0,6.0,1.0,44 R DANIELLE CASANOVA,M,4.0,0,930
200600051080,6,9,1,1600,1,1,1,1.0,6.0,99.0,La Chaussée,M,0.0,0,440
201000027497,10,10,24,2100,5,2,1,3.0,1.0,7.0,"., MONGE (AVENUE)",,,,300
200900011427,9,3,22,1605,1,2,1,1.0,6.0,482.0,"PV, ROUTE DU RHIN",M,4.0,0,670
201000058100,10,1,20,2120,5,2,1,1.0,6.0,383.0,"179, AVENUE FELIX FAURE",,,,690
201400053941,14,12,31,2350,5,2,3,1.0,6.0,112.0,RUE DE REUILLY,,,,750
200600081648,6,5,28,1355,1,2,1,1.0,6.0,411.0,MACE (ROUTE GABRIEL),,,,974
201400026420,14,6,10,845,1,2,6,1.0,2.0,214.0,RUE DE LA MENARDIERE,,,,370
201200061917,12,5,29,1115,1,2,2,1.0,3.0,11.0,MALARTIC (RUE),,,,974
201000068080,10,3,25,910,1,2,1,1.0,2.0,1.0,VIEUX BOURG,,,,971
200900061660,9,4,7,825,1,1,1,1.0,1.0,391.0,138 RN,,,,760
201200032064,12,1,23,1150,1,2,2,1.0,3.0,378.0,VERDUN AVENUE DE,,,,590
200500044245,5,7,11,1410,1,1,2,1.0,6.0,281.0,SAINT BARDOUX (ROUTE DE),,,,260
200700004149,7,1,12,950,1,2,2,1.0,3.0,8.0,BD MALESHERBES R PASQUIE,,,,750
201500042091,15,1,29,1940,5,2,3,1.0,3.0,18.0,"96, PARIS (R DE)",,,,940
200700078184,7,12,17,1830,5,2,2,1.0,6.0,395.0,"1, BOUILLON (PLACE GODEF",,,,540
200800037839,8,7,16,1215,1,1,1,1.0,3.0,54.0,,M,4318000.0,604000,830
201000050715,10,6,4,1425,1,2,1,1.0,6.0,31.0,"5, PARIS (RUE DE)",M,4895280.0,231356,930
200600020060,6,4,23,1120,1,2,2,1.0,3.0,281.0,CHEM DE LA PRINCESSE,,,,330
201500029168,15,11,4,1435,1,2,1,1.0,6.0,260.0,"11B, HOCHE(RUE)",M,4765865.0,-276198,560
201200055428,12,9,17,1615,1,2,2,1.0,6.0,110.0,"150, RUE LA FAYETTE",,,,750
200900048737,9,7,10,1015,1,1,1,1.0,6.0,34.0,,M,0.0,0,560
200700012807,7,3,11,1445,1,1,1,1.0,6.0,494.0,,M,4893700.0,801800,670
201400048239,14,8,18,1115,1,1,1,1.0,6.0,206.0,A13,,,,780
200600018544,6,4,22,1730,1,2,1,1.0,3.0,413.0,RUE DE PARIS,M,0.0,0,770
200900053171,9,7,30,350,5,2,1,1.0,6.0,172.0,"15, FOCH (RUE)",M,4.0,0,340
200800053395,8,9,28,50,5,2,1,1.0,7.0,104.0,"28, RUE DU PETIT MUSC",,,,750
200700047142,7,8,18,1145,1,1,1,1.0,7.0,183.0,,M,4516800.0,195500,190
200600041094,6,7,3,1915,1,1,2,1.0,3.0,345.0,"100, CORBEIL (ROUTE DE)",,,,910
200900048012,9,4,24,145,3,1,3,1.0,6.0,184.0,GUï¿½RANDE (ROUTE DE),,,,440
201600042504,16,2,16,1000,1,2,3,1.0,3.0,28.0,SAVAR / CASALIS,M,4878010.0,246553,940
201400035889,14,6,20,1425,1,2,1,1.0,7.0,440.0,JEAN JAURES  (RUE),,,,780
200700065342,7,10,29,635,4,2,1,3.0,6.0,71.0,"81, HOUDAN (RUE)",,,,920
200900011125,9,1,20,1230,1,2,1,1.0,2.0,176.0,route de GUEUGNON,M,4.0,0,710
200800036353,8,7,21,1200,1,1,1,1.0,3.0,180.0,,M,0.0,0,440
200900015884,9,8,12,1855,1,2,2,1.0,6.0,111.0,AVENUE PHILIPPE AUGUSTE,,,,750
201200027111,12,6,17,1535,1,2,1,1.0,3.0,63.0,13 PLACE LA REPUBLIQUE,M,4682670.0,170043,360
200500041788,5,7,6,545,2,1,1,1.0,3.0,213.0,,M,4557500.0,596100,730
200900005358,9,3,9,1130,1,2,1,1.0,1.0,137.0,"555, LE CHATELIER (AVE A",,,,830
201100005234,11,6,12,615,1,2,1,1.0,6.0,331.0,45 avenue de bordeaux,M,4548400.0,-56900,170
200600062326,6,10,23,1810,1,2,1,2.0,3.0,194.0,"19, COLBERT",,,,580
201600029657,16,5,25,700,1,1,1,1.0,1.0,672.0,CROIX-HEPICH (ROUTE DE L,M,4938211.0,611793,570
201400024370,14,7,4,1830,1,2,1,1.0,1.0,162.0,"21, RTE DE PAUILLAC",,,,330
200600061363,6,10,19,640,5,2,1,1.0,6.0,555.0,"35, CHE DE LA SALADE PON",,,,310
201400027808,14,10,14,1241,1,2,1,1.0,3.0,162.0,PLACE OCEANE,,,,440
200600057790,6,9,26,925,1,1,1,1.0,2.0,36.0,A86,,,,920
200700056508,7,9,12,1315,1,2,6,1.0,3.0,99.0,DELHUMEAU PLESSIS (BOULE,,,,490
201600054969,16,5,24,1930,1,2,2,1.0,2.0,116.0,"26 BIS, RUE DE LUBECK",M,4886490.0,229155,750
201500045708,15,7,31,1350,1,1,1,1.0,2.0,572.0,AUTOROUTE A15,,,,950
200700019590,7,4,28,2030,1,2,1,1.0,6.0,39.0,face au 38 rue d'Ecly,M,4946000.0,408400,80
200900028469,9,3,12,820,1,2,2,8.0,1.0,225.0,RD 448,M,4.0,0,910
201000021663,10,8,3,2350,3,2,3,1.0,3.0,55.0,"1, BD CHARLES NEDELEC",,,,130
201000051732,10,4,15,1145,1,2,2,1.0,3.0,66.0,WILSON/LANDY,M,4891550.0,235747,930
201600034037,16,12,3,1949,5,2,3,1.0,3.0,231.0,"27, CRS CARNOT",M,4928704.0,101498,760
200900039552,9,3,10,800,1,2,6,8.0,3.0,302.0,avenue du general de Gau,M,0.0,0,630
201000036267,10,12,17,2255,5,2,6,1.0,6.0,260.0,"., LUSCANEN(GIRATOIRE DE",M,4766136.0,-279394,560
201500012414,15,4,18,2315,5,1,1,1.0,3.0,244.0,,M,0.0,0,690
200800037416,8,7,8,2245,5,2,1,1.0,3.0,79.0,boulevard Henri CLEWS,M,4352600.0,693700,60
201200017987,12,9,24,745,2,1,2,2.0,3.0,379.0,es Vessades,M,4576785.0,44780,160
201200024889,12,3,8,1754,1,2,2,1.0,6.0,63.0,"241, AVE CHARLES DE GAUL",,,,330
201000023747,10,2,28,1315,1,1,1,8.0,6.0,439.0,,M,0.0,0,240
201400053130,14,12,17,845,1,2,3,3.0,5.0,108.0,PLACE DE LA CONCORDE,,,,750
200600054236,6,9,12,1230,1,2,3,1.0,3.0,63.0,QUAI DES CHARTRONS,,,,330
200600014677,6,3,13,925,1,2,1,1.0,6.0,45.0,"34, LIBERTE BD DE LA",,,,930
200700012268,7,3,3,1715,1,1,1,2.0,1.0,235.0,,M,4375600.0,-81200,400
200600062996,6,10,25,805,1,2,1,1.0,6.0,181.0,"47, GLONNIERES (BD) N° I",,,,720
201500014376,15,6,3,1615,1,2,1,1.0,3.0,55.0,"40, CROIX ROUGE (AVENUE)",M,4333138.0,543286,130
200700015742,7,3,15,1625,1,2,1,1.0,6.0,43.0,"15, GUIRBADEN (RUE DU)",,,,670
201600055213,16,10,31,1700,1,2,2,1.0,3.0,116.0,PLACE DES ETATS UNIS,M,4886720.0,229539,750
200500082365,5,12,31,1240,1,2,4,1.0,6.0,13.0,R CHARLES FOURIER R DE T,,,,750
200700056156,7,9,4,1833,1,2,1,7.0,7.0,44.0,ISLE (DE BELLE ),,,,360
200900016811,9,1,18,50,5,2,1,1.0,5.0,21.0,"00, GENERAL LECLERC (RUE",,,,800
201600057235,16,5,26,1845,1,2,1,1.0,3.0,117.0,PORTE DE SAINT OUEN,M,4890020.0,232128,750
201200054985,12,12,11,1230,1,2,2,1.0,2.0,108.0,"17, RUE CLEMENT MAROT",,,,750
200700004628,7,1,15,1500,1,2,9,1.0,6.0,320.0,"171, CHAMPAGNE (RUE DES)",,,,770
201500050740,15,1,23,1510,1,2,1,1.0,7.0,103.0,"37, RUE REAUMUR",,,,750
200600012593,6,3,29,410,5,1,1,2.0,6.0,302.0,RN 60,,,,450
201600009346,16,3,11,1215,1,1,1,1.0,7.0,96.0,,M,0.0,0,202
200600074081,6,12,13,1500,1,1,1,1.0,5.0,286.0,PK 25,M,4649000.0,336000,30
201600000628,16,7,18,1515,1,1,1,1.0,5.0,650.0,,M,4961748.0,29764,760
201000012352,10,11,23,830,1,1,1,1.0,5.0,31.0,,M,0.0,0,830
200800021221,8,4,18,1845,1,2,2,1.0,3.0,8.0,DIDEROT (RUE),,,,930
200600013700,6,3,19,1000,1,2,2,1.0,3.0,8.0,R FRANCOIS 1ER R PIERRE,,,,750
200700047081,7,8,1,1415,1,1,1,1.0,3.0,420.0,,M,0.0,0,170
201500025246,15,6,2,2303,3,1,1,1.0,6.0,159.0,ROUTE DE VELLES,M,4676300.0,167931,360
201400010231,14,8,29,1030,1,2,3,1.0,6.0,123.0,LECLERC GENERAL AVENUE,,,,60
200600033020,6,6,12,2035,2,1,1,1.0,6.0,108.0,RD 970 ROUTE D ARLES ),,,,130
200800063634,8,11,10,2300,3,1,1,1.0,6.0,7.0,,M,0.0,0,490
201300004621,13,3,19,1345,1,1,1,1.0,2.0,264.0,,M,0.0,0,70
201400050293,14,6,11,1200,1,2,1,1.0,6.0,387.0,RUE CHEVREUL,,,,690
201000062227,10,12,23,1230,1,2,1,4.0,3.0,110.0,"33, RUE BICHAT",,,,750
200700072854,7,11,15,130,5,2,1,1.0,6.0,116.0,BOULEVARD PERIPHERIQUE,,,,750
200800008015,8,2,9,1740,1,2,1,1.0,6.0,562.0,DE GAULLE (BOULEVARD),,,,270
201100015809,11,4,21,745,1,2,3,1.0,3.0,88.0,"0, BORRIGLIONE (A PARTIR",,,,60
200600013580,6,3,7,1345,1,2,4,1.0,2.0,12.0,ECH BERCY BPI PT CHARENT,,,,750
201300036308,13,11,27,1140,1,2,3,1.0,1.0,61.0,AVENUE DE PORT-FR?JUS,M,4342365.0,674903,830
200700013724,7,3,16,1405,1,2,2,1.0,3.0,88.0,"0, ANDRIOLI (RUE)",,,,60
200800015053,8,3,16,1340,1,2,1,2.0,3.0,112.0,"16, RUE DU FAUBOURG SAIN",,,,750
200800023958,8,5,5,1845,1,2,2,1.0,3.0,189.0,"50, BONS ENFANTS (RUE)",,,,300
201600039071,16,6,19,1230,1,2,1,1.0,2.0,62.0,"60, GENERAL DE GAULLE (A",,,,920