Num_Acc,an,mois,jour,hrmn,lum,agg,int,atm,col,com,adr,gps,lat,long,dep
200800011234,8,2,23,420,5,2,1,1.0,6.0,101.0,QUAI DES TUILERIES,,,,750
201300019587,13,7,25,710,1,2,1,1.0,6.0,306.0,"20, TILLEULS (DES) (AVEN",M,4562658.0,-102593,170
201600057276,16,6,26,1155,1,2,1,1.0,7.0,116.0,PORTE DAUPHINE,M,4887370.0,227541,750
201100018652,11,7,1,1505,1,2,1,1.0,3.0,1.0,POUDRIERE (RUE DE LA),M,4352093.0,544526,130
201300055941,13,4,29,1515,1,2,1,1.0,6.0,111.0,"157, RUE SAINT MAUR",,,,750
200900019780,9,5,30,1210,1,2,1,1.0,7.0,180.0,"PV,RUE MARCHE AUX GRAINS",M,0.0,0,670
201600015206,16,7,25,940,1,2,1,1.0,7.0,55.0,"10, HOPKINSON (SQUARE)",M,4329783.0,540904,130
200600012092,6,3,10,1420,1,2,1,3.0,3.0,555.0,"6, RUE DU PR GASTON ASTR",,,,310
200600045936,6,8,15,830,1,1,1,1.0,3.0,162.0,,M,4522400.0,402200,430
200500048358,5,8,31,1145,1,1,1,1.0,3.0,113.0,,M,0.0,0,720
201300017426,13,6,27,830,1,1,1,1.0,6.0,329.0,,M,4795861.0,297718,450
201100015290,11,8,7,530,2,1,1,1.0,7.0,69.0,"x, NAPOLEON (ROUTE)",,,,60
201600007613,16,9,1,115,3,1,1,1.0,7.0,576.0,,M,4728768.0,615378,250
200700041245,7,7,17,1230,1,2,1,1.0,1.0,115.0,54 rue de villeuneuve,M,4804400.0,305500,450
200900066842,9,8,21,817,1,2,2,1.0,3.0,185.0,"00, BOULEVARD JEAN PAIN",,,,380
201000062307,10,3,19,1415,1,2,5,1.0,6.0,111.0,"296, BOULEVARD VOLTAIRE",,,,750
201000018581,10,11,8,745,1,1,1,1.0,2.0,16.0,,M,0.0,0,740
200800040416,8,7,22,1800,1,2,1,1.0,3.0,576.0,"1086, PAVILLONS CITE SCH",,,,760
200900004852,9,2,21,1530,1,2,1,1.0,1.0,55.0,"39, CLEMENCEAU ( AVENUE",,,,440
201400036986,14,10,21,1545,1,2,1,1.0,6.0,137.0,"0, SAINT BERNARD (RUE /",M,4312219.0,593676,830
201600046108,16,9,5,2300,3,1,1,2.0,6.0,5.0,AUTOROUTE A1,M,4895777.0,246260,930
201500036612,15,5,28,1700,1,2,1,1.0,3.0,97.0,"103, ROCHOPT (RUE)",M,4869560.0,254861,910
201100059441,11,6,27,945,1,2,2,7.0,3.0,109.0,"41, RUE LA FAYETTE",,,,750
201300052658,13,3,4,2208,5,2,1,1.0,6.0,112.0,"0, AVENUE DAUMESNIL",,,,750
200900008259,9,2,5,1425,1,2,1,1.0,6.0,413.0,"3, RUE MAURICE JEANDON",M,4.0,0,880
201200056377,12,1,3,730,5,2,3,1.0,6.0,113.0,"101, RUE DE TOLBIAC",,,,750
201200038098,12,10,16,1720,1,2,1,1.0,6.0,383.0,AV DE LANGRES,M,4876169.0,194544,780
201000056112,10,5,25,2240,3,1,1,1.0,7.0,78.0,AUTOROUTE A104,M,4895820.0,253141,930
200900053900,9,9,22,1755,1,2,2,1.0,4.0,24.0,"3, RUE DU 08 MAI 1945",,,,920
200500035979,5,6,23,1930,1,2,1,1.0,3.0,586.0,TOBROUK,,,,780
201400026382,14,7,4,1540,1,2,1,1.0,6.0,261.0,3BD WILSON CHURCHILL,,,,370
200500065402,5,10,26,1415,1,2,1,1.0,2.0,55.0,ROSE (AVENUE DE LA),,,,130
200700045680,7,7,30,215,5,2,1,1.0,6.0,103.0,"107, RUE DU TEMPLE",,,,750
201600015525,16,8,25,1030,1,2,1,1.0,6.0,55.0,"23, SAINT JEAN (AVENUE)",M,4329600.0,536519,130
201200049905,12,12,28,1740,3,1,1,1.0,6.0,277.0,A104,M,4897320.0,248860,950
200900022873,9,3,17,1700,1,2,1,1.0,6.0,69.0,"34, VICTORIA (AVENUE ET",,,,60
201200005613,12,11,23,2130,3,1,1,1.0,6.0,45.0,,M,0.0,0,740
201600018833,16,12,8,1850,5,1,1,1.0,3.0,214.0,lieu dit chavanis,M,4598084.0,432587,690
200500033067,5,6,18,1622,1,2,1,7.0,5.0,617.0,"63, TROYES (DE) (BOULEVA",,,,210
201600006508,16,5,13,815,1,1,1,2.0,7.0,130.0,,M,0.0,0,670
200900042948,9,6,4,1755,1,2,1,1.0,6.0,46.0,"144, REPUBLIQUE (AV DE L",M,4.0,0,940
201000050334,10,11,27,1510,2,2,1,1.0,3.0,8.0,STALINGRAD (RUE DE) A10,,,,930
201400019220,14,10,4,1830,1,1,1,1.0,6.0,18.0,,M,0.0,0,590
201200050804,12,8,21,1320,1,1,1,1.0,3.0,65.0,A86,M,4875530.0,234455,940
201500004253,15,5,27,1700,1,2,1,1.0,6.0,131.0,35 avenue des Alpes,,,,690
200600066644,6,11,17,1720,5,2,3,3.0,6.0,362.0,"SANS N, HUGO AVENUE VICT",,,,260
201000051908,10,12,15,800,1,2,2,1.0,3.0,66.0,FRANCE ANATOLE (BOULEVAR,,,,930
200700000083,7,1,26,1630,1,1,1,1.0,6.0,29.0,,M,0.0,0,600
201300040058,13,5,30,2200,5,2,1,3.0,6.0,51.0,"54, BINEAU (BOULEVARD, N",,,,920
201000058222,10,7,4,1015,1,2,2,1.0,6.0,386.0,"0, RUE MONTGOLFIER",,,,690
201100062550,11,5,20,1240,1,2,5,1.0,2.0,117.0,"3, PLACE DU MARECHAL JUI",,,,750
200500045684,5,7,14,1850,1,2,3,1.0,3.0,224.0,"02, LAVOISIER (RUE)",,,,680
201100034939,11,5,6,1555,1,2,9,1.0,3.0,344.0,DEPOT (RUE DU),,,,590
201200010277,12,2,11,530,5,2,3,1.0,3.0,4.0,ESTEREL AV.DE L',,,,60
201100035509,11,6,29,1945,1,2,2,1.0,3.0,9.0,DE FLANDRES (avenue),,,,590
201400001762,14,8,22,1545,1,1,1,1.0,3.0,110.0,la chapeliere,M,0.0,0,440
201300045260,13,9,19,1640,1,2,1,1.0,3.0,381.0,"46, QUAI SAINT VINCENT",,,,690
200700067996,7,11,9,920,1,2,1,6.0,3.0,55.0,"467, PRADO (AVENUE)",,,,130
201300029791,13,9,8,1045,1,2,2,1.0,6.0,122.0,LIBERTE (BOULEVARD DE LA,,,,590
200600032845,6,6,21,1531,1,2,1,1.0,2.0,55.0,"0, CORSE (AVENUE DE LA)",,,,130
200700053621,7,9,14,1830,1,1,1,1.0,6.0,7.0,,M,4508700.0,416100,430
201600027703,16,9,20,1832,1,2,1,1.0,2.0,7.0,"6, BIRGE BOULEVARD",M,4748125.0,-52217,490
200800063724,8,11,18,1245,1,1,1,1.0,3.0,50.0,,M,0.0,0,660
200600070533,6,11,14,1410,1,2,2,1.0,3.0,81.0,JEAN JAURES (AV),,,,940
200800063988,8,11,26,1100,1,2,3,1.0,6.0,368.0,"00, PAUL RUE",,,,590
201200050964,12,11,6,656,3,1,1,1.0,2.0,161.0,AUTOROUTE A6,,,,910
201200003961,12,9,15,615,2,1,1,1.0,1.0,19.0,,M,0.0,0,90
200500001070,5,1,27,1745,3,1,1,4.0,1.0,249.0,,M,4909700.0,584000,540
201200027414,12,8,13,1900,1,2,1,1.0,7.0,208.0,"50, BRANCHOIRE (RUE DE L",,,,370
201200007682,12,9,30,1730,1,1,1,2.0,3.0,434.0,,M,4684000.0,569500,390
201500049227,15,11,26,1715,4,1,1,1.0,5.0,167.0,ROUTE NATIONALE 230,M,4484399.0,-50161,330
201500042516,15,12,8,1750,5,2,1,2.0,6.0,28.0,"5, REPUBLIQUE(AVENUE DE",,,,940
201300013497,13,12,4,639,5,2,1,1.0,3.0,5.0,RN 96 (ROUTE NATIONALE ),,,,130
200900058377,9,12,16,1735,5,2,1,1.0,3.0,55.0,"174, BD DE SAINT LOUP",,,,130
200500024681,5,5,31,1000,1,1,1,1.0,3.0,435.0,,M,0.0,0,590
200600034406,6,6,21,2205,2,2,4,1.0,3.0,328.0,"001, HIPPODROME AV DE L",,,,590
200500081767,5,12,10,1745,4,2,1,1.0,3.0,163.0,GARE (RUE DE LA),,,,590
200900024828,9,8,16,1715,1,2,3,1.0,3.0,228.0,R GAILLARDE/R BEURRIERE,M,4.0,0,450
201300043872,13,10,3,1630,1,2,1,1.0,6.0,73.0,LUXEMBOURG (AV DU),,,,940
201500029715,15,6,19,1930,1,2,1,1.0,1.0,131.0,"66, BOURBOURG - ROUTE",M,5100063.0,235817,590
200900000971,9,2,21,800,1,2,2,1.0,3.0,110.0,RUE LA FAYETTE,,,,750
200800042805,8,8,2,1254,1,2,1,1.0,6.0,114.0,"1, RUE DE GERGOVIE",,,,750
201100003144,11,2,12,1815,1,2,1,1.0,1.0,116.0,Quai Eole,M,4729400.0,-203500,440
201500013837,15,4,15,1615,1,1,1,1.0,2.0,2.0,QUATRE SAISONS (ROUTE DE,,,,130
201300047566,13,6,9,1154,1,1,1,1.0,3.0,339.0,RN 104,,,,910
201000032598,10,8,11,1115,1,2,1,1.0,6.0,95.0,"1, PORTAFAIX (CHEMIN DE)",M,4536600.0,427045,420
200500031344,5,5,20,825,1,2,3,1.0,3.0,5.0,"188, LEFEVRE (BOULEVARD)",,,,930
201500053012,15,1,10,745,2,2,3,8.0,6.0,113.0,AVENUE PIERRE MENDES FRA,,,,750
200700075692,7,12,22,2100,3,1,1,1.0,6.0,407.0,,M,0.0,0,890
200500005253,5,1,3,1800,5,2,2,1.0,3.0,350.0,GENERAL DE GAULLE (AVENU,,,,770
200500036647,5,6,1,900,1,2,1,1.0,3.0,31.0,"28, PARIS (1 A 81)",,,,930
201200011715,12,9,30,1440,1,2,2,1.0,3.0,88.0,"0, VAUBAN (R. MARECHAL)",,,,60
200800014386,8,3,8,2045,3,2,1,1.0,6.0,52.0,A ET L ROUSSEL,,,,950
200700066645,7,10,26,2150,3,1,1,1.0,7.0,1.0,A5116CM-sortie A51 vers,,,,130
200600069486,6,11,23,1740,5,2,2,3.0,6.0,646.0,"NEANT, ROYALE (RUE)",,,,780
200600076434,6,12,11,1700,2,2,1,2.0,3.0,238.0,"00, BOIS LABBE (AVENUE D",,,,350
200600063074,6,10,1,210,5,2,3,1.0,3.0,17.0,AV DES TERNES R V MAREUI,,,,750
201400032751,14,3,18,1600,1,1,1,8.0,2.0,545.0,RD810,,,,640
201600001740,16,8,12,1430,1,1,2,1.0,3.0,210.0,,M,4869125.0,-11457,610
200800047969,8,8,28,745,1,2,1,1.0,7.0,244.0,Route de Paris,M,0.0,0,690
201000005584,10,12,18,45,3,1,1,1.0,6.0,109.0,,M,0.0,0,790
201600053568,16,8,30,2050,3,2,1,1.0,3.0,112.0,"45, RUE GABRIEL LAME",M,4883510.0,238571,750
201500052068,15,12,1,2240,5,2,1,1.0,6.0,109.0,"53, RUE DE CHATEAUDUN",,,,750
201200014685,12,1,20,1600,1,2,1,1.0,2.0,55.0,"1, AVE DU GENERAL LECLER",M,,,130
201100063808,11,11,6,1840,5,2,7,1.0,3.0,120.0,"2, PLACE GAMBETTA",,,,750
201400045724,14,8,1,605,2,2,1,1.0,2.0,18.0,RTE DE PONTOISE,M,4895040.0,220580,950
200800044583,8,8,16,1300,1,2,2,1.0,6.0,751.0,"00, VICTOR POULAIN (RUE",,,,570
200600022321,6,4,28,1000,1,2,1,1.0,1.0,24.0,"12, GEORGES BOISSEAU (RU",,,,920
201300006567,13,8,12,1530,1,2,3,1.0,3.0,649.0,AVE DU QUAI ST GERMAIN,M,0.0,0,510
201300011384,13,11,29,1300,1,2,1,1.0,2.0,88.0,"99, MADELEINE (BD DE LA)",,,,60
200600002426,6,1,22,550,5,2,1,1.0,6.0,18.0,BD NEY,,,,750
201400046113,14,7,13,2053,1,2,1,1.0,6.0,277.0,AV ALEXANDRE GASSIEN,M,4899670.0,242790,950
200900028875,9,7,7,2025,1,2,1,1.0,3.0,65.0,"125, ALBERT 1ï¾° (AV)",,,,810
200900018930,9,3,14,1130,1,1,1,1.0,3.0,28.0,RN406.W,M,4.0,0,940
201500026094,15,5,8,1850,1,2,1,1.0,1.0,18.0,MAUNOURY (AVENUE DU MARE,M,4759600.0,134100,410
201000037289,10,7,5,1855,1,2,1,1.0,5.0,350.0,JACQUART,,,,590
200800057101,8,10,2,1825,1,2,1,1.0,3.0,55.0,"36, BONNEFOY (RUE)",,,,130
200900025061,9,3,3,1710,1,2,1,1.0,7.0,32.0,MAS ALPHONSE (AV),,,,340
201500000128,15,6,15,745,1,1,1,1.0,6.0,525.0,,M,0.0,0,590
200600044333,6,7,19,2315,3,1,1,1.0,6.0,212.0,"CD93, La Ferme du Canal",M,0.0,0,450
201100033031,11,4,7,755,1,2,1,1.0,5.0,129.0,"00, ABBAYE (RUE DE L')",,,,500
200600043665,6,7,12,1000,1,1,1,1.0,2.0,191.0,CD 38 - PR 1+820,M,0.0,0,670
201300007756,13,8,15,1030,1,1,1,1.0,3.0,63.0,,M,4504300.0,625500,50
200800072092,8,12,27,1830,5,2,2,1.0,3.0,136.0,GRAPPES (DES),,,,660
201600031770,16,12,2,1613,1,2,1,1.0,2.0,445.0,AVENUE DE SARAGOSSE,M,4330731.0,-35524,640
201300011163,13,8,7,1600,1,2,1,1.0,3.0,88.0,"0, SAINT-PHILIPPE (PL.)",,,,60
200600043452,6,7,31,2350,5,2,1,1.0,6.0,220.0,rue du bergas,M,0.0,0,740
201300005910,13,12,12,730,2,1,1,5.0,7.0,437.0,,M,4855400.0,617000,540
201600053159,16,8,4,1540,1,2,7,1.0,3.0,111.0,"15, PLACE DE LA NATION",M,4884840.0,239670,750
201400040807,14,2,11,1050,1,2,1,2.0,6.0,63.0,"190, DOUMER (AVENUE PAUL",,,,920
200600030914,6,6,20,800,1,1,1,1.0,3.0,51.0,La Piasse,M,0.0,0,690
201500022322,15,8,11,1730,1,2,1,1.0,1.0,109.0,route de tantonville,M,4852395.0,615976,540
200800065965,8,11,28,2020,5,2,1,1.0,2.0,300.0,"32, LECLERC   AVENUE DU",,,,170
200800054167,8,9,22,1415,1,2,1,1.0,6.0,62.0,"140, RESISTANCE (AVENUE",,,,930
200800070045,8,12,17,1735,5,2,1,8.0,6.0,7.0,"280, BRIAND (AVENUE ARIS",,,,920
201200056928,12,9,1,1500,1,2,1,1.0,6.0,114.0,"97, AVENUE DENFERT ROCHE",,,,750
200600000798,6,1,10,2030,5,2,2,1.0,3.0,681.0,BIZY ( RUE DE),,,,270
200500033329,5,6,1,1700,1,1,1,1.0,2.0,555.0,19 LE PALAYS (PEAGE SUD),,,,310
200600025549,6,5,29,820,1,1,1,8.0,6.0,105.0,NOUZONVILLE,,,,80
201500002613,15,1,10,1115,1,1,1,2.0,1.0,372.0,LA BASSE VAURE,M,4513230.0,51132,240
201200038323,12,12,6,1810,5,2,6,2.0,6.0,29.0,AV FOCH/PL LOUVAIN,M,4897616.0,184496,780
201200051799,12,5,23,630,2,1,1,2.0,6.0,249.0,ROCADE A 630,,,,330
201100052269,11,11,28,535,5,2,1,1.0,2.0,427.0,R D'EPINAY,M,4896360.0,233520,950
201300008150,13,8,2,1500,1,1,1,1.0,1.0,17.0,,M,4418200.0,525300,840
200900071060,9,11,21,1900,5,2,2,1.0,6.0,81.0,ROUGET DE L ISLE (AV),M,4.0,0,940
200900019949,9,1,30,1900,5,1,1,1.0,4.0,388.0,RD383   11.460 A 11.750,,,,690
201600009307,16,3,15,1600,1,2,1,1.0,1.0,224.0,d232,M,0.0,0,202
201600003821,16,1,12,1025,1,1,2,3.0,3.0,90.0,LA CROIX DU SAUVAGE,M,4438020.0,245216,120
200800022233,8,4,25,2240,5,2,3,1.0,6.0,120.0,BOULEVARD MORTIER,,,,750
201200057977,12,2,26,50,4,2,1,1.0,6.0,117.0,"188, AVENUE DE CLICHY",,,,750
200600075447,6,12,28,1520,1,2,1,1.0,1.0,55.0,"39, AUDIENCE (RUE DE L')",,,,130
201000035433,10,3,13,1415,1,1,2,1.0,1.0,304.0,"1, HARDEVAL (RUE D')",,,,540
201100051391,11,12,2,1640,2,2,1,1.0,6.0,46.0,"83, AV DE LA REPUBLIQUE",,,,940
201400030973,14,3,14,1330,1,2,1,1.0,3.0,512.0,"8, SAINT ANTOINE (RUE)",,,,590
200600075581,6,12,9,2145,5,2,6,1.0,3.0,55.0,PRADO (ROND-POINT),,,,130
201000005625,10,1,7,1215,1,2,1,1.0,1.0,195.0,35 RUE DE LA GARE,M,0.0,0,790
200900023165,9,8,5,2000,2,1,1,1.0,1.0,7.0,x,M,4.0,0,430
200600002473,6,1,14,1110,1,2,1,1.0,4.0,10.0,28 R D HAUTEVILLE,,,,750
201000047490,10,7,13,1820,1,2,1,1.0,7.0,477.0,RD 36,,,,910
201400037682,14,8,4,1558,1,2,1,1.0,6.0,85.0,"1, COURAUD (RUE RAYMOND)",,,,870
200500075748,5,11,12,1050,1,2,2,2.0,7.0,138.0,LEGRAND (RUE EDOUARD),,,,780
201400004193,14,9,19,1930,2,1,1,1.0,1.0,113.0,,M,0.0,0,820
200700001674,7,1,16,2300,5,2,1,2.0,1.0,27.0,"62, CAMPANETTE CHEMIN DE",,,,60
200600058728,6,10,21,1515,1,1,1,8.0,1.0,36.0,,M,4709300.0,6400,860
200700034216,7,6,16,800,1,2,1,1.0,1.0,69.0,"84, CANNES (ROUTE DE)  -",,,,60
201300032372,13,10,2,1815,1,2,2,1.0,3.0,445.0,RUE MARCA/RUE DES PONTS,M,4329460.0,-37716,640
201300038960,13,2,26,1132,1,2,1,1.0,2.0,23.0,"2, MARQUIS (PLACE) N?1 E",,,,920
201200049358,12,5,14,1750,1,1,1,1.0,2.0,66.0,AUTOROUTE A1,,,,930
201400059506,14,10,23,1810,1,1,3,1.0,3.0,9.0,CHAMPS BORNE (ROUTE DE),R,,,974
201400031919,14,4,17,1425,1,2,3,1.0,6.0,427.0,GRUYELLE (Rue ELIE),M,5042047.0,294947,620
200600071998,6,11,3,645,2,2,1,1.0,3.0,263.0,Ch.du Peleu - CD933,M,4609600.0,475900,10
201400043516,14,8,27,1850,1,2,1,1.0,6.0,71.0,"42, STALINGRAD (BOULEVAR",,,,930
201000064061,10,10,27,2038,5,2,3,1.0,6.0,115.0,"249, RUE LECOURBE",,,,750
201500031208,15,1,14,2245,5,2,1,1.0,3.0,102.0,AV CAPITAINE RESPLANDY,M,4348424.0,-144967,640
201300016393,13,1,31,555,3,2,2,1.0,6.0,117.0,"xx, DROITS DE L'HOMME (A",M,4342850.0,527084,130
201000020092,10,4,2,1810,1,2,1,1.0,6.0,28.0,"33, CHEMIN PUITS DE BRUN",,,,130
200500006548,5,1,21,1155,1,1,1,1.0,3.0,515.0,ROUTE NATIONALE 356,,,,590
200800073315,8,12,5,2115,3,2,2,2.0,3.0,197.0,"15, CHARLES DE GAULLE (A",,,,950
201600002502,16,5,31,930,1,1,1,1.0,5.0,288.0,,M,4645508.0,-159864,850
200800019164,8,4,30,1645,1,2,1,1.0,2.0,55.0,"186, RABATAU (BOULEVARD)",,,,130
201600039052,16,3,21,2030,5,2,1,1.0,3.0,62.0,"39, ROUSSELLE (RUE)",,,,920
201300031177,13,6,1,1715,1,1,1,1.0,3.0,349.0,GRARD ( RUE ),M,5051896.0,259503,620
201200006489,12,1,23,2215,5,2,1,8.0,7.0,251.0,rue st lunguy,M,4833900.0,668300,880
201000055351,10,10,28,823,2,1,1,8.0,5.0,33.0,A86,,,,940
200800031608,8,6,14,1030,1,2,1,1.0,3.0,55.0,JEAN QUEILLAU (RUE),,,,130
201200029055,12,12,2,735,2,2,1,1.0,3.0,109.0,RUE ROMAIN ROLLAND,,,,440
200500026966,5,5,4,1145,1,1,1,1.0,1.0,193.0,,M,0.0,0,380
201500029417,15,4,11,245,3,1,1,1.0,2.0,151.0,,M,4319208.0,245508,110
200800019806,8,4,1,1900,1,1,1,1.0,2.0,151.0,ROCADE SUD,,,,380
200500035965,5,6,29,1855,1,2,3,1.0,6.0,545.0,CURIE (AVENUE PIERRE),,,,780
201400047197,14,5,15,740,1,1,1,1.0,3.0,5.0,AUTOROUTE A1,M,4896200.0,246984,930
201600011627,16,10,12,1430,1,1,9,1.0,2.0,646.0,A1 - 110+200,M,4979195.0,280380,800
200500060617,5,9,1,1915,1,2,3,1.0,3.0,21.0,"0, ALLIES (RUE DES)",,,,800
201200040848,12,3,1,840,2,2,1,5.0,2.0,201.0,HENRI BARBUSSE(BOULEVARD,,,,910
200600061576,6,10,11,843,1,2,2,1.0,3.0,3.0,DE GAULLE (E14 A F15,,,,340
201000060557,10,4,2,730,1,2,5,1.0,3.0,104.0,"3, PLACE DE LA BASTILLE",,,,750
201400026151,14,12,16,1420,1,2,1,1.0,3.0,44.0,65 AVENUE MARCEL LEMOINE,M,4682030.0,169730,360
201200036474,12,1,15,1130,1,1,1,1.0,6.0,266.0,"1, PONT DE CUSSET",,,,690
201300019248,13,4,26,1815,1,2,1,2.0,7.0,15.0,carrefour barrouilhet,M,4565344.0,14836,160
201400010495,14,12,20,1500,1,2,1,1.0,6.0,29.0,PANTIERO (PROMENADE DE L,,,,60
200600078518,6,12,8,755,5,2,1,2.0,6.0,131.0,"19, LAFAYETTE (RUE)",,,,770
200600039645,6,7,11,2017,1,1,1,1.0,1.0,125.0,AHETZE (ROUTE),,,,640
200600076009,6,12,7,1700,1,2,1,1.0,1.0,232.0,"., BREST ROUTE DE",,,,290
200700009447,7,2,11,1405,1,1,1,1.0,1.0,462.0,HAUT-KOENIGSBOURG (RUE D,,,,670
201000029507,10,9,14,1500,1,2,3,1.0,1.0,63.0,CRS DE VERDUN,,,,330
201300057120,13,6,6,1000,1,1,1,1.0,2.0,19.0,,R,0.0,0,974
201300011673,13,7,20,15,3,1,1,1.0,5.0,56.0,,M,0.0,0,250
201600015314,16,8,14,210,5,2,1,1.0,6.0,55.0,"347, CORNICHE KENNEDY",,,,130
200900027311,9,10,23,955,1,2,2,1.0,3.0,111.0,", AVENUE PHILIPPE AUGUST",,,,750
200700002375,7,1,31,1919,5,2,2,1.0,4.0,231.0,JEAN JAURES (AVENUE),,,,210
200600006076,6,2,15,1245,1,2,1,1.0,1.0,444.0,Rue Princiaple,M,0.0,0,620
200700034420,7,6,28,2245,3,1,1,1.0,5.0,69.0,"R N 113, SENS TOULOUSE/",,,,110
200900063947,9,3,7,2320,5,2,1,1.0,7.0,72.0,35-39 AV ARISTIDE BRIAND,M,4.0,0,930
200700014695,7,3,28,1650,1,2,3,1.0,2.0,550.0,AVE DE GALGON,,,,330
200500067001,5,10,1,1610,1,2,3,1.0,6.0,183.0,"00000, SAINT CHARLES",,,,590
200500029767,5,5,12,1400,1,2,1,1.0,5.0,181.0,CUGNOT NICOLAS (BD),,,,720
200500014963,5,3,19,1200,1,2,1,1.0,3.0,555.0,"48, ILE DE FRANCE (ALL D",,,,310
201400001490,14,6,9,1600,1,1,3,1.0,1.0,471.0,,M,4936660.0,-171823,500
201500048259,15,1,23,145,3,1,1,1.0,2.0,548.0,AUTOROUTE A16,,,,620
201400043144,14,6,13,1905,1,2,1,1.0,4.0,64.0,"00, DE GAULLE (AV DU GEN",,,,930
201100026834,11,9,18,1925,2,2,1,1.0,6.0,555.0,"27, RUE DU LANGUEDOC",,,,310
200800076265,8,7,23,1830,1,2,3,1.0,3.0,416.0,"SANS, BABET (RUE A)",,,,974
200900016365,9,6,5,745,1,2,1,1.0,2.0,24.0,81 RUE CHANTERAINE,A,0.0,0,80
200800021858,8,4,12,1620,1,2,2,1.0,3.0,119.0,"18, RUE D AUBERVILLIERS",,,,750
200500050409,5,8,1,2220,5,2,3,1.0,3.0,88.0,"0, ARMEE DES ALPES (BD D",,,,60
201200053693,12,9,10,2310,5,2,7,3.0,6.0,102.0,PLACE DE L OPERA,,,,750
201500047350,15,9,6,1945,1,1,1,1.0,2.0,182.0,AUTOROUTE A6,,,,910
200700022646,7,4,9,1437,1,2,1,1.0,7.0,29.0,BOULEVARD DE L UNIVERSIT,,,,690
201100034543,11,5,5,1857,1,2,2,1.0,3.0,463.0,CHAPELLE (RUE DE LA ),M,4910156.0,617249,570
201100057429,11,1,29,2120,3,1,1,2.0,7.0,203.0,A557-Liaison A7 Marseill,,,,130
200700002380,7,1,13,1930,5,2,6,1.0,2.0,278.0,"0, GARE (DE LA)",,,,220
201100066816,11,4,29,430,5,1,1,1.0,7.0,16.0,"SANS, ANCIENNE RN 1",,,,974
201500038433,15,4,22,245,5,2,1,1.0,7.0,40.0,STALINGRAD (QUAI DE),,,,920
201000066499,10,10,6,1756,2,2,7,2.0,4.0,108.0,PLACE DU CANADA,,,,750
201400046328,14,9,21,720,1,2,1,1.0,3.0,4.0,PAOLI DOMINIQUE  BD,M,4192949.0,873740,201
200600044004,6,7,2,1835,1,2,1,1.0,6.0,65.0,7960 route de Cagnes,M,0.0,0,60
200800074454,8,12,20,930,1,1,1,2.0,7.0,121.0,A104,,,,770
200700084147,7,11,30,1445,1,1,1,7.0,1.0,122.0,,A,0.0,0,971
200900034856,9,9,23,1300,1,2,3,1.0,6.0,482.0,"SPV, ROUTE NEUHOF",M,0.0,0,670
200800070625,8,12,11,440,3,1,1,2.0,7.0,55.0,LÉON LACHAMP (ROUTE),,,,130
200800054018,8,9,19,1315,1,2,2,1.0,6.0,110.0,"153, RUE LA FAYETTE",,,,750
200500001656,5,1,3,745,2,2,1,1.0,6.0,183.0,RUE DE LA GARE,M,0.0,0,770
200900029391,9,8,7,1620,1,2,4,1.0,3.0,122.0,CARREFOUR HELIANTHE,M,4.0,-,640
200800041029,8,7,24,1200,1,2,3,1.0,6.0,25.0,BOURNARD (RUE DU),,,,920
200600000872,6,1,16,1327,1,2,6,2.0,6.0,189.0,FRANCAIS LIBRES (BD),,,,300
200500060906,5,9,30,1510,1,2,1,1.0,6.0,160.0,"5, ROSE-POIRIER (AV. DU)",,,,880
201000035635,10,9,6,945,1,2,1,1.0,6.0,395.0,"0, LIBERATION (AVENUE DE",,,,540
200600047784,6,8,16,1830,1,2,1,1.0,6.0,7.0,MONGE (AVENUE),,,,300
200500083309,5,12,23,940,1,1,1,1.0,6.0,85.0,AUTOROUTE A20,,,,870
201200008517,12,3,25,745,1,1,1,1.0,1.0,92.0,,M,0.0,0,840
201200012784,12,4,20,1245,1,1,1,3.0,6.0,130.0,,M,0.0,0,770
200700023494,7,4,24,1600,1,2,1,1.0,2.0,540.0,"26, GAMBETTA. BOULEVARD",,,,760
201500058266,15,11,11,1810,2,2,1,1.0,6.0,416.0,"50, HUBERT DE LISLE(BOUL",R,2134354.0,5547051,974
201600046673,16,2,10,857,1,1,1,1.0,5.0,25.0,A86,,,,920
201400031373,14,10,3,1715,1,2,1,1.0,1.0,606.0,MAGALOTTI (RUE),,,,590
200600011686,6,3,9,1200,1,2,1,1.0,7.0,55.0,ANDRÉ ROUSSIN (AVENUE),,,,130
201000034243,10,3,24,1933,5,2,4,2.0,3.0,246.0,"39, PASTEUR",M,4741480.0,-52314,490
201000028108,10,4,16,910,1,2,3,1.0,3.0,555.0,"999, CHE CARROSSE",,,,310
201100032942,11,9,8,1345,1,2,3,1.0,1.0,328.0,"sans, PRESSOIR (RUE DU)",M,4724954.0,-7720,490
200700065936,7,10,11,1450,1,2,1,1.0,6.0,68.0,"121, BAC (AV DU)",,,,940
201500006778,15,4,1,2330,3,1,1,1.0,7.0,51.0,,M,0.0,0,580
200600040570,6,7,30,1135,1,2,3,1.0,3.0,13.0,QU DE LA GARE BD VINCENT,,,,750
201400010634,14,7,6,1150,1,2,1,1.0,7.0,69.0,"x, VINGT QUATRE AOUT - P",,,,60