Num_Acc,an,mois,jour,hrmn,lum,agg,int,atm,col,com,adr,gps,lat,long,dep
200700011951,7,3,23,1200,1,1,9,2.0,2.0,358.0,,M,0.0,0,600
200500035856,5,6,30,1410,1,2,1,1.0,7.0,335.0,RN3 (ROUTE NATIONALE),,,,770
200600083548,6,12,21,1805,4,2,1,1.0,2.0,107.0,"X, DELGRES ( BOULEVARD )",,,,971
200900059940,9,11,22,1520,1,1,1,2.0,6.0,121.0,A104,M,4.0,0,770
201500024054,15,12,7,855,2,2,1,1.0,6.0,75.0,RUE AUSONE,M,4487140.0,-59526,330
200600053167,6,9,24,820,1,2,1,1.0,6.0,4.0,"20, SABLES CH.ET ALLEE",,,,60
200900051614,9,5,14,1600,1,2,1,2.0,6.0,28.0,carrefour des 3 chemins,M,0.0,0,340
200800070221,8,12,15,720,3,2,1,1.0,7.0,70.0,"12, ST J CHRYSOSTOME (BD",,,,40
200600022025,6,4,12,1810,1,2,1,1.0,2.0,126.0,", BREMOND (CHEMIN DE)",,,,830
200900051686,9,5,10,1030,1,1,1,8.0,6.0,32.0,", GALINIER HENRI (AV)",,,,340
200900045370,9,11,7,1130,1,1,1,2.0,7.0,197.0,,M,4.0,0,870
200700027520,7,5,12,1550,1,2,1,1.0,2.0,55.0,BARRY (BOULEVARD),,,,130
200500085110,5,3,17,1030,1,2,1,1.0,1.0,209.0,JUDES TURIAF (AVENUE PRO,,,,972
201400057804,14,4,9,815,1,2,1,1.0,3.0,118.0,PORTE DE LA CHAPELLE,,,,750
201300000989,13,6,10,1645,1,2,1,1.0,6.0,262.0,Rue des Crois Jarrots,M,4840806.0,-290718,220
201300021165,13,9,6,1020,1,2,1,1.0,6.0,362.0,26362,M,4494510.0,492230,260
200600081654,6,5,16,1010,1,2,1,1.0,6.0,411.0,"4, LECLERC (DU MARECHAL)",,,,974
201100022454,11,5,1,735,1,2,6,1.0,3.0,15.0,ROUTE DE BORDEAUX,M,,,160
201600054658,16,9,14,1730,1,2,2,1.0,2.0,115.0,RUE DE VOUILLE,M,4883470.0,230515,750
201300006554,13,7,1,1430,1,1,1,7.0,3.0,153.0,D40A,M,0.0,0,510
200800033623,8,6,11,305,5,2,1,1.0,7.0,351.0,"58, ALBERT 1ER",,,,760
200600077776,6,12,9,1635,1,2,3,1.0,3.0,12.0,RUE DE REUILLY CO SAINT,,,,750
201600053519,16,7,8,915,1,2,5,1.0,3.0,112.0,AVENUE DE NOGENT,M,4884210.0,244900,750
201200000110,12,1,18,1000,1,1,1,1.0,1.0,35.0,Rte d'Etroeungt,M,5009081.0,393022,590
200500054184,5,9,19,1915,1,2,1,1.0,1.0,279.0,face au 67 rue de vernon,M,4909200.0,159900,270
201300007630,13,7,25,2300,3,1,8,1.0,6.0,14.0,,M,0.0,0,130
201400016899,14,7,26,2055,1,2,1,7.0,7.0,117.0,"14, GENERAL LECLERC (AVE",M,4928630.0,-11347,140
200900013403,9,4,18,1045,1,1,2,1.0,3.0,329.0,,M,0.0,0,700
200500039605,5,6,3,1800,1,1,1,1.0,1.0,341.0,,M,4289800.0,222700,110
200600019515,6,4,20,915,1,2,1,1.0,6.0,108.0,"4BIS, VICTOR HUGO (BOULE",,,,130
201600048812,16,2,19,1520,1,1,1,1.0,5.0,507.0,AUTOROUTE A1,M,5061116.0,309058,590
200500040889,5,7,12,1430,1,1,2,1.0,1.0,283.0,,M,0.0,0,140
201500018442,15,12,17,700,2,1,1,1.0,7.0,239.0,Bas Majouraou,M,4431755.0,-16369,330
200800056733,8,10,24,1530,1,1,1,1.0,5.0,58.0,,M,4796800.0,28900,720
200600060547,6,10,5,2135,3,1,1,1.0,6.0,1.0,R.N 7,,,,130
200500046309,5,7,29,2305,5,2,2,1.0,6.0,18.0,R TOURLAQUE R CAULAINCOU,,,,750
200500055912,5,9,13,1230,1,2,1,1.0,3.0,203.0,Rue du Dr LEBELD,M,4743200.0,75500,370
201200017577,12,5,29,1930,1,1,1,1.0,7.0,227.0,,M,0.0,0,370
201500035656,15,4,15,1305,1,1,1,1.0,6.0,214.0,ROCADE SUD EST (RD 162),M,4633066.0,0,860
201300047819,13,10,26,947,1,1,1,2.0,7.0,617.0,RN 104 INT / A5A PROVINC,,,,910
201400049535,14,10,19,600,5,1,1,1.0,7.0,426.0,AUTOROUTE A22,,,,590
201200009978,12,5,26,1445,1,2,1,1.0,6.0,377.0,Les christophes,M,0.0,0,280
201200001257,12,7,21,1700,1,1,2,1.0,3.0,199.0,,M,4861158.0,-371587,290
201400046634,14,7,3,1131,1,1,1,1.0,4.0,517.0,A104.EXT,,,,770
200500070755,5,11,10,1900,5,2,2,1.0,5.0,109.0,avenue de la maine,M,0.0,0,850
201100057879,11,6,24,840,1,2,2,1.0,6.0,101.0,"09, RUE DES PYRAMIDES",,,,750
200500011107,5,2,26,1100,5,1,1,1.0,6.0,98.0,,M,0.0,0,10
201100015922,11,5,30,1555,1,2,3,1.0,3.0,88.0,"0, SAINT-JEAN BAPTISTE (",,,,60
200600077745,6,12,11,1815,5,2,3,2.0,3.0,9.0,BD DES ITALIENS R TAITBO,,,,750
201200036587,12,11,7,755,1,2,3,1.0,6.0,275.0,"0, AVENUE JEAN JAURES",,,,690
200500000007,5,1,3,1530,1,1,1,1.0,3.0,130.0,,M,0.0,0,590
201600025507,16,2,28,625,5,2,1,1.0,6.0,44.0,62 RUE DU 3ÈME RAC,M,4681940.0,170714,360
200700067469,7,10,7,1745,1,2,4,1.0,4.0,113.0,PORTE D IVRY,,,,750
200700069216,7,11,6,1500,1,2,1,1.0,6.0,135.0,"40, PLAGE ( RUE DE LA )",,,,440
201300050066,13,12,18,2000,3,1,1,1.0,7.0,5.0,A52-Sens Pont de l'Etoil,,,,130
200600057106,6,9,15,835,1,2,1,1.0,3.0,48.0,"28, JEAN JAURES (AVENUE)",,,,920
200500048008,5,8,6,1530,1,1,1,2.0,6.0,222.0,,M,0.0,0,760
201200038119,12,1,20,1745,5,2,7,2.0,4.0,423.0,PLC PAUL CLAUDEL,,,,780
200700069284,7,11,19,815,1,2,1,2.0,2.0,184.0,RD 492 DU RP OCÉANIS AU,,,,440
200500051140,5,8,10,1505,1,2,1,1.0,3.0,555.0,BLAGNAC (ROUTE DE),,,,310
201100050844,11,5,30,2000,1,2,1,1.0,3.0,16.0,AV LEON BLUM,M,4879020.0,233684,940
201600000055,16,9,18,1645,1,1,1,2.0,7.0,43.0,,M,0.0,0,590
201200006367,12,9,21,1500,1,2,1,1.0,6.0,310.0,ALBERT 1ER (SQUARE),,,,30
201500001339,15,8,21,1415,1,2,2,1.0,3.0,449.0,D217,M,4911520.0,-60219,140
200600013690,6,3,18,1950,5,2,1,1.0,3.0,16.0,54 BD EMILE AUGIER,,,,750
200500014423,5,3,17,1530,1,2,1,1.0,3.0,55.0,HAIFA (AV D'),,,,130
201000056604,10,4,14,1900,1,1,1,1.0,3.0,76.0,A13,,,,920
201300053631,13,1,4,800,5,2,2,1.0,6.0,115.0,"33, RUE LINOIS",,,,750
200600037500,6,6,24,1515,1,1,1,1.0,2.0,81.0,A6,,,,690
201600006586,16,6,19,930,1,1,1,1.0,6.0,519.0,,M,0.0,0,670
201100041532,11,8,27,2115,5,2,3,1.0,3.0,450.0,PIERRE GUERIN (AVENUE),M,4871301.0,258305,770
201600024305,16,11,7,2130,5,2,2,1.0,3.0,281.0,AV DE LA MARNE/RUE BEARN,M,4483700.0,-62058,330
200700022573,7,4,8,2040,5,2,2,1.0,6.0,482.0,", SCHIRMECK (ROUTE DE)",,,,670
201600051331,16,4,26,1840,1,2,2,2.0,6.0,102.0,"24, RUE DE TURBIGO",M,4886440.0,235150,750
201400050021,14,10,7,705,3,1,1,8.0,6.0,318.0,ROCADE A 630,,,,330
200700046098,7,7,18,1750,1,2,6,1.0,2.0,116.0,PLACE DE LA PORTE DE SAI,,,,750
201600051443,16,1,4,2100,5,2,3,1.0,6.0,104.0,RUE DE RIVOLI,M,4885730.0,235235,750
201000008510,10,4,13,2200,1,1,1,1.0,5.0,197.0,PONT DE BELLECOMBE,M,0.0,0,740
201300033885,13,4,11,1515,1,2,2,1.0,6.0,266.0,ROUTE DE GENAS,,,,690
201000004357,10,4,29,945,1,1,1,1.0,1.0,344.0,,M,4483100.0,-4300,330
201100012546,11,3,19,1400,1,1,1,1.0,7.0,261.0,,M,4374848.0,358161,340
201400033000,14,2,8,144,5,2,1,1.0,1.0,136.0,TORREILLES (AV DU DOCTEU,M,4268759.0,287397,660
201000057111,10,2,26,2015,3,1,1,1.0,2.0,689.0,AUTOROUTE A6A,,,,910
200800018234,8,4,29,1715,1,1,1,3.0,1.0,346.0,,M,4789800.0,4700,720
201600023771,16,3,31,1500,1,2,1,1.0,3.0,63.0,"23, RUE PAUL VERLAINE",M,4485370.0,-57619,330
201100052078,11,5,17,1350,1,2,2,1.0,3.0,18.0,R DES CHATAIGNERS,M,4895640.0,225250,950
200700049567,7,8,16,843,1,2,1,2.0,3.0,9.0,"., DEGANNE (BD) DU 01 AU",,,,330
200600076530,6,12,20,1830,3,1,1,1.0,4.0,317.0,AUTOROUTE,,,,380
200600049388,6,8,28,1240,1,2,1,2.0,4.0,17.0,36 BD BESSIERES,,,,750
200800020373,8,4,10,1555,1,2,1,7.0,6.0,842.0,"sans, HUIT MAI (R DU)",,,,620
200500006643,5,1,29,2035,5,1,1,1.0,7.0,275.0,RN346,,,,690
201500024976,15,5,19,2250,5,2,1,1.0,6.0,238.0,"218, RUE DE NANTES",M,4809670.0,-168917,350
200700045785,7,7,8,2140,2,2,3,1.0,3.0,108.0,PLACE DE LA CONCORDE,,,,750
200600013449,6,3,7,1830,2,2,2,2.0,6.0,20.0,R DES AMANDIERS R DES PA,,,,750
201500037566,15,4,15,810,1,2,1,1.0,2.0,12.0,"16, ALPHONSE LE GALLO (Q",,,,920
201400027082,14,5,23,1140,1,2,1,1.0,7.0,183.0,"0, BLACHIER (RUE JEAN-PI",M,4540520.0,435946,420
200500022422,5,4,20,1745,1,1,1,1.0,3.0,53.0,AUTOROUTE A3,,,,930
201600000019,16,5,6,1915,1,1,1,1.0,5.0,592.0,,M,0.0,0,590
200700014249,7,3,10,1445,1,2,3,1.0,6.0,278.0,"12, VERCEL (ROGER)",,,,220
200600043048,6,7,25,915,1,1,9,1.0,3.0,152.0,"t ""La Gare de Peyrilhac""",M,0.0,0,870
200700046121,7,7,31,1700,1,2,7,1.0,2.0,116.0,AVENUE DE LA GRANDE ARME,,,,750
200800030912,8,6,18,900,1,1,1,1.0,2.0,196.0,,M,4895200.0,272400,770
201000000695,10,6,27,945,1,1,1,1.0,3.0,498.0,,M,0.0,0,20
201400005463,14,4,14,915,1,2,9,1.0,6.0,284.0,avenue coulon/ prat,M,4579891.0,324266,630
201500049639,15,5,8,1940,1,1,1,2.0,6.0,256.0,A42     0.560 A 4.020,,,,690
201600023307,16,12,29,1300,1,2,1,1.0,2.0,555.0,"999, BD DE L EMBOUCHURE",M,4361497.0,143298,310
201100032581,11,8,23,40,5,2,1,2.0,6.0,7.0,"133, Rue BRESSIGNY",M,4746542.0,-54556,490
200600039986,6,7,5,2350,5,2,1,1.0,6.0,13.0,L2705 BD MASSENA,,,,750
200600054182,6,9,28,1525,1,2,1,1.0,3.0,555.0,"137, RUE LOUIS PLANA",,,,310
200700011076,7,2,25,1645,1,2,1,2.0,2.0,71.0,VERTE (CITE),,,,940
201300022232,13,8,7,1110,1,2,1,2.0,4.0,7.0,"., JUIN (AVE DU MARECHAL",,,,300
200600063812,6,10,24,740,2,2,1,2.0,2.0,12.0,BPI ST MANDE DOREE,,,,750
200700071219,7,11,9,1900,5,2,1,1.0,6.0,28.0,FRANCE LIBRE(AVENUE DE L,,,,940
201100041585,11,6,2,1810,1,2,3,1.0,3.0,458.0,MONTROTTIN (CHEMIN DE),M,4819049.0,274752,770
200500059911,5,9,13,1615,1,2,3,1.0,3.0,20.0,R DULAURE BD MORTIER,,,,750
200500054554,5,9,17,200,5,2,1,1.0,6.0,335.0,avenue de Bordeaux,M,4484800.0,20000,240
200700055408,7,9,1,1015,1,2,2,1.0,6.0,415.0,"42, REVERSEAUX 2 A 46 ET",,,,170
200700024188,7,4,1,1700,1,2,1,1.0,6.0,75.0,"90, JEAN BLEUZEN (RUE)",,,,920
200800060165,8,10,3,1625,1,2,1,2.0,3.0,24.0,"12, GENERAL ROGUET (RUE",,,,920
201000036412,10,10,31,1515,1,2,1,1.0,7.0,463.0,"00, ALFRED KRIEGER (RUE)",,,,570
200900012927,9,7,31,1500,1,2,3,1.0,6.0,109.0,"19, RUE DE ROCHECHOUART",,,,750
200600044836,6,7,4,2030,1,2,1,2.0,4.0,42.0,CHAPSAL (R),,,,940
200700029422,7,5,24,1220,1,2,1,1.0,3.0,550.0,"26, GAULLE (BOULEVARD CH",,,,700
201000036536,10,7,27,1250,1,1,1,1.0,2.0,672.0,"0, SAINT-MICHEL (MONTEE",,,,570
201400029792,14,7,21,1405,1,2,1,1.0,7.0,121.0,"8, BERTHO (RUE  PAUL )",M,4775768.0,-336693,560
200600069642,6,11,10,1350,1,1,1,1.0,4.0,7.0,RD225  (route touristiqu,,,,840
201100048943,11,10,3,715,1,2,9,1.0,6.0,48.0,R DE ROSNY,,,,930
201500030683,15,1,25,1820,5,2,3,1.0,1.0,397.0,ANDRE COUDER (RUE),M,4842363.0,5543,610
200700079707,7,12,25,1623,1,2,5,1.0,3.0,32.0,PAUL VAILLANT COUTURIER,,,,930
201600001708,16,10,10,2035,5,1,2,1.0,3.0,344.0,DOMBES (AVENUE DE LA),M,4619072.0,519672,10
201500006553,15,3,30,1645,1,1,1,1.0,1.0,100.0,,M,4820276.0,419461,100
200900047984,9,10,26,1405,1,2,1,1.0,3.0,61.0,LUYE ( ROUTE DE LA ),,,,50
200700070005,7,11,2,755,1,2,1,1.0,6.0,482.0,FINKMATT (QUAI),,,,670
201100028760,11,7,21,1720,1,2,3,1.0,6.0,172.0,"sans, VIEILLE POSTE (RUE",M,4361409.0,390670,340
201600006397,16,11,7,730,1,2,1,1.0,6.0,465.0,,M,4825108.0,642197,880
201400036014,14,7,25,2330,5,1,1,1.0,3.0,551.0,LOGES (AVENUE DES),,,,780
200600005892,6,1,13,1430,1,1,1,1.0,2.0,66.0,,M,0.0,0,860
201500005223,15,1,22,1615,1,1,1,1.0,1.0,239.0,,M,0.0,0,740
201000061001,10,10,31,1420,1,2,1,1.0,6.0,106.0,"30, RUE DAUPHINE",,,,750
200700053299,7,9,28,2015,3,1,1,1.0,6.0,458.0,,M,4373400.0,-700,320
201500028607,15,8,13,1050,1,1,1,1.0,2.0,395.0,BROT (Rond-Point Marcel),,,,540
201100033530,11,2,27,2200,5,2,1,1.0,7.0,391.0,"7, VERDUN (RUE DE)",M,4923365.0,596411,540
201400039964,14,8,29,830,1,2,1,2.0,4.0,35.0,"25, Arriv?e ( rue de l'",,,,920
201600015197,16,7,23,1215,1,2,1,1.0,1.0,55.0,"19, AMARYLLIS (CHEMIN DE",M,4331693.0,543981,130
201600011545,16,11,27,1315,1,1,1,1.0,2.0,111.0,A10,M,0.0,0,910
200500019925,5,4,29,1705,1,2,1,1.0,3.0,108.0,SUIPPES (RTE DE),,,,510
201100038849,11,4,3,1846,1,2,1,1.0,7.0,267.0,"0, HOLTZHEIM (RUE DE)",,,,670
201400046995,14,2,19,2140,3,1,1,1.0,4.0,64.0,AUTOROUTE A86,M,4888390.0,246943,930
200600083704,6,12,11,1144,1,2,1,1.0,6.0,411.0,"2, LECLERC (DU MARECHAL)",,,,974
200800063609,8,11,30,630,3,1,1,2.0,2.0,580.0,,M,0.0,0,950
201100030587,11,11,10,750,2,1,1,2.0,1.0,279.0,LAUSSUZAN (CHEMIN DE) CD,,,,400
201300001174,13,8,13,1815,1,1,3,1.0,3.0,8.0,,M,0.0,0,560
201100020515,11,7,6,2023,2,2,1,1.0,3.0,55.0,"196, AVE DE TOULON",M,4328481.0,539495,130
201600008562,16,12,17,1400,1,2,9,1.0,6.0,92.0,avenue louis braille,M,0.0,0,840
200500052488,5,8,7,720,1,2,1,1.0,6.0,10.0,173 Q DE VALMY,,,,750
200700073653,7,11,25,900,1,1,1,5.0,3.0,198.0,,M,0.0,0,730
200600054625,6,9,20,1705,1,2,1,1.0,6.0,109.0,BOULEVARD MICHELET,,,,440
200800012418,8,3,12,825,1,2,1,1.0,2.0,238.0,"00, SCHUMAN (PONT ROBERT",,,,350
200500012824,5,3,7,1430,1,1,1,1.0,1.0,206.0,,M,4408000.0,171900,810
200700068342,7,11,24,1950,5,2,1,1.0,6.0,300.0,GENETTE   PLACE DE LA,,,,170
200700028922,7,5,4,1400,1,1,2,1.0,3.0,43.0,HAZEBROUCK (ROUTE),,,,590
201000048089,10,12,10,1630,1,2,1,1.0,6.0,12.0,"227, BD JEAN JAURES",,,,920
200900040417,9,9,5,1900,1,1,1,1.0,7.0,71.0,,M,4.0,0,730
200600083032,6,10,13,1605,1,1,1,1.0,3.0,213.0,ROUTE DEPARTEMENTALE 3,,,,972
201300024861,13,9,13,1630,1,2,3,1.0,3.0,172.0,"0, ASSAS (AVENUE D')",M,4361595.0,386281,340
201400000805,14,11,25,1415,1,2,1,8.0,6.0,260.0,route de la garderie,M,4923400.0,23300,270
201600035177,16,8,16,1610,1,2,6,1.0,3.0,69.0,PETIT (ROND POINT HENRI),M,4311333.0,612336,830
200800019055,8,4,14,855,1,2,1,1.0,2.0,55.0,"297, ROMAIN ROLLAND (BOU",,,,130
200500051650,5,8,20,1840,1,2,1,1.0,7.0,129.0,"94, LECLERC (RUE DU MARE",,,,500
201500015086,15,9,11,1230,1,2,2,1.0,3.0,55.0,"1, BREMOND (RUE)",M,4331988.0,540825,130
201500016340,15,8,17,530,3,1,1,1.0,6.0,281.0,,M,4717751.0,-78700,490
201200006812,12,6,16,515,2,2,1,1.0,6.0,128.0,10 rue des abeilles,M,4756629.0,723836,680
201100039796,11,12,23,815,1,2,3,1.0,3.0,199.0,"0, RUE CARNOT",,,,690
201400052021,14,6,25,40,5,2,1,1.0,7.0,111.0,"42, BD RICHARD LENOIR",,,,750
201100011260,11,10,7,515,3,1,1,1.0,7.0,240.0,,M,0.0,0,700
201300032812,13,6,29,21,5,2,1,1.0,3.0,136.0,"., TORREILLES (AV DU DOC",M,4268695.0,287436,660
201500016682,15,3,20,1815,1,1,2,2.0,3.0,28.0,,M,0.0,0,370
200800061309,8,10,20,1620,1,1,1,1.0,6.0,29.0,A43   0.550 A 3.353,,,,690
201200008169,12,11,8,1930,3,1,1,1.0,1.0,31.0,,M,0.0,0,60
200700084450,7,12,25,2230,5,2,1,1.0,1.0,123.0,Face à la villa créole -,A,0.0,0,971
201300026525,13,4,24,1915,1,2,3,1.0,6.0,194.0,"1, CHATEAU (PLACE DU)",,,,410
201000040989,10,11,18,1920,5,2,1,1.0,3.0,482.0,"SPV, 21 BLD VICTOIRE",,,,670
201600042270,16,1,10,1950,5,2,3,2.0,6.0,19.0,PLESSIS / BATTUES,M,4880090.0,254808,940
201300012402,13,1,31,1600,1,1,1,1.0,7.0,201.0,,M,4809857.0,-85072,530
201300042109,13,2,14,835,1,2,1,2.0,6.0,55.0,"38, EDOUARD VAILLANT DU",,,,930
200700049024,7,8,25,535,5,2,1,1.0,6.0,55.0,"66, VALBARELLE (BOULEVAR",,,,130
200700017504,7,3,1,1315,1,2,3,1.0,6.0,66.0,"103, WILSON (AVENUE DU P",,,,930
200500042510,5,7,12,1100,1,1,1,1.0,3.0,91.0,,M,4323800.0,619300,830
201600002792,16,8,3,1530,1,2,2,1.0,3.0,540.0,LE BOURG,M,4530610.0,87335,240
201100013596,11,10,16,1530,1,1,1,1.0,2.0,535.0,RD 14,M,4906510.0,197830,950
201400055761,14,10,16,2055,5,2,7,2.0,3.0,116.0,"1, PLACE DE L ALMA",,,,750
200900033972,9,4,8,1425,1,2,1,1.0,2.0,201.0,MAINVILLE(RUE DE),,,,910
200500025278,5,5,8,700,1,1,1,1.0,7.0,4.0,,M,0.0,0,470
200900011899,9,1,10,205,5,1,1,1.0,6.0,39.0,ROCADE A 630,,,,330
201200047558,12,2,23,2340,5,2,3,8.0,7.0,78.0,ROUX / LAMARTINE,M,4871650.0,244822,940
200900036181,9,5,1,1450,1,2,1,1.0,2.0,69.0,"x, Place Cï¿½sar Ossola",,,,60
200600012176,6,3,4,15,5,2,2,2.0,3.0,63.0,RUE DU CHATEAU D'EAU,,,,330
201100027646,11,6,17,720,1,2,1,1.0,3.0,63.0,"89, BD ALFRED DANEY",,,,330
200500067610,5,10,3,1955,5,2,1,1.0,1.0,181.0,"182, DURAND GEORGES (AV)",,,,720
200900023264,9,4,13,1725,1,1,1,1.0,6.0,167.0,AUTOROUTE A 31,M,4.0,0,540
201200013767,12,9,22,1450,1,2,1,1.0,6.0,145.0,", AYROLLE (BOULEVARD DE",,,,120
200700072107,7,11,8,1245,1,2,1,2.0,6.0,107.0,"65, RUE DU BAC",,,,750
200700059036,7,9,8,2125,5,2,2,1.0,3.0,388.0,"00, RUE VILLON",,,,690
201500051595,15,3,22,50,5,2,1,1.0,6.0,108.0,"59, RUE PIERRE CHARRON",,,,750
201100052226,11,9,28,1230,1,1,1,1.0,6.0,127.0,RN 14,,,,950
200700054548,7,9,10,545,3,1,1,1.0,6.0,223.0,,M,4657400.0,-111400,850
200800002389,8,1,26,1355,1,2,1,1.0,2.0,194.0,"SANS, PONT DE LOIRE",,,,580
201600049515,16,10,21,1640,1,2,1,1.0,6.0,387.0,"4, CLAUDE BERNARD",,,,690
201400017458,14,3,9,1015,1,2,3,1.0,3.0,141.0,RUE ANDRE BREMU,M,4713027.0,221103,180
200900042788,9,9,6,1215,1,1,9,1.0,7.0,276.0,,M,4.0,0,370
201000055370,10,11,8,1645,1,1,1,2.0,4.0,73.0,A86,,,,940
201400011113,14,5,22,1500,1,2,1,2.0,3.0,88.0,"0, MOULIN (PL. JEAN)",,,,60
201200010964,12,1,1,735,1,2,1,1.0,6.0,104.0,KENNEDY (AVENUE PRESIDEN,,,,60
201200001275,12,7,23,830,1,1,1,1.0,1.0,184.0,,M,4864553.0,-395632,290
201300001895,13,2,14,1630,1,1,1,6.0,1.0,194.0,,M,4743502.0,-29524,490
201100022916,11,10,6,1525,1,2,1,1.0,2.0,28.0,"34, GRASSET   AVENUE EDM",,,,170
201300039897,13,6,2,1030,1,2,1,1.0,1.0,50.0,"10, HAUTES PATURES RUE D",,,,920
201000052685,10,3,15,2045,5,2,1,1.0,6.0,22.0,"30, PASTEUR (R)",M,4876600.0,241857,940
201600028848,16,7,6,220,5,2,1,1.0,7.0,395.0,LIAISON A 330 / RD 2Bis,,,,540
200600073549,6,12,21,1830,3,2,1,1.0,6.0,140.0,15 rue de la Gare,M,4812200.0,-72100,530
201400000926,14,10,7,1230,1,1,1,2.0,1.0,139.0,,M,4798939.0,-171906,350
200500009122,5,2,23,1200,1,2,3,4.0,6.0,20.0,BD DAVOUT R CH ET ROBERT,,,,750
201100058997,11,3,3,930,1,2,2,1.0,3.0,108.0,", BOULEVARD DE COURCELLE",,,,750
201000016573,10,4,25,755,1,2,2,1.0,5.0,88.0,"0, ROASSAL (R. CLEMENT)",,,,60
200900032331,9,11,16,1440,1,2,2,1.0,3.0,105.0,RUE DU SOMMERARD,,,,750
201500053179,15,7,11,1530,1,2,1,1.0,2.0,113.0,QUAI PANHARD ET LEVASSOR,,,,750
200800009047,8,2,11,1100,1,2,1,1.0,3.0,113.0,"146, LAFAYETTE (BD)",,,,630
201100034408,11,6,24,1450,1,2,3,1.0,3.0,260.0,"., MONSABERT(BOULEVARD D",M,4766664.0,-277726,560
200900074350,9,12,1,2200,5,1,3,1.0,6.0,2.0,BONHOMME (CITE),,,,973
201600022663,16,7,5,1330,1,1,1,1.0,1.0,280.0,,M,4581000.0,507500,690
201000004023,10,8,2,2045,1,2,6,1.0,3.0,222.0,R-P MAGASIN M BRICOLAGE,M,0.0,0,850
201000031992,10,11,4,1253,1,2,1,1.0,6.0,261.0,WATT (AVENUE JAMES),M,4736470.0,68032,370
201100046383,11,8,10,900,1,2,1,1.0,3.0,40.0,AV VICTOR CRESSON,,,,920
201400049170,14,5,12,1849,1,2,1,1.0,6.0,33.0,"sans, SEBASTIANI  - AVEN",M,0.0,0,202
200500007227,5,2,18,1200,1,2,1,1.0,7.0,55.0,", PRADO (AVENUE)",,,,130
201200033955,12,4,3,2115,5,1,1,8.0,3.0,113.0,BLERIOT (AVENUE LOUIS),,,,630
200700070435,7,11,29,1050,1,2,1,1.0,6.0,158.0,VERDUN (AVENUE DE),,,,780
200800007704,8,2,7,2000,5,2,1,1.0,2.0,55.0,"150, PONT DE VIVAUX (BOU",,,,130
201000032095,10,1,15,615,5,2,1,2.0,3.0,185.0,"00, PONT DE LA PORTE DE",M,4519330.0,571971,380
200800072510,8,12,22,745,2,2,3,1.0,3.0,123.0,TOULON (ANCIEN CHEMIN DE,,,,830
201000044598,10,4,20,1350,1,2,3,1.0,3.0,21.0,"00, VOGEL (PLACE)",,,,800
201400037423,14,9,27,1855,1,2,2,1.0,6.0,41.0,"10, HOTEL DE VILLE (RUE",M,4659835.0,35210,860
201200048316,12,10,25,815,1,2,1,1.0,2.0,280.0,BD MARCEL DASSAUT,M,4903780.0,246630,950
201500051727,15,7,20,1100,1,2,7,1.0,3.0,108.0,PLACE DE LA CONCORDE,,,,750
201600033067,16,6,23,1740,1,2,2,1.0,3.0,256.0,CONDORCET,,,,690
200900027825,9,8,22,2000,1,1,1,1.0,6.0,589.0,RUE DU BRAY,M,4.0,0,270
200900007892,9,4,11,1751,1,2,1,1.0,7.0,44.0,30 CHEMIN RURAL MOUSSEAU,M,4.0,0,360
200600083826,6,11,14,2130,5,2,1,1.0,6.0,209.0,"130, ROCADE (RUE DE LA)",,,,972
201300038919,13,8,24,235,5,2,1,1.0,6.0,32.0,"9, LAURENT REMI (RUE)",,,,920
201200028682,12,1,3,1915,5,2,9,3.0,3.0,55.0,"23, MORANDAIS ( AVENUE G",,,,440
201500040215,15,6,22,930,1,2,2,1.0,3.0,14.0,DUNAND (ALLEE),,,,930
200500016470,5,3,11,1300,1,2,3,1.0,3.0,15.0,AV PTE DE LA PLAINE PL I,,,,750
201500038631,15,10,9,1015,1,2,2,1.0,6.0,48.0,"., TERRE NEUVE (RUE)",,,,920
200700036234,7,6,19,1645,1,2,2,1.0,6.0,512.0,METZ (BOULEVARD DE),,,,590
201100025636,11,4,1,1835,1,2,1,1.0,6.0,151.0,COURBET (RUE GUSTAVE),M,4858799.0,-381921,290
201300029948,13,6,13,1430,1,2,3,1.0,6.0,540.0,HUGO VICTOR,,,,590
201000029022,10,4,17,1415,1,2,4,1.0,6.0,63.0,CRS DE L'YSER,,,,330
200700075831,7,12,5,1630,1,2,1,1.0,3.0,299.0,,M,4328600.0,328400,340
200500064060,5,10,9,1215,1,1,1,1.0,1.0,68.0,,M,4328700.0,649500,830
200700048202,7,8,1,1545,1,1,1,1.0,1.0,5.0,,M,0.0,0,770
200700048971,7,8,21,1623,1,2,1,1.0,3.0,55.0,MENDES FRANCE (AVENUE),,,,130
201200044905,12,12,17,1850,3,1,1,1.0,2.0,46.0,EST ALLEE DE L',,,,930
201600043701,16,6,20,2245,5,2,3,2.0,3.0,78.0,"26, ANATOLE FRANCE (AV)",,,,940