Num_Acc,an,mois,jour,hrmn,lum,agg,int,atm,col,com,adr,gps,lat,long,dep
201100057776,11,11,16,1100,1,1,1,1.0,3.0,215.0,A7-Sens Marseille vers L,,,,130
201000042189,10,5,20,820,1,2,2,1.0,3.0,181.0,CARNOT (BD),,,,720
201300001853,13,4,21,730,2,1,1,1.0,7.0,183.0,La Salle,M,0.0,0,440
200900071240,9,10,30,1810,5,2,4,1.0,3.0,366.0,LOUIS PASTEUR (BOULEVARD,M,4.0,0,140
200900031013,9,8,24,1615,1,1,1,1.0,4.0,571.0,,M,4.0,0,710
200600067497,6,11,26,1750,3,1,1,1.0,6.0,95.0,RD 42,,,,480
200600074942,6,12,17,1845,3,1,1,9.0,6.0,493.0,,M,0.0,0,510
201300005747,13,7,23,1915,1,2,1,1.0,2.0,32.0,"face au 40, rue Wilson",M,0.0,0,570
201600034219,16,12,13,830,1,2,6,2.0,6.0,288.0,"2, GAILLARDON  (RUE DE)",M,4853970.0,266482,770
200600063476,6,10,13,1000,1,2,5,1.0,3.0,10.0,PL FRANZ LISZT R LA FAYE,,,,750
201200058158,12,7,8,2100,3,2,4,1.0,3.0,117.0,"89, AVENUE NIEL",,,,750
201000035602,10,8,14,1210,1,2,1,1.0,6.0,184.0,"109, SOIXANTE NEUVIEME R",,,,540
201400057705,14,2,2,700,5,2,1,1.0,6.0,113.0,PORTE D IVRY,,,,750
201400052448,14,5,28,1640,1,2,2,2.0,6.0,106.0,"121, BOULEVARD RASPAIL",,,,750
201300042891,13,5,14,1755,1,2,1,1.0,7.0,71.0,"00, PARIS (R DE)",,,,940
200900024159,9,5,5,918,1,2,1,1.0,2.0,300.0,"5, CHAMP DE MARS   AVENU",,,,170
201300043921,13,12,30,105,5,2,2,8.0,3.0,65.0,"., TROIS MARCHES (Av des",,,,940
200900069444,9,11,30,1415,1,2,1,1.0,6.0,77.0,06 RTE DE NOISY,M,4.0,0,930
200500046813,5,7,25,1555,1,2,1,1.0,3.0,85.0,"2, CHURCHILL WINSTON (PL",,,,870
201200045595,12,9,6,1535,1,2,8,1.0,6.0,66.0,CASANOVA DANIELLE NR 2 A,,,,930
200700050424,7,8,24,30,3,1,1,1.0,6.0,164.0,Malintrat ( route de ),,,,630
201100011074,11,3,28,800,1,2,1,1.0,6.0,70.0,"1, GUTTEMBERG (R.)",,,,40
200500053649,5,8,3,815,1,1,1,1.0,3.0,121.0,A104,,,,770
200900029633,9,9,27,30,3,1,1,1.0,6.0,273.0,,M,0.0,0,810
201000022391,10,10,27,1930,5,2,1,1.0,6.0,55.0,"00, BD DU CAPITAINE GEZE",,,,130
200800007383,8,2,27,1450,1,1,1,1.0,7.0,69.0,"x, PASTEUR (BOULEVARD)",,,,60
201600014371,16,3,27,1910,5,2,1,8.0,1.0,55.0,"45, AVIATEUR LE BRIX (RU",M,4325992.0,540272,130
200600050548,6,8,26,2335,5,2,2,1.0,1.0,386.0,GARIBALDI,,,,690
200600076181,6,12,11,1905,5,2,6,1.0,2.0,13.0,"15, HUIT MAI",,,,320
200600070203,6,11,9,1800,2,2,1,1.0,3.0,63.0,"36, BARBUSSE HENRI BOULE",,,,930
201000005508,10,7,24,30,3,1,1,1.0,1.0,154.0,,M,4580200.0,-77300,170
200500076538,5,11,25,1940,5,2,1,4.0,3.0,10.0,"135, GALLIENI (AV.) DE 1",,,,930
200800033487,8,6,23,1815,1,2,4,1.0,3.0,224.0,"48, HIRSINGUE (RUE DE)",,,,680
200500049638,5,8,4,900,1,1,1,1.0,7.0,22.0,,M,0.0,0,340
201100051996,11,11,19,1215,1,2,1,1.0,6.0,81.0,"2, BLANCHE FESTEAU (R)",,,,940
201400059664,14,4,5,1950,5,2,1,1.0,7.0,16.0,RN2/PDT F.MITTERAND,R,0.0,0,974
200500017450,5,3,22,1200,1,2,1,2.0,6.0,40.0,"5, GENERAL LECLERC (DU)",,,,920
201500034313,15,4,21,1735,1,2,1,1.0,6.0,335.0,"12, RUE DES HAUTS CELEST",M,4900438.0,173678,780
200500041276,5,7,21,1000,1,1,1,1.0,6.0,231.0,,M,4320200.0,-91400,640
201500006051,15,9,6,530,2,1,1,1.0,6.0,530.0,,M,4804177.0,641286,880
200500046189,5,7,20,1000,1,2,2,1.0,3.0,13.0,BD V AURIOL QU GARE,,,,750
200800018707,8,4,1,850,1,2,1,1.0,2.0,4.0,"1140, GRASSE RTE DE",,,,60
200900050393,9,7,14,2000,1,1,1,7.0,1.0,431.0,,M,4.0,-,140
200900053214,9,7,31,2015,1,1,1,1.0,6.0,253.0,,M,4.0,0,340
201200060392,12,11,30,1020,1,2,4,1.0,3.0,120.0,ECHANGEUR BAGNOLET,,,,750
201000035674,10,10,1,1740,1,2,1,1.0,6.0,304.0,"6, MOSELLE (RUE DE LA)",,,,540
201500005673,15,12,3,1325,1,2,1,1.0,1.0,190.0,"41, REGEMORTES (RUE)",,,,30
201000058347,10,12,13,1425,1,2,3,1.0,6.0,383.0,"0, RUE BONNEFOI",,,,690
201000000134,10,9,10,1330,1,1,8,1.0,6.0,255.0,,M,0.0,0,590
200600072647,6,11,23,1420,1,2,1,1.0,6.0,137.0,avenue de france,M,0.0,0,660
201300051691,13,12,29,2010,5,2,1,1.0,7.0,108.0,"48, RUE DE LONDRES",,,,750
200800038772,8,7,11,1100,1,1,3,1.0,5.0,300.0,33 PK RN11 ROCADE NANTES,,,,170
200700030120,7,5,30,1520,1,2,1,1.0,2.0,17.0,BPE CHAMPERRET TERNES,,,,750
200900064739,9,12,1,1045,1,2,1,1.0,6.0,630.0,SARRE,,,,570
200500013459,5,3,27,1615,1,2,7,1.0,6.0,79.0,PLACE DU MARCHE,M,4363100.0,343400,340
200800062409,8,11,21,1630,2,1,2,2.0,3.0,131.0,,M,0.0,0,30
200900056853,9,8,9,1650,1,1,2,1.0,2.0,296.0,PAUL DELOUVRIER(AVENUE),,,,770
200500027715,5,5,10,2230,5,2,3,1.0,3.0,55.0,"78, BARASSE (BD DE LA)",,,,130
200900009378,9,6,27,110,5,2,2,1.0,6.0,108.0,RUE DE MIROMESNIL,,,,750
201200011326,12,4,25,730,1,2,2,1.0,3.0,88.0,"0, JOFFRE (R. MARECHAL)",,,,60
201200057163,12,5,31,2320,5,2,4,1.0,7.0,115.0,"26, AVENUE DE LA PORTE D",,,,750
201300001264,13,7,29,2300,3,1,1,1.0,6.0,47.0,,M,0.0,0,560
200800005059,8,1,16,1902,5,2,1,1.0,6.0,68.0,PONT DE CRETEIL (R DU),,,,940
200600075949,6,12,19,1040,1,2,9,1.0,3.0,562.0,ROUEN (ROUTE DE ),,,,270
200600027274,6,5,20,830,1,2,3,3.0,6.0,163.0,ZOLA (BOULEVARD EMILE),,,,590
201600036176,16,10,19,2049,5,1,3,1.0,1.0,85.0,"06, BELLAC (RUE DE)",M,4584500.0,124562,870
201400013223,14,4,5,1020,1,2,1,1.0,6.0,262.0,ELYSIQUES (VOIES DES),M,4318538.0,297935,110
201100049652,11,12,2,655,5,2,2,2.0,6.0,66.0,CASANOVA DANIELLE NR 2 A,,,,930
201600055777,16,2,27,1800,2,2,1,1.0,6.0,118.0,"5, RUE LOUIS PASTEUR VAL",M,4890040.0,233400,750
201500046516,15,7,5,411,5,1,1,1.0,6.0,50.0,A86,,,,920
201100012750,11,11,7,1430,1,1,1,1.0,3.0,155.0,,M,4383909.0,449446,300
201500044373,15,9,17,745,1,2,2,2.0,3.0,60.0,AV DE LA REPUBLIQUE,M,4904240.0,220740,950
200500057560,5,9,23,2050,3,2,1,1.0,3.0,55.0,SAINTE MARGUERITE (BD DE,,,,130
201000019622,10,3,5,825,1,2,1,1.0,6.0,89.0,"75, CAYRADE",M,4455869.0,345699,120
200800000133,8,1,22,730,3,1,1,8.0,5.0,38.0,,M,4523900.0,172500,190
201000001938,10,9,16,1645,1,2,1,1.0,1.0,70.0,Rue Rustang,M,4856400.0,-315100,220
201400015131,14,7,27,1750,1,2,2,1.0,3.0,55.0,"81, ALL LATERALE I. CRS",M,4328996.0,537258,130
201100023290,11,1,13,1800,3,1,1,8.0,6.0,33.0,VENTS (ROUTE DES QUATRE),M,4711740.0,244186,180
200500024556,5,4,15,1845,1,1,1,1.0,6.0,411.0,,M,0.0,0,670
201300047139,13,9,16,733,1,1,1,1.0,6.0,133.0,A13,,,,780
200500021297,5,4,28,1645,1,2,1,2.0,6.0,322.0,"1, PROVINCES. AVENUE DES",,,,760
201600003001,16,10,21,300,5,1,6,5.0,7.0,157.0,GIRATOIRE DE LANARAT,M,4449280.0,15034,470
200500080639,5,12,27,1225,1,1,3,1.0,2.0,134.0,RN 12 (DESCENTE ET PONT,,,,280
201600040641,16,11,13,1756,5,2,1,8.0,6.0,6.0,"41, GAL LECLERC AV. DU",,,,930
201400040042,14,9,10,135,5,2,2,1.0,3.0,36.0,"0, BONGARDE (RUE DE LA)",,,,920
200500016333,5,3,3,735,2,2,1,2.0,6.0,8.0,14 R ROYALE,,,,750
200500003647,5,1,24,1424,1,2,3,1.0,3.0,1.0,JAURES (AV. JEAN),,,,470
200900015567,9,5,12,1255,1,2,1,1.0,3.0,176.0,Rue Jean Moulin - RD979,M,4.0,0,710
201500046723,15,10,22,847,1,1,9,2.0,7.0,640.0,N118,,,,780
200900052132,9,12,19,30,3,1,1,4.0,6.0,58.0,,M,0.0,0,260
201600017980,16,6,19,130,4,1,1,1.0,6.0,46.0,,M,0.0,0,840
200700032081,7,6,17,1730,1,1,1,2.0,1.0,152.0,,M,0.0,0,600
201100064708,11,7,7,1630,1,2,1,1.0,4.0,120.0,PORTE DE BAGNOLET,,,,750
201100048236,11,4,19,700,1,2,1,1.0,2.0,27.0,"6BIS, AV PAUL VAILLANT C",,,,930
201600045335,16,1,24,1230,1,1,1,1.0,1.0,27.0,AUTOROUTE A86,M,4892786.0,240958,930
200900052670,9,12,28,1810,5,2,1,1.0,3.0,448.0,12 AV. J-PIERRE TIMBAUD,M,4.0,0,520
201600027627,16,7,5,1301,1,2,6,1.0,3.0,7.0,ARAGON AVENUE,M,4747175.0,-56690,490
200600000336,6,1,4,1445,1,2,1,1.0,1.0,55.0,SAINT ANTOINE (CHEMIN DE,,,,130
201100035653,11,10,14,1740,1,2,2,1.0,6.0,350.0,"IGNORE, LIBERTE BOULEVAR",,,,590
200700013917,7,3,14,1200,1,2,1,1.0,2.0,55.0,"467, PRADO (AVENUE)",,,,130
200500074933,5,11,15,745,1,2,1,1.0,6.0,17.0,AV PAUL ADAM,,,,750
201100023859,11,5,4,1545,1,2,1,1.0,6.0,300.0,GRAND RUE,M,4778917.0,737014,680
201400047188,14,5,10,1530,1,1,1,2.0,6.0,27.0,AUTOROUTE A86,M,4892190.0,237785,930
201400037060,14,10,30,1515,1,2,6,1.0,3.0,7.0,C.De GAULLE (Rocade),,,,840
201100027523,11,5,9,1645,1,2,1,1.0,6.0,63.0,"93, RUE STEHELIN CAUD",,,,330
201500049446,15,1,30,1825,5,2,1,1.0,3.0,388.0,"128, AVENUE PAUL SANTY",M,4572860.0,486769,690
201000028047,10,3,14,155,5,2,3,1.0,3.0,555.0,"71, RUE DU FAUBOURG BONN",,,,310
200800029482,8,6,20,1830,1,1,1,1.0,1.0,315.0,,M,4972700.0,225200,800
201100004734,11,3,28,100,3,1,1,2.0,1.0,127.0,,M,4436320.0,45331,470
201100020502,11,7,30,2305,5,2,1,1.0,3.0,55.0,"146, RUE DE ROME",M,4328853.0,538231,130
200700008962,7,2,27,1700,1,2,3,2.0,3.0,99.0,SOIXANTE DIX SEPTEME R.I,,,,490
201600028480,16,11,16,1800,5,2,1,1.0,4.0,454.0,AVENUE DECHAMPAGNE,M,4922205.0,402301,510
200800054791,8,9,11,1930,1,2,1,3.0,3.0,51.0,"99, CHARLES DE GAULLE (A",,,,920
201300024278,13,12,1,1700,1,2,1,1.0,3.0,318.0,AVE JEAN JAURES,,,,330
201500015554,15,11,23,545,5,2,3,1.0,3.0,55.0,"270, SAINT LOUP (BOULEV",M,4328566.0,544203,130
200600041493,6,7,27,1400,1,2,3,1.0,3.0,71.0,GABRIEL PERI (RUE),,,,930
200700032491,7,6,8,1900,1,2,1,1.0,3.0,201.0,CD.10,M,0.0,0,400
200900050606,9,10,30,1815,3,1,1,1.0,6.0,149.0,,M,4.0,0,260
201000020039,10,3,8,1340,1,2,1,1.0,6.0,5.0,RN 8,,,,130
201000037974,10,6,30,1130,1,2,1,1.0,6.0,599.0,"92, PHALEMPINS (RUE DES)",,,,590
201100062839,11,2,12,2020,5,2,1,1.0,6.0,118.0,"54, RUE DE LA CHAPELLE",,,,750
200500037978,5,6,23,1715,1,1,1,1.0,5.0,616.0,,M,4867300.0,-136400,500
200600051463,6,9,8,2030,3,1,1,1.0,1.0,300.0,Rulhe,M,0.0,0,120
200700047565,7,8,5,815,1,1,1,1.0,6.0,60.0,,M,0.0,0,570
200900008474,9,3,19,1550,1,2,1,1.0,6.0,454.0,39 rue DUMONT D'URVILLE,,,,510
200800074996,8,3,10,2140,3,1,1,1.0,6.0,209.0,"0, RD 41",,,,972
200600081289,6,4,27,2110,4,1,1,1.0,6.0,209.0,"1, CONDORCET (AVENUE)",,,,972
200900006721,9,2,5,1950,5,2,1,1.0,3.0,545.0,RD810,M,4.0,-,640
201400021592,14,1,10,925,1,2,1,1.0,6.0,229.0,"0, MOULIN (RUE JEAN)",M,4901000.0,109100,270
200500016835,5,3,14,1500,1,2,1,1.0,1.0,157.0,"1, CHENE A LEU. RUE DU",,,,760
200600038079,6,7,4,1410,1,2,3,1.0,3.0,55.0,FLAMMARION (BOULEVARD),,,,130
200500032718,5,6,21,1750,1,2,1,1.0,3.0,55.0,"66, LOUIS ASTRUC (RUE)",,,,130
200900057100,9,8,17,2245,5,2,2,1.0,3.0,205.0,MADON (RUE),,,,130
200700048095,7,8,5,1230,1,2,1,1.0,3.0,329.0,D 907,M,4407500.0,394500,300
201300043404,13,6,16,430,2,1,6,1.0,3.0,28.0,CHOISY/FOCH,M,4877400.0,243915,940
200600043406,6,7,20,1400,1,2,1,1.0,6.0,106.0,Lieu dit le bourg,M,0.0,0,420
200600008665,6,2,9,1605,1,2,1,1.0,3.0,129.0,NAPOLEON (PLACE),,,,500
201200001767,12,9,25,1400,1,2,1,1.0,3.0,53.0,"69, LYON (AVENUE DE - N?",,,,10
200900044275,9,12,12,1018,1,2,6,1.0,3.0,4.0,NATIONALE 193,M,0.0,0,201
200500013819,5,3,24,600,3,1,1,1.0,6.0,478.0,,M,0.0,0,770
200700043352,7,7,9,1255,1,1,2,1.0,2.0,526.0,"1, RD 2 BIS",,,,540
200500052526,5,8,9,1530,1,2,1,1.0,6.0,16.0,28 R BOIS LE VENT,,,,750
200700070032,7,11,17,2215,5,2,2,1.0,3.0,482.0,"00, PREMIERE ARMEE (RUE",,,,670
200500040725,5,7,6,1600,1,1,1,1.0,5.0,696.0,,M,4894300.0,146800,270
201500008854,15,10,24,1345,1,2,1,1.0,3.0,148.0,600 RN 193,M,0.0,0,202
200800017264,8,4,7,745,1,1,1,7.0,2.0,163.0,,M,0.0,0,340
200500020257,5,4,27,1907,1,2,1,1.0,1.0,599.0,"67, ORIONS (RUE DES)",,,,590
201600035193,16,11,9,1700,2,2,1,1.0,2.0,69.0,"27, RENAUDEL (AVENUE PIE",M,4310677.0,612765,830
200500071406,5,11,17,1800,5,1,1,8.0,3.0,367.0,,M,4832800.0,663200,880
200800065750,8,11,7,2055,5,2,3,1.0,3.0,4.0,BAS ( RUE DES ),,,,920
201200046847,12,11,2,1930,5,2,1,2.0,6.0,76.0,"9, REPUBLIQUE (AV DE LA)",,,,940
201400051997,14,4,8,1730,1,2,1,1.0,6.0,103.0,"51, BOULEVARD BEAUMARCHA",,,,750
201100048752,11,6,23,845,1,1,1,1.0,2.0,74.0,AV DE L'EUROPE,,,,930
200800000206,8,1,19,2330,3,1,1,8.0,6.0,337.0,,M,0.0,0,460
201600039356,16,11,12,1800,5,2,1,1.0,2.0,72.0,"., SAINT CLOUD (RUE DE)",,,,920
200900041469,9,4,21,1345,1,2,1,1.0,3.0,209.0,"83, COLGATE (TRAVERSE)",,,,130
200800051331,8,9,18,635,2,2,3,1.0,3.0,29.0,"61, ROUTE DE GENAS",,,,690
201000042769,10,11,26,850,1,2,1,1.0,6.0,351.0,"52, FOCH (AVENUE)",,,,760
201200045794,12,9,10,2105,3,2,1,1.0,3.0,59.0,"171, JEAN MERMOZ (BOULEV",,,,930
200900027271,9,10,21,950,1,2,1,2.0,2.0,107.0,PONT DE LA CONCORDE,,,,750
200700072252,7,11,26,1845,5,2,1,1.0,7.0,110.0,"148, RUE DU FAUBOURG SAI",,,,750
201200013264,12,9,24,1340,1,2,1,1.0,6.0,387.0,CARNOT (RUE),M,4829619.0,406686,100
200900050177,9,11,26,1841,5,2,7,1.0,2.0,231.0,"8, THEATRE (DU) (PLACE)",,,,210
200500082580,5,12,14,1610,1,2,2,1.0,3.0,11.0,R SAINT MAUR AV DE LA RE,,,,750
201300043208,13,11,2,925,1,2,3,2.0,3.0,79.0,GENERAL DE GAULLE (R DU),,,,940
200700037647,7,6,28,1640,1,2,1,1.0,6.0,53.0,"70, SAINT DENIS (RUE)",,,,930
201500037618,15,7,2,1700,1,2,1,1.0,6.0,12.0,"62, PIERRE GRENIER (AVEN",,,,920
200900014154,9,1,15,1004,1,2,1,1.0,2.0,69.0,"35, SAINTE MARGUERITE (C",,,,60
200900063640,9,9,2,845,1,2,1,1.0,2.0,51.0,"71, CHARLES DE GAULLE (A",,,,920
201600026195,16,9,11,1054,1,2,1,1.0,6.0,185.0,"21, bd Marechal LYAUTEY",M,4518557.0,573087,380
201000018683,10,4,24,2130,5,2,1,1.0,3.0,588.0,AVENUE DE FRANCAZAL CD15,M,0.0,0,310
201400038544,14,2,19,1800,1,2,2,1.0,3.0,434.0,HENRI BARBUSSE (AVENUE),,,,910
201000032891,10,3,7,1947,5,2,1,4.0,2.0,218.0,VIVALDI ANTONIO (BOULEVA,M,4547369.0,439868,420
200900042527,9,5,6,805,1,2,1,1.0,6.0,42.0,"26, PARIS (R DE)",M,4.0,0,940
201500016242,15,12,5,1150,1,1,1,2.0,7.0,71.0,"1, ROUTE NATIONALE 113 -",,,,130
201100005741,11,2,16,1000,1,1,1,2.0,3.0,229.0,,M,0.0,0,230
201100058009,11,4,14,1250,1,2,5,1.0,6.0,102.0,"27, RUE DE TURBIGO",,,,750
201200034579,12,1,7,1610,1,2,1,1.0,6.0,335.0,32 AV ROGER CADET,,,,640
201200002240,12,12,29,1440,1,1,1,1.0,6.0,14.0,DORTAN (ROUTE DE),,,,10
201600048836,16,4,27,2057,1,1,1,1.0,7.0,852.0,AUTOROUTE A16,M,0.0,0,620
201300003169,13,10,9,800,3,1,1,1.0,6.0,267.0,,M,4622637.0,-90685,170
200900070562,9,11,18,731,1,1,1,1.0,2.0,689.0,AUTOROUTE A6B,,,,910
201600021450,16,9,2,1030,1,1,1,1.0,6.0,91.0,,M,4761747.0,127327,410
201200017188,12,12,15,1730,3,1,2,1.0,3.0,19.0,D 543,M,4344210.0,536136,130
200500001472,5,1,23,1745,3,1,1,2.0,1.0,78.0,,M,4425900.0,468200,840
201600022603,16,4,28,2100,2,1,3,1.0,6.0,85.0,,M,4840046.0,-175287,350
200700076729,7,12,1,1815,5,2,1,1.0,3.0,54.0,HUIT MAI 1945  AVE DU,,,,130
200600071360,6,11,6,1855,5,2,1,1.0,6.0,86.0,16 rue de la Messayais,M,0.0,0,350
200700069792,7,11,20,1720,5,2,1,3.0,3.0,112.0,JAURES (RUE JEAN),,,,590
200600027494,6,5,25,1315,1,2,3,1.0,3.0,260.0,CD358,,,,640
200900044094,9,7,2,2210,5,2,1,1.0,6.0,386.0,"13, RUE DUQUESNE",,,,690
200500077877,5,12,20,845,1,1,1,5.0,1.0,210.0,,M,0.0,0,270
201500013836,15,1,22,1845,5,2,3,1.0,6.0,55.0,"41, VOI LA CANEBIERE",M,4329638.0,537765,130
201500036307,15,1,20,1713,2,2,1,1.0,6.0,10.0,JAURES (AVENUE JEAN) A 1,,,,900
200700038913,7,6,21,250,5,2,1,2.0,7.0,115.0,"107, RUE DE JAVEL",,,,750
200800075348,8,4,29,1100,1,2,1,1.0,6.0,411.0,RAMBAUD (LEOPOLD),,,,974
201100018876,11,4,7,1340,1,1,1,1.0,2.0,47.0,MARTIGUES ROUTE DE,,,,130
201400054180,14,7,1,645,1,2,3,1.0,3.0,112.0,"126, QUAI DE BERCY",,,,750
200600018867,6,4,12,1530,1,1,1,1.0,1.0,660.0,,M,4945500.0,27200,760
200500055508,5,9,2,2115,3,1,9,1.0,5.0,166.0,,M,4468900.0,479400,260
201600000697,16,9,10,1300,1,1,1,1.0,1.0,20.0,,M,4898797.0,105816,270
201200022430,12,5,24,1825,1,2,3,1.0,6.0,281.0,"Neant, DAUMIER ( Rue hon",,,,260
201300038699,13,2,14,730,2,2,1,2.0,2.0,12.0,"33, EDOUARD VAILLANT (AV",,,,920
200900021326,9,5,5,820,1,1,1,3.0,3.0,299.0,VERDUN (PLACE DE),,,,590
200600015369,6,3,18,20,5,1,1,1.0,4.0,55.0,Sens Marseille vers Auba,,,,130
201100024008,11,10,21,1825,1,2,6,1.0,3.0,50.0,Rue Xè D'ARTILLERIE/CASS,M,4845433.0,-206232,220
200500033760,5,6,26,25,3,2,1,1.0,2.0,544.0,CD 41,,,,380
201400003683,14,7,19,815,1,1,1,1.0,6.0,331.0,lieudit rozen,M,4352385.0,168648,310
201400053877,14,11,3,2115,5,2,3,2.0,3.0,111.0,"74-76, BOULEVARD VOLTAIR",,,,750
200900012060,9,3,3,1920,5,2,2,1.0,3.0,63.0,CRS DU MARECHAL GALLIENI,,,,330
200700001556,7,1,11,800,2,1,1,1.0,6.0,660.0,,M,4949600.0,28000,760
201100034056,11,11,30,1440,1,1,3,8.0,3.0,575.0,"1, HUSSIGNY (ROUTE D')",,,,540
200900062825,9,9,25,1440,1,2,1,1.0,3.0,646.0,7 R DES CHANTIERS,M,4.0,0,780
201500014960,15,8,16,740,1,2,1,1.0,7.0,55.0,"00, CROIX ROUGE (AVENUE)",M,4333508.0,544535,130
201500002623,15,5,13,1745,1,1,1,1.0,6.0,550.0,LA RIVIÈRE,M,4512010.0,109538,240
201200047277,12,3,5,835,1,2,5,1.0,6.0,58.0,FONTENAY/ALSACE LORRAINE,M,4884930.0,249597,940
201500027883,15,6,2,1615,1,2,1,1.0,7.0,129.0,RUE DE L'ABBAYE,M,4964510.0,-163655,500
200500069873,5,10,29,2015,3,1,1,1.0,2.0,78.0,AUTOROUTE A104,,,,930
201600057382,16,9,24,1820,1,2,1,1.0,3.0,116.0,PORTE DE SAINT CLOUD,M,4883490.0,226247,750
201100002282,11,8,4,1330,1,1,1,1.0,1.0,200.0,,M,0.0,0,560
200500024439,5,4,21,1700,1,2,1,1.0,1.0,163.0,CD 111,M,0.0,0,340
201000013878,10,7,19,1530,1,1,1,1.0,1.0,166.0,,M,0.0,0,202
201200025557,12,10,31,1700,1,2,2,1.0,3.0,63.0,CRS BALGUERIE STUTTENBER,,,,330
201000031446,10,11,19,1004,1,2,1,2.0,7.0,44.0,12 RUE BOURDALOUE,M,4680770.0,169079,360
201400037298,14,3,22,1115,1,1,1,1.0,6.0,157.0,RN 147,,,,860
201400052423,14,3,28,1040,1,2,2,1.0,6.0,106.0,"22, BOULEVARD SAINT MICH",,,,750
200900069268,9,9,7,1745,1,2,3,1.0,3.0,51.0,LAFARGUE / ARTISANS,M,4.0,0,930
200900025073,9,3,10,1417,1,2,1,1.0,3.0,172.0,"34, ASSAS (AVENUE D')",M,4.0,0,340
201500056322,15,6,22,1000,1,2,1,1.0,3.0,116.0,PORTE D AUTEUIL,,,,750
200600013557,6,3,14,2240,5,2,2,1.0,3.0,14.0,R D ALESIA R TOMBE ISSOI,,,,750
201200041513,12,2,14,1040,1,2,2,1.0,6.0,4.0,LORRAINE / ROCHEREAU,,,,920
200500061888,5,9,17,1700,1,2,5,1.0,3.0,382.0,GAILLETON,,,,690
201100030938,11,7,17,140,5,2,1,1.0,1.0,184.0,"1208, FOCH MARECHAL (RUE",M,4603966.0,403714,420
201300000860,13,7,6,1200,1,2,2,1.0,6.0,236.0,rue des douves,M,4765079.0,-208602,350
201000025214,10,2,4,2130,3,1,2,1.0,5.0,315.0,,M,4788817.0,725519,680
201300050698,13,10,13,915,1,2,2,1.0,2.0,104.0,"7, BOULEVARD DE SEBASTOP",,,,750
200600049357,6,8,26,515,5,2,1,1.0,7.0,4.0,VERD PO MARIE PO SULLY,,,,750
201400015845,14,11,12,610,5,2,1,2.0,7.0,55.0,"29, BD SCHLOESING",M,4327459.0,539996,130
201100052581,11,4,15,900,1,2,1,1.0,6.0,680.0,AV DES ENTREPRENEURS,M,4899980.0,239010,950
200500053478,5,8,28,1745,1,2,1,1.0,6.0,72.0,STALINGRAD (AVENUE) DES,,,,930
201300017759,13,6,23,1730,1,2,2,1.0,3.0,184.0,,M,4615940.0,541709,10
201600008273,16,9,29,1145,1,2,1,1.0,6.0,79.0,1060allée marine royale,M,0.0,0,60
201200049171,12,2,13,430,4,1,1,5.0,3.0,78.0,AUTOROUTE A104,M,4895822.0,253255,930
200500069042,5,10,12,850,1,2,1,1.0,6.0,4.0,AULAGNIER ( QUAI ),,,,920
200500005804,5,1,22,2150,5,2,1,2.0,6.0,49.0,"85, BROSSOLETTE AVENUE P",,,,920
201000037487,10,11,9,1020,1,2,2,2.0,6.0,410.0,"00, ZOLA EMILE AVENUE",,,,590
200600030242,6,6,30,1915,1,1,1,7.0,1.0,300.0,la fontaine robert,M,0.0,0,220
200900059803,9,10,29,1655,1,2,3,1.0,3.0,131.0,"3, MARNE (BOULEVARD DE L",,,,770
200500033593,5,6,8,1100,1,2,1,1.0,6.0,172.0,"59, JANVIER (RUE GUILLAU",,,,340
201400039507,14,11,16,1430,1,2,1,2.0,7.0,23.0,"0, PETIT CLAMART (ROND P",,,,920
201400022630,14,3,3,1708,1,2,1,1.0,4.0,189.0,ALLENDE SALVADOR (RUE),,,,300
201400034575,14,1,17,920,1,2,1,1.0,6.0,10.0,2 AVENUE DE  BROGNY,,,,740
200700010749,7,2,2,1830,5,2,2,2.0,3.0,7.0,"39, PASTEUR (AVENUE LOUI",,,,920
200800008475,8,2,16,1915,5,2,1,1.0,6.0,423.0,"6, RUE CONRAD KILLIAN",,,,380
200900069177,9,8,22,1705,1,2,3,1.0,6.0,47.0,UTRILLO / CEZANNE,M,4.0,0,930
201000062441,10,7,7,1540,1,2,2,1.0,3.0,111.0,"40, BOULEVARD VOLTAIRE",,,,750
201100050138,11,6,11,2100,1,2,1,1.0,3.0,17.0,BD DE STALINGRAD,M,4881890.0,250320,940
201300058347,13,9,26,1759,2,1,1,1.0,3.0,16.0,"SANS, BOIS NOIRS (ALLEE",R,0.0,0,974
200600038518,6,7,2,1515,1,1,1,1.0,3.0,555.0,VA008432 LANGLADE A620 S,,,,310
200500009463,5,2,19,1718,1,2,1,1.0,1.0,35.0,"171, CLEMENCEAU (AVENUE",,,,840
200800043710,8,8,1,2120,3,1,3,2.0,3.0,137.0,Nationale 353,,,,670
200800022996,8,2,19,1100,1,2,1,1.0,6.0,51.0,"113, CHARLES DE GAULLE (",,,,920
201600043595,16,12,28,1030,1,2,1,1.0,3.0,68.0,"91, RABELAIS (BD)",,,,940
200600060251,6,10,21,1905,5,2,1,1.0,3.0,70.0,"44, CHAMPTERCIER (RTE DE",,,,40