Num_Acc,an,mois,jour,hrmn,lum,agg,int,atm,col,com,adr,gps,lat,long,dep
201000050042,10,6,24,1657,1,2,1,1.0,3.0,5.0,16 AV ANATOLE FRANCE,M,4893360.0,249360,930
201200009949,12,11,15,745,2,2,1,1.0,6.0,88.0,rue de varize,M,0.0,0,280
201600057089,16,2,6,230,5,2,1,1.0,6.0,118.0,PORTE DE CLIGNANCOURT,M,4890100.0,234209,750
201100056457,11,4,13,910,1,2,3,1.0,3.0,387.0,"0, RUE FELIX BRUN",,,,690
201300013608,13,8,19,1600,1,2,1,1.0,6.0,5.0,"140, GAUTHIERE (CHEMIN D",M,4332236.0,559397,130
201100017787,11,9,21,730,1,1,1,1.0,2.0,118.0,,M,0.0,0,130
200600072377,6,11,13,800,1,1,1,1.0,7.0,301.0,,M,4661500.0,381000,710
201600050556,16,3,12,1820,1,1,1,1.0,5.0,71.0,A51-Sens Aix en Provence,M,0.0,0,130
200800002457,8,1,12,1120,1,2,1,2.0,6.0,378.0,"1007, REPUBLIQUE AV DE L",,,,590
200600076337,6,12,15,1422,1,1,1,2.0,7.0,32.0,ROUTE DEPARTEMENTALE NR.,,,,340
200700023612,7,4,16,135,4,1,1,1.0,6.0,551.0,RD 308,,,,780
201500057901,15,2,10,1645,1,2,1,1.0,3.0,302.0,"35, ESTREES (AVENUE D')",G,0.0,0,973
201400002450,14,5,13,715,2,2,1,2.0,6.0,132.0,Route du lavoir,M,0.0,0,330
201200004590,12,9,7,1830,1,2,1,1.0,1.0,227.0,Rue du Petit Prince,M,0.0,0,690
200800004519,8,1,30,900,1,2,3,2.0,2.0,14.0,GENERAL LECLERC (AV.) (1,,,,920
200700050091,7,8,25,1720,1,2,2,1.0,3.0,395.0,"1, DE LATTRE DE TASSIGNY",,,,540
200800020522,8,4,12,840,1,2,1,1.0,6.0,267.0,"1, ALOUETTES (RUE DES)",,,,670
200900044172,9,9,12,1236,1,2,1,1.0,2.0,85.0,"33, COMTE (RUE AUGUSTE)",,,,870
200900018106,9,2,4,920,1,2,1,8.0,4.0,204.0,ALEX. FLEMING (BOULEVARD,,,,130
200800063461,8,11,21,900,1,1,1,3.0,2.0,9.0,,M,0.0,0,780
201300017336,13,4,14,2200,3,1,1,1.0,6.0,30.0,,M,0.0,0,180
201500020626,15,10,22,1506,1,2,9,1.0,3.0,56.0,"27, EDISON RUE THOMAS",M,4723229.0,597269,250
200700002453,7,1,5,1440,1,2,1,1.0,3.0,229.0,CONCHES (ROUTE DE),,,,270
201200020609,12,1,31,1700,1,2,1,1.0,3.0,300.0,"2, PRUNIER   QUAI LOUIS",,,,170
200700052661,7,9,14,1645,1,1,1,1.0,7.0,288.0,,M,5067800.0,226900,620
201100036332,11,1,19,1645,1,2,3,1.0,3.0,606.0,"0, HARPIGNIES (BOULEVARD",,,,590
200900048291,9,7,29,2200,5,2,1,2.0,1.0,216.0,AVENUE DE LA VENDEE,M,0.0,0,440
201600010689,16,5,12,335,5,1,1,1.0,6.0,69.0,"72, ZILLER (AVENUE PIERR",,,,60
201100022640,11,10,2,1145,1,2,2,1.0,3.0,299.0,AUNIS AVENUE D',,,,170
201300003631,13,7,5,1800,1,1,1,1.0,3.0,345.0,,M,0.0,0,310
200900037636,9,9,24,820,1,2,3,1.0,3.0,18.0,"189, JOFFRE (AVENUE DU M",M,4.0,0,950
200500008613,5,2,3,1625,1,2,1,1.0,6.0,282.0,"69, LOUIS SAULNIER",,,,690
200800033703,8,6,17,2020,1,2,1,1.0,6.0,217.0,"00, CHEMIN VERT",,,,780
200700018225,7,3,10,1540,1,1,1,1.0,2.0,34.0,RD383   0.000 A 1.165,,,,690
201500036317,15,4,30,1644,1,2,1,1.0,6.0,39.0,DE GAULLE (RUE DU GENERA,M,4763420.0,681744,900
201400038431,14,1,24,1350,1,1,1,1.0,5.0,223.0,RD 191,,,,910
200700074764,7,12,9,1945,3,1,1,6.0,3.0,184.0,,M,0.0,0,220
200700005965,7,1,16,1115,1,2,1,1.0,2.0,385.0,"0, QUAI ROMAIN ROLLAND",,,,690
200800012336,8,3,1,1957,3,1,1,1.0,7.0,32.0,ROUTE DE PEZENAS (RN.113,,,,340
201000039847,10,11,3,1620,1,2,1,1.0,2.0,445.0,30 RUE DE LIEGE,M,4329870.0,-37488,640
201000054810,10,9,30,1725,1,2,2,1.0,3.0,51.0,Avenue MORERE,M,4901680.0,218960,950
201200042852,12,1,23,930,1,2,1,8.0,3.0,50.0,ONZE NOVEMBRE RUE DU,,,,920
201100004246,11,2,15,1500,1,1,1,2.0,2.0,1.0,,M,0.0,0,330
201400049005,14,11,3,1420,1,1,1,1.0,6.0,495.0,A5A PROVINCE / RN 105,,,,770
201000060169,10,4,12,1715,1,2,1,1.0,6.0,101.0,SOUTERRAIN TRANSIT HALLE,,,,750
201600034419,16,11,2,1840,5,2,3,1.0,6.0,514.0,D105 X RUE DES MARTYRS,M,4893910.0,260770,770
200500008313,5,2,16,1210,1,2,1,1.0,6.0,350.0,"109, CENSE AUX BLES",,,,590
200900008910,9,6,8,1810,1,2,1,2.0,6.0,101.0,"211, RUE SAINT HONORE",,,,750
200700059900,7,7,17,945,1,2,2,1.0,3.0,68.0,VASSAL (R),,,,940
201300038743,13,5,10,1508,1,2,1,1.0,7.0,12.0,"21, ALPHONSE LE GALLO (Q",,,,920
200600034918,6,6,19,2050,1,2,2,1.0,3.0,181.0,ZOLA EMILE (BD) N° IMP 6,,,,720
201500045383,15,4,18,1545,1,1,1,1.0,6.0,563.0,AUTOROUTE A115,,,,950
201500006169,15,9,25,1700,1,1,1,1.0,1.0,411.0,,M,0.0,0,670
201500033551,15,11,25,755,1,2,2,2.0,2.0,351.0,"52, AV DU VAL AUX CORNEI",M,4950915.0,14536,760
200800058520,8,10,19,1725,1,1,4,1.0,3.0,121.0,RD 674,,,,520
200700045501,7,7,14,435,5,1,1,1.0,2.0,281.0,ROCADE A 630,,,,330
201400031470,14,10,13,705,5,2,1,2.0,3.0,57.0,"77, Jacques GODET",,,,600
200500009186,5,2,13,1340,1,2,1,2.0,6.0,391.0,"0, FORESTIER CHEMIN",,,,760
200700007672,7,2,21,1200,1,2,3,1.0,3.0,83.0,PIGAUTIER (CHEMIN DU),,,,60
200800074180,8,12,8,1740,3,1,1,1.0,4.0,606.0,AUTOROUTE A2,,,,590
201100047072,11,8,11,1945,1,2,2,1.0,3.0,63.0,POMPIDOU / CORNEILLE,,,,920
200500011517,5,2,19,2015,3,1,1,1.0,6.0,70.0,,M,4432600.0,580400,50
200900055915,9,7,31,845,1,2,1,1.0,3.0,29.0,"75, PICAUD (AVENUE DU DO",,,,60
200800033095,8,6,23,1345,1,2,1,1.0,4.0,378.0,REPUBLIQUE AV DE LA ( N°,,,,590
200600026964,6,5,26,1728,1,2,3,1.0,6.0,7.0,FLAUBERT,,,,490
200900020252,9,9,2,1010,1,2,1,1.0,3.0,108.0,"156, BOULEVARD HAUSSMANN",,,,750
200700030404,7,5,16,1410,1,2,3,1.0,3.0,21.0,"0, ALSACE LORRAINE (BOUL",,,,800
200700060722,7,10,22,2000,5,2,1,1.0,3.0,5.0,Rue de la Chaux,M,0.0,0,420
200500040653,5,7,18,1430,1,2,1,1.0,1.0,211.0,RUE CAMILLE PISSARO,M,4931800.0,177500,600
200800056935,8,10,13,1020,1,2,1,1.0,3.0,88.0,"0, COMBATTANTS D'AFN (RU",,,,60
200800034875,8,6,23,800,1,1,1,1.0,2.0,362.0,A13,,,,780
200600034936,6,6,16,1905,1,2,1,1.0,6.0,8.0,"103, MARLIOZ AVENUE DE",,,,730
201100050937,11,11,21,1610,1,2,7,1.0,6.0,76.0,PL PAUL ELUARD,,,,940
200700076345,7,10,30,715,3,1,1,3.0,6.0,321.0,RN12 INT,,,,780
200600000904,6,1,5,1445,1,2,9,1.0,6.0,555.0,"15, RUE DE METZ",,,,310
200600032262,6,6,30,915,1,1,1,1.0,7.0,311.0,,M,4914700.0,-53800,140
200700012728,7,3,9,1115,1,2,1,1.0,7.0,674.0,grand'rue,M,0.0,0,570
200600058912,6,10,29,2345,3,2,1,1.0,7.0,132.0,route de Caussade,M,0.0,0,820
200600049481,6,8,17,650,1,2,1,1.0,2.0,545.0,RD 154E,,,,760
201500047299,15,8,15,325,3,1,1,3.0,6.0,136.0,AUTOROUTE A126,,,,910
201000038947,10,4,21,1155,1,2,1,1.0,6.0,75.0,"41, GAMBETTA (BOULEVARD)",,,,630
201300031326,13,5,23,1150,1,2,1,1.0,6.0,427.0,ABBAYE (R DE L' ),,,,620
200600076341,6,12,22,1827,5,2,9,9.0,6.0,32.0,"1, DEVEZE (AV DE LA)",,,,340
201500024134,15,1,6,1448,1,2,2,3.0,2.0,63.0,RUE FRANCOIS DE SOURDIS,M,4483540.0,-58886,330
201100062466,11,3,20,2230,5,2,2,1.0,3.0,117.0,RUE JOUFFROY D ABBANS,,,,750
201200051898,12,10,29,755,1,1,1,1.0,3.0,550.0,ROCADE A 630,,,,330
200800069167,8,12,5,1430,1,2,1,8.0,3.0,547.0,AVENUE GAL DE MIRIBEL,M,4525100.0,589600,380
200600008520,6,2,10,820,1,1,1,1.0,6.0,89.0,SAUGUES (ROUTE DE),,,,430
200800066910,8,11,11,620,5,2,1,8.0,6.0,55.0,"174, PERIER (BOULEVARD)",,,,130
201200000418,12,2,26,415,3,1,1,1.0,6.0,162.0,,M,0.0,0,20
201400040376,14,6,26,1820,1,2,1,1.0,6.0,20.0,"72, BROSSOLETTE RUE PIER",,,,920
200600006525,6,2,11,1515,1,2,1,1.0,1.0,194.0,Rue de L'olivette,M,0.0,0,90
201400049345,14,4,10,1110,1,2,1,1.0,6.0,382.0,"26, BELLECOUR",,,,690
200500057508,5,9,26,1250,1,2,1,1.0,3.0,55.0,REPUBLIQUE (RUE DE LA),,,,130
200600055616,6,9,16,1940,2,2,1,1.0,6.0,181.0,PYRENEES (RUE DES),,,,720
200500018406,5,4,20,1715,1,2,1,1.0,3.0,185.0,"91, GUESDE ( AVENUE JULE",,,,30
200500012087,5,3,5,2300,3,1,1,9.0,6.0,54.0,,M,5077100.0,242900,590
201300050953,13,4,29,725,1,2,3,1.0,2.0,106.0,"23, QUAI DE CONTI",,,,750
201300057643,13,6,16,1135,1,1,1,1.0,7.0,9.0,PARADISIERS (AVENUE DES),A,0.0,0,972
201100048552,11,8,11,1730,1,2,3,1.0,5.0,32.0,COUTURIER / BORDEAUX,,,,930
200900008316,9,3,14,2315,3,1,1,1.0,6.0,369.0,,M,4.0,0,880
201600050216,16,3,29,1605,1,1,1,1.0,5.0,297.0,A7   15.770 A 20.110,,,,690
201500025371,15,4,3,2100,5,2,3,3.0,7.0,261.0,55 RUE  ENTRAIGUES,,,,370
201500002134,15,5,11,125,5,2,1,1.0,7.0,283.0,"06, SACCO VANZETTI",M,4625443.0,565791,10
200800035172,8,6,5,1525,1,2,2,1.0,3.0,102.0,"41, AVENUE DE L OPERA",,,,750
200700069250,7,11,15,1645,2,2,1,1.0,6.0,109.0,"83, ROUTE DE PARIS",,,,440
200600064876,6,10,22,1920,5,2,2,3.0,3.0,71.0,"00, WESTINGHOUSE (BOULEV",,,,930
201300000927,13,1,4,1200,1,1,1,1.0,1.0,220.0,,M,4801298.0,-143747,350
201100059640,11,3,22,2000,5,2,3,1.0,3.0,110.0,BOULEVARD DE BONNE NOUVE,,,,750
201300046197,13,6,22,1620,1,1,1,1.0,2.0,306.0,A15,,,,950
201100062821,11,1,23,1630,1,2,3,1.0,3.0,118.0,"18, RUE LEIBNIZ",,,,750
201500020013,15,5,22,900,1,2,3,1.0,3.0,279.0,VOLTAIRE ( RUE ),M,4722172.0,206774,180
200800049145,8,9,22,1745,1,2,1,1.0,1.0,160.0,ROUTE DU BAS CAMBO,M,4336100.0,-139300,640
200800043318,8,8,27,1900,1,2,3,1.0,3.0,8.0,LENINE (BOULEVARD),,,,930
201400040719,14,10,29,1855,5,2,1,1.0,6.0,51.0,"28, PARMENTIER (RUE)",,,,920
200500076316,5,11,8,2020,5,2,1,1.0,2.0,24.0,"25, ASNIERES (ROUTE D')",,,,920
200800053470,8,9,4,1335,1,1,1,1.0,3.0,74.0,RN406.W,,,,940
201100017409,11,7,27,930,1,1,1,3.0,6.0,85.0,,M,0.0,0,60
200700014845,7,3,15,755,1,2,3,1.0,3.0,44.0,"1, GARROS (ROLAND)",,,,360
200600075668,6,12,19,815,1,1,1,1.0,2.0,108.0,CD 35 ROUTE DE BOULBON,,,,130
200700001798,7,1,17,1545,1,2,2,1.0,3.0,88.0,"0, DIGUE DES FRANCAIS (T",,,,60
201600021210,16,3,8,845,1,1,1,6.0,3.0,91.0,,M,0.0,0,830
200500078304,5,12,25,200,3,1,1,5.0,6.0,448.0,,M,0.0,0,170
200600040112,6,7,8,1810,1,2,2,1.0,3.0,8.0,R FG SAINT HONORE BD HAU,,,,750
200600007716,6,2,7,1415,1,2,1,1.0,6.0,55.0,ANCIENS COMBATTANTS (ALL,,,,130
201500022369,15,9,14,1845,1,2,2,2.0,3.0,483.0,HUGO VICTOR (RUE),M,4310737.0,72379,310
201400038970,14,2,12,745,2,2,1,1.0,2.0,4.0,"NS, PONT DE CLICHY",,,,920
200900070214,9,11,4,750,1,2,1,1.0,6.0,49.0,"51, BROSSOLETTE AVENUE P",,,,920
200900034911,9,1,23,1832,2,2,1,1.0,3.0,510.0,"., COURTIN (R FRANCOIS)",,,,620
201200017591,12,5,27,1130,1,1,1,1.0,1.0,211.0,,M,4719400.0,71000,370
201400030872,14,11,25,440,5,2,2,9.0,2.0,350.0,"NC, MOSELLE BOULEVARD N?",,,,590
201300036684,13,11,20,1315,1,2,1,1.0,6.0,137.0,"204, NICE (ROUTE DE)",,,,830
200900070448,9,10,25,658,3,1,1,1.0,3.0,228.0,AUTOROUTE A6,,,,910
201100010889,11,4,9,2015,1,1,1,1.0,1.0,120.0,,M,0.0,0,890
200500028219,5,5,3,1850,1,2,1,1.0,6.0,555.0,"63, THIBAUD (BD DE) DU 4",,,,310
201400019757,14,6,30,1022,1,2,1,1.0,1.0,300.0,"12, LYAUTEY   BOULEVARD",M,4616154.0,-120389,170
200900036700,9,8,1,915,1,1,6,1.0,2.0,64.0,,M,0.0,0,830
200500058231,5,9,25,1730,1,2,2,1.0,1.0,63.0,RUE LEON PALLIERE,,,,330
201100044301,11,9,24,900,1,2,1,1.0,7.0,413.0,"12, Rue STANISLAS",M,4828717.0,694893,880
201400006259,14,1,10,1430,1,2,1,1.0,3.0,116.0,64 rue de la 3?DIA,M,4796021.0,683355,880
201300038542,13,6,4,1550,1,2,2,1.0,3.0,4.0,"104, ARGENTEUIL AV D'",,,,920
200500016933,5,3,8,1030,2,2,1,1.0,3.0,238.0,CD 14,,,,780
201300009847,13,4,3,1745,1,2,2,1.0,3.0,199.0,Route des lacs,M,0.0,0,330
201300039841,13,11,29,1955,5,2,1,1.0,3.0,20.0,"22, VERDUN AVENUE DE N?2",,,,920
201600015540,16,9,17,830,1,2,1,1.0,4.0,55.0,"67, CAILLOLS (AVENUE DES",M,4330390.0,542868,130
201200012943,12,12,29,1815,3,1,1,1.0,5.0,85.0,,M,0.0,0,60
201300045547,13,8,27,1215,1,1,1,2.0,7.0,42.0,A4,M,4882850.0,247644,940
201400052043,14,8,22,100,5,2,2,1.0,2.0,103.0,"88, BOULEVARD DE SEBASTO",,,,750
201500008229,15,7,12,1300,1,2,1,1.0,3.0,288.0,avenue de la mer,M,4372890.0,410716,340
201000050490,10,1,5,820,1,2,3,1.0,2.0,13.0,JEAN JAURES / ELISE DERO,,,,930
201600010796,16,11,23,1650,1,2,1,1.0,6.0,69.0,"x, LECLERC (BOULEVARD DU",M,4365062.0,692172,60
201600058886,16,11,28,50,5,2,2,1.0,3.0,302.0,EBOUE (ROCADE FELIX),,,,973
200900010763,9,3,6,700,5,1,1,1.0,6.0,650.0,CATTEAU (RUE PIERRE),,,,590
201200012854,12,3,26,1535,1,2,2,1.0,3.0,225.0,ROBERT SANNAC RUE,M,4310874.0,162071,90
200900001621,9,3,5,1250,1,2,1,1.0,6.0,119.0,"36, AVENUE DE FLANDRE",,,,750
200700041772,7,7,14,2330,5,2,3,1.0,3.0,83.0,GREVILLE (RUE HENRI),,,,60
200700075878,7,12,8,1615,1,1,1,1.0,1.0,61.0,,M,0.0,0,300
200800011448,8,3,4,715,1,2,2,1.0,6.0,88.0,"42, JAURES (BD JEAN)",,,,60
200900032618,9,11,24,1425,1,2,2,1.0,6.0,107.0,RUE PIERRE LEROUX,,,,750
201500019076,15,9,4,800,1,1,1,1.0,2.0,24.0,,M,4817465.0,-166511,350
201000015328,10,8,29,249,5,2,2,1.0,3.0,155.0,"59, LIBERTE AV.DE LA",,,,60
200500065227,5,10,19,125,5,2,1,2.0,7.0,55.0,", SAINT MENET (AV)",,,,130
200900032146,9,8,18,1430,1,1,1,1.0,7.0,142.0,,M,0.0,0,400
200900037650,9,10,6,725,2,2,2,1.0,5.0,18.0,Boulevard LENINE,M,4.0,0,950
201500005334,15,8,13,2115,2,1,1,1.0,6.0,345.0,,M,0.0,0,630
200600051374,6,9,6,1830,1,1,1,7.0,2.0,257.0,,M,4597800.0,-22500,170
201300012310,13,7,8,1200,1,2,1,7.0,1.0,81.0,990 avenue de Colomby,M,0.0,0,740
201400049048,14,11,19,1705,3,1,1,2.0,2.0,34.0,AUTOROUTE A6A,M,4875070.0,232908,940
201000024193,10,7,21,1809,1,2,1,1.0,2.0,300.0,NORMANDIN   RUE EMILE,,,,170
201600007355,16,9,1,845,1,2,1,7.0,6.0,73.0,rue leon saccard,M,4690435.0,475486,710
200500060399,5,9,26,1710,1,2,1,1.0,6.0,429.0,"1, REPUBLIQUE. RUE DE LA",,,,760
201200037591,12,11,3,1200,1,2,3,1.0,3.0,575.0,"65, R DE PARIS",M,4939409.0,110325,760
200600014738,6,3,3,2145,5,2,1,8.0,2.0,66.0,"60, ""STALINGRAND (AV), N",,,,930
201100018570,11,8,25,815,1,1,1,3.0,6.0,36.0,,M,0.0,0,450
201300037965,13,10,16,2305,3,2,1,2.0,6.0,657.0,LONGUERAIE (RUE DE LA ),,,,910
201500018980,15,1,18,1715,1,1,1,1.0,6.0,101.0,,M,0.0,0,560
200500022747,5,4,9,1700,1,1,1,1.0,1.0,415.0,,M,0.0,0,590
201500022731,15,7,20,2050,1,2,1,1.0,3.0,555.0,"999, AV PIERRE G LATECOE",,,,310
200700049647,7,8,27,2105,2,2,3,1.0,3.0,69.0,RTE DU MEDOC,,,,330
200900043241,9,7,2,650,1,2,7,1.0,3.0,78.0,"., PIERRE SEMARD (PL)",M,4.0,0,940
201000060987,10,10,5,2353,5,2,2,2.0,6.0,106.0,RUE DE VAUGIRARD,,,,750
201600042430,16,11,9,1220,1,2,4,2.0,3.0,54.0,BAS MARIN (R DU),,,,940
200900022525,9,5,22,1820,1,2,1,1.0,3.0,1.0,RUE HENRI BECQUEREL,,,,610
201100021357,11,12,15,1500,1,2,2,1.0,3.0,55.0,"297, AVE DES CAILLOLS",M,4330328.0,544976,130
200600060549,6,10,6,2235,5,2,1,1.0,6.0,1.0,"10, JUVENAL MAX (AV)",,,,130
201300029509,13,9,25,1856,2,1,1,1.0,2.0,631.0,IPPLING (RUE),,,,570
200700071372,7,11,15,1316,1,2,1,1.0,6.0,81.0,"123, JULES GUESDE (QU)",,,,940
201600038469,16,5,7,2130,2,2,1,1.0,3.0,44.0,"34, LOUIS ROUQUIER (RUE)",,,,920
200700055310,7,9,18,1350,1,2,1,1.0,6.0,71.0,"128, ROUTE NATIONALE 113",,,,130
200800054203,8,9,30,920,1,2,1,2.0,6.0,66.0,"""LANDY RD 20, NR IMPAIRS",,,,930
201600012837,16,8,15,1715,1,1,1,1.0,1.0,535.0,,,,,140
200700050743,7,8,23,1600,1,2,1,1.0,6.0,126.0,"18, JONCHERE (AVENUE DE",,,,780
200700053976,7,9,22,1200,1,1,1,1.0,6.0,147.0,,M,4380100.0,725700,60
201400000110,14,2,18,1845,5,2,1,3.0,6.0,249.0,Rue cousin CORBIER,M,0.0,0,590
201100025406,11,2,4,1845,5,2,3,1.0,1.0,19.0,"., CUIRASSE BRETAGNE",M,4840680.0,-449547,290
201600056433,16,2,8,1105,1,2,1,1.0,6.0,112.0,ROUTE DE LA PYRAMIDE,M,4883730.0,244054,750
200700040941,7,7,21,1115,1,1,1,1.0,1.0,115.0,,M,0.0,0,830
200800021917,8,4,13,2250,5,2,1,3.0,6.0,111.0,"149, BOULEVARD DE CHARON",,,,750
201200001655,12,4,4,1830,1,1,1,1.0,6.0,266.0,,M,4894290.0,-138660,500
200500036407,5,6,12,2200,4,2,3,1.0,3.0,2.0,"., JEAN MOULIN (RUE)",,,,920
200800018897,8,4,18,720,1,2,2,1.0,6.0,88.0,GROSSO (A PARTIR DU N° 6,,,,60
200700078874,7,12,24,1845,5,2,3,1.0,3.0,119.0,GARE (AVENUE DE LA),,,,740
200800008566,8,2,13,1930,5,2,6,1.0,7.0,109.0,"., BOULEVARD GUY MOLLET",,,,440
200700016897,7,3,24,15,5,2,1,1.0,7.0,65.0,"1, ALQUIER BOUFFARD (RUE",,,,810
200900038372,9,3,7,1040,1,2,3,1.0,3.0,187.0,"45, PARIS (AVENUE DE)",,,,420
201300044739,13,6,6,2100,1,2,2,1.0,4.0,18.0,AV GABRIEL PERI,M,4894550.0,224960,950
200900016135,9,8,18,2335,5,2,2,1.0,6.0,112.0,"122, AVENUE DAUMESNIL",,,,750
201000048161,10,1,16,50,5,2,1,1.0,6.0,23.0,VICTOR HUGO (AVENUE),,,,920
200900055707,9,7,14,510,3,2,1,1.0,7.0,88.0,"171, OBSERVATOIRE (R. PR",,,,60
201600000328,16,4,12,1630,1,1,1,1.0,1.0,618.0,RD 940,M,5017968.0,158727,800
200800065696,8,11,25,720,1,2,1,1.0,6.0,4.0,"NR, PONT D'ASNIERES",,,,920
201300025034,13,4,23,703,1,2,2,1.0,3.0,301.0,"0, REGY PHILLIPE (QUAI)",M,4340690.0,369671,340
200700075836,7,12,31,1815,3,1,1,2.0,1.0,313.0,,M,4358400.0,348700,340
201600003622,16,2,13,200,3,1,1,2.0,6.0,584.0,,M,0.0,0,310
201400021786,14,3,11,1508,1,2,1,1.0,3.0,220.0,"1, MARCEAU (RUE)",M,4842677.0,147265,280
200500037549,5,6,12,226,3,1,1,1.0,4.0,55.0,A50-Sens Marseille vers,,,,130
201500058307,15,3,3,830,1,2,1,1.0,7.0,416.0,"SANS, LIGNE PARADIS(ROUT",R,0.0,0,974
200900053114,9,10,4,2000,3,1,1,1.0,6.0,48.0,,M,4.0,0,110
201400012384,14,6,1,1845,1,1,1,8.0,2.0,29.0,,M,0.0,0,60
201500029667,15,8,2,1920,1,2,6,1.0,6.0,178.0,"02, PASTEUR (BOULEVARD)",M,5036316.0,307805,590
201200054580,12,1,21,110,5,2,1,1.0,3.0,108.0,"70, AVENUE DES CHAMPS EL",,,,750
201300002299,13,10,27,1645,1,1,1,1.0,7.0,223.0,LE MOULIN DE LA LOURIE,M,0.0,0,850
201300037819,13,10,1,1650,1,2,1,1.0,5.0,114.0,RN 6,,,,910
200700012170,7,3,11,1700,1,1,1,1.0,2.0,125.0,,M,4721000.0,-29000,490
200900017723,9,6,18,14,5,2,6,1.0,1.0,7.0,"0, LEROY PLACE",,,,490
201100039634,11,5,8,1700,1,2,1,1.0,3.0,256.0,"1, REPUBLIQUE (DE LA)",,,,690
200700024486,7,4,1,1425,1,2,1,1.0,3.0,55.0,"41, PROVINS (RTE DE)",,,,940
200800038538,8,7,11,2230,5,2,1,1.0,6.0,55.0,"28, LA PUGETTE (BOULEVAR",,,,130
201200041987,12,4,18,1255,1,2,3,1.0,3.0,23.0,"., PORTE DE TRIVAUX (RUE",,,,920
201000035784,10,12,23,1930,5,2,1,2.0,6.0,395.0,"143, HAUSSONVILLE (BD D'",,,,540
200600025985,6,5,15,1220,1,1,1,1.0,7.0,300.0,112 PK RN137 ROCHEFORT J,,,,170
200700073146,7,11,11,1900,4,2,1,1.0,6.0,185.0,RUE Jean Jaurès,M,0.0,0,560
200500061881,5,9,2,140,5,2,2,1.0,3.0,382.0,DOCTEUR GAILLETON (DU),,,,690
201000023040,10,6,16,1920,1,2,3,8.0,6.0,108.0,JEAN MOULIN (RUE),M,4380450.0,466396,130
200900070901,9,12,23,2200,5,2,2,1.0,3.0,48.0,REPUBLIQUE / ZOLA,M,4.0,0,930
201200019510,12,8,15,1845,1,1,1,1.0,7.0,365.0,La Trotiniere,M,4713786.0,-30610,490
200800044629,8,8,2,115,5,1,6,2.0,6.0,378.0,"00, CLEMENCEAU BLVD (N°1",,,,590
200900036292,9,6,22,1000,1,2,1,1.0,2.0,29.0,JUIN (AVENUE MARECHAL),,,,60
200600023271,6,4,12,1900,2,2,3,1.0,3.0,12.0,RESISTANCE (RUE DE LA),,,,740
201600038725,16,10,13,2115,2,2,3,1.0,6.0,49.0,"57, GINOUX AV. HENRI N°1",,,,920
201400006739,14,1,8,2100,3,1,9,2.0,6.0,219.0,,M,4957880.0,429878,80
201500054494,15,4,2,115,5,2,7,1.0,6.0,117.0,"2, PLACE DE LA REPUBLIQU",,,,750
200900004180,9,2,11,1515,1,2,1,1.0,2.0,10.0,BESANCON (FAUBOURG DE),,,,900
201000063665,10,10,12,1310,1,2,5,1.0,6.0,114.0,"12, PLACE DENFERT ROCHER",,,,750
201400055930,14,2,20,1505,1,2,5,3.0,6.0,117.0,"209, BOULEVARD PEREIRE",,,,750
201000051456,10,8,29,1945,1,2,1,1.0,3.0,55.0,"20, EDOUARD VAILLANT DU",,,,930
200700021182,7,4,5,1715,1,2,1,1.0,2.0,56.0,"58 ter, RIVOTTE  FAUBOUR",,,,250
200900038644,9,9,23,1845,1,1,1,1.0,1.0,12.0,,M,4.0,0,300
200500055404,5,9,20,1100,1,2,1,1.0,6.0,584.0,,M,,,210
200700063933,7,10,20,1039,1,2,2,1.0,3.0,121.0,"0, CARNOT (RUE  LAZARE )",,,,560
201400002355,14,5,7,2015,2,2,1,1.0,3.0,226.0,AVENUE DE L'ILE DE RIEZ,M,4672059.0,-194882,850
200600010273,6,2,6,1330,1,2,2,1.0,6.0,49.0,"63, BROSSOLETTE AVENUE P",,,,920
200900030033,9,10,2,1850,1,2,2,1.0,3.0,181.0,PASTEUR (RUE),,,,720
201100057584,11,9,7,1330,1,1,1,1.0,7.0,215.0,A7-Sens Marseille vers L,,,,130
200800040573,8,7,25,1110,1,2,3,1.0,7.0,350.0,"0, ANGELARDS (CHEMIN DES",,,,780
201100061876,11,2,10,1610,1,2,1,1.0,6.0,116.0,AVENUE HENRI MARTIN,,,,750
200500057549,5,9,26,1405,1,2,1,1.0,1.0,55.0,"86, PALAMA (CHEMIN DE)",,,,130
200800024559,8,5,8,1617,1,2,1,2.0,7.0,7.0,"0, MEIGNANNE",,,,490
201500011028,15,9,4,1610,1,2,1,1.0,2.0,88.0,ANGLAIS (DU N° 265 AU N°,M,4341180.0,714276,60
201500008519,15,6,16,1330,1,2,1,2.0,6.0,132.0,18 rue marcel feydedie,M,4422041.0,401790,300
200600048759,6,8,18,1530,1,2,1,1.0,7.0,113.0,"41, JOUHAUX (BD LEON)",,,,630
200700004352,7,1,21,2120,5,2,1,1.0,6.0,13.0,7 BD VINCENT AURIOL,,,,750
201600033713,16,8,19,1500,1,2,2,2.0,3.0,351.0,R GUSTAVE LENNIER,M,4948920.0,10815,760
200700075896,7,12,15,700,3,1,1,1.0,1.0,8.0,,M,0.0,0,660