Num_Acc,an,mois,jour,hrmn,lum,agg,int,atm,col,com,adr,gps,lat,long,dep
200700023837,7,4,2,2110,5,2,3,1.0,6.0,85.0,"222, DUTREIX (RUE ARMAND",,,,870
201100058143,11,5,16,1230,1,2,3,1.0,6.0,103.0,"69, RUE DU VERTBOIS",,,,750
201500018113,15,5,26,1430,1,2,1,1.0,3.0,249.0,rue du champ de foire,M,4745900.0,218200,410
201600032235,16,11,8,1827,5,2,3,1.0,6.0,180.0,"34, BISCHWILLER (ROUTE D",,,,670
200500004467,5,1,6,1050,1,2,1,1.0,6.0,266.0,RUE P VERLAINE,,,,690
201400050932,14,11,27,720,1,1,1,2.0,2.0,249.0,A42   6.290 A 8.310,,,,10
201600043432,16,10,10,800,1,2,1,1.0,3.0,42.0,"25, GENERAL GALLIENI (AV",,,,940
200600003527,6,1,2,1425,1,2,1,1.0,6.0,1.0,"21, MOTTE (RUE DE LA)",,,,930
201300027641,13,1,21,629,5,2,1,2.0,3.0,7.0,"04, TRAQUETTE",M,4748101.0,-56726,490
200800013326,8,3,10,1620,1,2,2,6.0,6.0,290.0,BOULEVARD DES ROSES,,,,690
200800051731,8,9,8,1815,1,2,2,1.0,3.0,121.0,"0, BAYLE (RUE)",,,,820
201600033245,16,2,24,810,1,2,3,5.0,1.0,285.0,5ø D.B. (RUE DE LA),M,4757331.0,675515,700
200500060269,5,9,10,1350,1,2,1,3.0,4.0,13.0,BPI GARE IVRY,,,,750
200600061834,6,10,23,1230,1,2,2,1.0,3.0,226.0,"., VIGNES (CHEMIN DES)",,,,410
201100049117,11,11,1,1630,1,2,1,2.0,3.0,33.0,"102, 102, PROM ANDRE BAL",,,,930
201200056835,12,5,6,1730,1,2,3,1.0,7.0,114.0,"33, AVENUE DU GENERAL LE",,,,750
201300018103,13,7,10,1530,1,1,1,8.0,1.0,286.0,,M,0.0,0,390
201200024370,12,9,13,1905,1,2,1,1.0,3.0,555.0,"999, RUE DES ANGES",,,,310
200700062894,7,10,15,1225,1,2,1,1.0,6.0,681.0,ROUEN (AVENUE DE),,,,270
200700030728,7,5,22,2040,5,2,1,1.0,3.0,9.0,"135, BOURGUIGNONS ( RUE",,,,920
201200030818,12,10,1,805,1,2,3,1.0,6.0,395.0,"0, POINCARE (RUE RAYMOND",M,4869062.0,617362,540
200700046642,7,8,16,1445,1,2,1,1.0,3.0,95.0,Rue du Docteur Gringoire,M,4855400.0,-174900,350
201000061181,10,9,3,1710,1,2,3,1.0,3.0,107.0,QUAI ANATOLE FRANCE,,,,750
201200015040,12,12,19,1900,5,2,1,1.0,3.0,55.0,"30, RUE VERDILLON",,,,130
200600057114,6,9,15,1605,1,2,4,2.0,3.0,20.0,"31 BIS, VANVES BOULEVARD",,,,920
200700051717,7,8,2,220,5,1,1,1.0,1.0,637.0,AUTOROUTE A1,,,,620
201500033515,15,10,17,2010,5,2,1,2.0,2.0,351.0,BD DE LENINGRAD,M,4950042.0,17823,760
201600017259,16,10,21,1500,1,1,1,1.0,3.0,127.0,,M,4847663.0,-43840,530
201100037054,11,5,12,920,1,1,1,1.0,2.0,224.0,RD 943,,,,620
201500010980,15,8,10,40,5,2,1,1.0,1.0,88.0,"0, GAMBETTA (JUSQU'AU N°",,,,60
200800001894,8,1,7,1405,1,2,1,1.0,6.0,31.0,"77, RIBOT (AVENUE)",M,4516454.0,451255,190
201100008237,11,4,22,1130,1,1,3,1.0,3.0,109.0,RD 1508 / bretelle A 40,M,0.0,0,740
200800014786,8,3,22,150,3,1,1,2.0,5.0,71.0,A7-Sens Lyon vers Marsei,,,,130
200900016348,9,5,5,1830,1,2,6,1.0,2.0,33.0,BENAC (Gaston),,,,820
200600016337,6,3,23,855,1,2,1,1.0,1.0,90.0,19 rue des écoles,M,0.0,0,80
200500067788,5,10,27,850,1,2,1,1.0,3.0,6.0,4 R DU FOUR,,,,750
201100001505,11,7,7,815,1,1,2,1.0,3.0,193.0,,M,0.0,0,350
201100061696,11,9,19,2040,5,2,3,1.0,3.0,115.0,"68, RUE DE LA CROIX NIVE",,,,750
200900006193,9,2,5,2019,5,2,1,1.0,3.0,555.0,"201, RTE DE LAUNAGUET",,,,310
200800021725,8,4,4,935,1,2,2,1.0,3.0,102.0,"29, BOULEVARD DES ITALIE",,,,750
201000023475,10,1,5,1710,1,2,1,8.0,2.0,366.0,"60, PAUL CORNU ( RD48 RU",M,4916180.0,22005,140
201200060205,12,9,10,740,1,2,1,2.0,2.0,116.0,PORTE MAILLOT,,,,750
200500011734,5,2,19,1200,1,1,1,1.0,3.0,293.0,,M,0.0,0,450
200900012418,9,7,6,1205,1,2,1,1.0,6.0,120.0,"38, AVENUE GAMBETTA",,,,750
201600002337,16,12,22,1015,1,2,1,1.0,7.0,138.0,7 ave Charles De Gaulle,M,0.0,0,720
200700030191,7,5,3,1230,1,2,1,1.0,2.0,540.0,"69, JEANNE D'ARC. RUE",,,,760
201600021084,16,12,14,1749,3,2,1,1.0,6.0,56.0,"sans, EPITAPHE CHEMIN DE",M,4725081.0,599201,250
201000026890,10,10,5,1745,1,2,1,2.0,2.0,134.0,BATES (AVE DES),M,4874230.0,134547,280
200600014008,6,3,29,1025,1,2,6,2.0,6.0,438.0,SAINT GERMAIN DES NOYERS,,,,770
200500004601,5,1,4,1500,1,2,3,1.0,6.0,9.0,R PIERRE SEMARD R LA FAY,,,,750
201400047529,14,8,25,2340,3,1,1,2.0,7.0,27.0,AUTOROUTE A86,M,4892780.0,241018,930
201000067089,10,9,16,1945,1,2,1,8.0,7.0,113.0,PORTE D IVRY,,,,750
201000028230,10,6,25,1420,1,2,1,1.0,2.0,555.0,"999, AV DES MINIMES",,,,310
200500015288,5,3,22,800,1,2,1,1.0,3.0,192.0,"327, KENNEDY (AV DU PDT.",,,,400
200800063776,8,11,16,30,5,2,6,1.0,3.0,107.0,"., KERPAPE (RUE DE)",,,,560
201100044554,11,1,26,1545,1,1,1,1.0,2.0,552.0,RN 20,,,,910
201300013037,13,9,26,1346,1,2,1,1.0,7.0,69.0,NARBONNE -ROUTE DE-,,,,110
200900054649,9,10,4,1720,1,2,1,1.0,2.0,63.0,BD ALBERT 1ER,,,,330
201400025499,14,8,7,1115,1,2,1,1.0,7.0,115.0,"0, GAULLE (AVENUE DU GEN",,,,350
201600031179,16,9,20,1850,1,2,1,1.0,2.0,498.0,"SANS, BASSEE (RTE DE LA)",M,5044430.0,281973,620
200500075472,5,11,24,1945,5,2,2,2.0,6.0,17.0,BD BERTHIER R DE COURCEL,,,,750
201400045425,14,5,6,1750,1,2,2,1.0,4.0,80.0,PARIS / MARECHEAUX,M,4884460.0,243875,940
200600025497,6,5,22,1830,1,2,3,1.0,3.0,88.0,"0, PENETRANTE DU PAILLON",,,,60
201200017519,12,5,16,1300,1,2,3,1.0,3.0,366.0,"25, CALMETTE ET GUERIN (",M,4914980.0,25778,140
200800034407,8,6,30,1350,1,2,1,1.0,2.0,48.0,"95, HENRI BARBUSSE (BOUL",,,,930
201400034332,14,5,20,1835,1,2,1,1.0,3.0,286.0,"264, ROUTE DE STRASBOURG",,,,690
200600004062,6,1,17,2130,5,1,1,1.0,7.0,500.0,AUTOROUTE A15,,,,950
201200015369,12,4,22,230,5,2,1,2.0,2.0,55.0,"66, AVE DE SAINT JEROME",M,,,130
201600012329,16,4,30,900,1,1,1,1.0,2.0,4.0,,M,0.0,0,60
201600011007,16,3,20,530,5,2,1,1.0,5.0,88.0,ANGLAIS (DU Nø 114 AU Nø,M,4369502.0,726592,60
201100011752,11,10,2,345,5,1,1,1.0,7.0,149.0,,M,0.0,0,60
201100031279,11,10,15,1300,1,2,1,1.0,7.0,218.0,"6, BALAY JUSQU'AUX N? 51",M,4544243.0,438703,420
200600034700,6,6,12,1635,1,2,2,1.0,6.0,440.0,"., LARREY (RUE)",,,,650
201400020716,14,3,1,2030,5,2,7,1.0,1.0,231.0,"50, DEVOSGE (RUE)",,,,210
201500027133,15,7,17,1330,1,1,1,1.0,3.0,4.0,D 2060,M,4800496.0,280361,450
201500007508,15,7,14,1545,1,1,1,1.0,2.0,4.0,***,M,0.0,0,130
201000001272,10,11,6,1545,1,1,1,1.0,6.0,65.0,RD 135,M,0.0,0,760
201100009486,11,2,3,1100,1,1,1,4.0,6.0,196.0,,M,0.0,0,880
201100044658,11,12,23,840,1,1,1,1.0,6.0,27.0,"153, SCHUMAN (RUE ROBERT",,,,910
201300043097,13,5,17,1530,1,2,3,1.0,6.0,18.0,BERCY (QU DE),,,,940
200600007315,6,2,10,1630,1,2,1,1.0,5.0,112.0,rsport et route d'ANNECY,M,0.0,0,740
200500046591,5,7,23,1830,1,2,1,1.0,1.0,131.0,"37, ECLUSES (RUE DES)",,,,800
200700039946,7,7,6,2200,5,2,1,1.0,3.0,385.0,carrefour Gendarmerie,M,4594500.0,-131300,170
201300040258,13,8,18,1905,1,2,1,1.0,2.0,63.0,"40, DIX-HUIT JUIN 1940 (",,,,920
200900048123,9,5,11,1842,1,2,6,2.0,3.0,162.0,BOULEVARD SALVADOR ALLEN,,,,440
200600033086,6,6,22,1515,1,2,1,1.0,2.0,300.0,"25, SOFIA   AVENUE DE",,,,170
201100053109,11,8,9,1915,1,1,1,1.0,7.0,121.0,A104,,,,770
201000004338,10,3,18,1430,1,1,1,8.0,3.0,424.0,,M,4515500.0,-80800,330
200800042950,8,8,17,245,5,2,2,1.0,5.0,103.0,"13, BOULEVARD DES FILLES",,,,750
201300029396,13,10,1,1655,1,2,1,1.0,6.0,491.0,COTE DES GAYES (ROUTE DE,M,4925086.0,603721,570
200600046555,6,8,7,1200,1,2,1,1.0,1.0,148.0,,M,0.0,0,202
201000059448,10,10,11,1820,1,1,1,1.0,6.0,278.0,A46N   12.680 A 13.378,,,,690
201100013439,11,5,5,830,1,1,1,1.0,5.0,389.0,RN 12,M,4880600.0,182000,780
201300036322,13,4,9,2100,3,1,3,1.0,3.0,69.0,"1100, TOULON RD 46 ( ROU",M,4312598.0,609325,830
200500080637,5,12,22,1130,1,2,1,2.0,6.0,332.0,CHERISY (ROUTE DE),,,,280
201300018980,13,8,8,1930,1,1,1,1.0,1.0,258.0,,M,4722500.0,593800,250
201000060900,10,4,13,1720,1,2,1,1.0,6.0,106.0,"76 bis, RUE DE RENNES",,,,750
200700033877,7,6,16,1315,1,1,1,1.0,5.0,149.0,,M,0.0,0,290
201300038878,13,12,10,745,2,2,3,1.0,6.0,12.0,CHEMIN VERT (RUE DU),,,,920
201600054020,16,10,10,2115,5,2,3,1.0,1.0,113.0,"56, BOULEVARD DE PORT RO",M,4883750.0,234631,750
200500043193,5,7,11,1930,1,2,1,1.0,2.0,9.0,"CD22a, PR 1+200",M,0.0,0,130
201300047329,13,12,17,1130,1,1,1,1.0,4.0,36.0,A86,,,,920
201500052411,15,6,20,140,5,2,2,1.0,3.0,111.0,RUE DE CHARONNE,,,,750
201500044387,15,3,31,920,1,2,1,1.0,3.0,4.0,SEBASTIANU COSTA BD,M,4193958.0,874309,201
201100044219,11,11,24,1951,5,2,3,1.0,3.0,85.0,"0, GIFFARD (RUE HENRI)",,,,870
200500004132,5,1,19,1815,3,2,1,2.0,5.0,175.0,RN 16_PONT RN 330_PONT Z,,,,600
201100052436,11,10,20,1405,1,2,1,1.0,6.0,268.0,CHE DES MENEES,M,4897130.0,241590,950
200800054970,8,10,22,2000,3,1,1,1.0,3.0,743.0,,M,5035200.0,203500,620
201000026029,10,7,20,1745,1,2,3,1.0,6.0,56.0,"sans, MONTJOUX  AVENUE D",,,,250
201300026100,13,12,10,800,2,2,1,2.0,6.0,261.0,PLACE JEAN JAURES,,,,370
200600007784,6,2,24,2010,5,2,1,1.0,2.0,55.0,"261, SAINT ANTOINE (AVEN",,,,130
200600012180,6,3,1,1455,1,2,9,1.0,3.0,550.0,RTE DE LEOGNAN,,,,330
201200025182,12,6,16,1900,1,2,2,1.0,3.0,281.0,CHEM DE LA PRINCESSE,,,,330
200700054554,7,9,28,2330,3,1,1,2.0,6.0,284.0,,M,4613500.0,643300,740
200900049211,9,8,12,2115,2,2,1,1.0,6.0,449.0,RUE DU GHIEN,M,5.0,0,590
201100033317,11,9,2,2135,5,2,6,1.0,6.0,108.0,RUE DE VAUX/MGR TISSIER,,,,510
200900057459,9,9,4,1645,1,2,1,1.0,6.0,117.0,"1, CONSTANT ( AVENUE JEA",,,,130
201200025179,12,6,17,1000,1,2,1,1.0,6.0,63.0,AVE DE LABARDE,,,,330
200600076471,6,12,24,350,3,1,1,1.0,3.0,63.0,ROUTE DEPARTEMENTALE 920,,,,360
201200056432,12,3,12,2000,5,2,2,1.0,6.0,113.0,"5, BOULEVARD DE L HOPITA",,,,750
201600014544,16,4,22,1220,1,2,1,1.0,2.0,55.0,10 Chemin du Roi d'Espag,M,4324320.0,539671,130
200600036771,6,6,24,1800,1,2,1,1.0,4.0,59.0,"FACE 90, LENINE (AVENUE)",,,,930
200600011349,6,3,21,1855,2,2,3,1.0,5.0,88.0,"27, JOLY (CORNICHE ANDRE",,,,60
201100045879,11,6,17,2310,5,2,2,6.0,3.0,60.0,LANGEVIN / HERRIOT,M,4878220.0,225308,920
201000049745,10,8,24,2206,5,2,1,1.0,6.0,75.0,"11, SADI CARNOT (RUE)",,,,920
201300045855,13,2,8,910,1,1,1,1.0,3.0,7.0,AUTOROUTE A1,M,4894930.0,244679,930
201400014415,14,3,27,2000,5,2,1,1.0,6.0,55.0,"130, BD DE SAINTE MARGUE",M,4326719.0,540795,130
201000013197,10,6,21,1515,1,1,3,1.0,1.0,82.0,,M,0.0,0,300
200600073921,6,12,23,1500,1,1,1,1.0,7.0,187.0,Le Rachet,M,0.0,0,10
201400028930,14,2,20,845,1,2,2,2.0,2.0,147.0,AV REPUBLIQUE/VIKINGS,M,4905520.0,-143751,500
200600073336,6,12,28,2130,3,1,1,1.0,6.0,226.0,,M,0.0,0,350
201000067959,10,2,7,2030,5,2,1,1.0,3.0,5.0,PAUL LACAVE (AVENUE ),,,,971
200600047054,6,8,6,530,2,1,1,1.0,6.0,4.0,"0, R.N.98 BORD DE MER SI",,,,60
201500019156,15,12,22,1805,5,2,1,1.0,6.0,374.0,87 AV DU Gal DE GAULLE,M,4564357.0,18493,160
200800035838,8,6,27,2025,1,2,3,1.0,3.0,117.0,RUE LA CONDAMINE,,,,750
201100010741,11,2,27,645,2,1,1,1.0,3.0,37.0,,M,0.0,0,890
201000053405,10,6,3,1325,1,2,5,1.0,2.0,41.0,"03, LEON GAMBETTA (PL)",M,4881460.0,240209,940
201400051444,14,9,16,1700,1,1,1,1.0,2.0,55.0,A7-Sens Lyon vers Marsei,,,,130
201300024125,13,10,9,1700,1,2,6,1.0,2.0,63.0,AVE DE NONTRASTE,,,,330
201400058983,14,6,3,645,1,2,1,1.0,4.0,9.0,"RD41, RD 41",A,0.0,0,972
200900006783,9,3,13,615,3,1,1,1.0,1.0,156.0,,M,4.0,-,640
200800048963,8,9,2,1730,1,2,1,1.0,3.0,210.0,Rue Jean-Baptiste Marcet,M,0.0,0,440
200900011555,9,3,31,1340,1,2,1,1.0,6.0,555.0,"1 BIS, RUE LEON GAMBETTA",,,,310
201300002660,13,11,25,1700,2,1,1,1.0,6.0,398.0,BOIS DE PUYROCHER,M,4563942.0,66262,240
200700078386,7,12,21,1440,1,2,1,1.0,6.0,350.0,"2, TREVISE RUE",,,,590
201400045645,14,3,18,1140,1,2,1,1.0,3.0,18.0,RTE D'ENGHIEN,M,4895660.0,228290,950
201100015796,11,4,17,1550,1,2,1,1.0,6.0,88.0,"0, JAURES (BD JEAN)",,,,60
201000064083,10,11,10,1450,1,2,1,2.0,1.0,115.0,"29, QUAI DE GRENELLE",,,,750
201300057458,13,1,20,2221,5,2,8,1.0,6.0,20.0,"00, BD LEGITIMUS",A,0.0,0,971
201000068066,10,3,7,318,5,2,1,1.0,3.0,13.0,MONTAUBAN (SECTEUR),,,,971
201200037815,12,6,27,2100,1,2,1,1.0,6.0,284.0,"20, BAYARD (BD.DU CHEVAL",M,4895440.0,291639,770
200800027608,8,5,19,1825,1,2,1,1.0,6.0,117.0,PORTE DE CLICHY,,,,750
200900070415,9,10,22,833,1,1,1,8.0,3.0,553.0,RN 104,,,,910
200500033467,5,6,9,40,5,2,6,1.0,1.0,281.0,DASSAULT (AVE MARCEL),,,,330
201500031708,15,8,2,1320,1,1,1,1.0,3.0,483.0,ROUTE D'AHETZE,M,4340720.0,-160816,640
201000047296,10,1,10,935,1,2,1,4.0,5.0,326.0,COUR DE FRANCE (AVENUE D,,,,910
200500051269,5,8,5,1550,1,1,1,1.0,6.0,32.0,ROUTE NATIONALE 1112,,,,340
200500039093,5,6,13,2215,2,1,1,1.0,6.0,424.0,,M,0.0,0,670
200600004180,6,1,17,1530,1,2,2,2.0,6.0,382.0,DUGAS MONTBEL,,,,690
201600006405,16,3,2,1630,1,1,1,1.0,6.0,95.0,,M,4831169.0,586124,880
200600071368,6,11,26,1120,1,2,1,1.0,1.0,54.0,rue des Calvaires,M,0.0,0,350
201400030281,14,3,19,1120,1,2,1,1.0,6.0,194.0,"24, PAUL BERT",,,,580
201100033643,11,2,24,410,5,2,2,2.0,3.0,304.0,RESISTANCE (AV. DE LA -P,M,4869506.0,612437,540
201100047742,11,11,30,1825,5,2,9,1.0,3.0,71.0,AULNAY (RUE D'),,,,930
201400022763,14,9,19,1511,1,2,7,1.0,6.0,189.0,ROBERT JEAN (PLACE),M,4384000.0,436570,300
201000064990,10,9,19,130,5,2,2,1.0,3.0,117.0,AVENUE DE CLICHY,,,,750
201500021056,15,1,29,1505,1,2,1,1.0,6.0,375.0,CHAMP DE VILLE (PLACE DU,M,4921056.0,116561,270
201100007928,11,5,21,1400,1,1,2,1.0,3.0,333.0,,M,4612212.0,422574,420
201200029298,12,7,13,1835,1,2,1,2.0,6.0,234.0,8 R P.M CURIE,M,4790930.0,192975,450
201500013440,15,7,21,1800,1,2,1,1.0,5.0,28.0,"983, DULAC (AVENUE GUILL",M,4319416.0,561088,130
200500028187,5,5,28,2058,1,2,2,1.0,3.0,189.0,"., TOUR DE L'EVEQUE (RUE",,,,300
200700005281,7,1,20,1945,3,1,1,2.0,6.0,5.0,GEORGES BRAQUE (BOULEVAR,,,,930
201300007100,13,7,29,945,1,1,1,1.0,1.0,399.0,,M,0.0,0,890
201400054502,14,4,29,1500,1,2,1,1.0,6.0,113.0,"140, RUE DE TOLBIAC",,,,750
201200004234,12,7,1,1030,1,1,9,1.0,6.0,225.0,,M,4448218.0,119413,460
200500006176,5,1,13,840,1,2,1,1.0,6.0,18.0,PERI (AVENUE GABRIEL),,,,950
200700032644,7,6,23,545,2,1,6,1.0,6.0,433.0,,M,4352300.0,139000,310
200900002468,9,1,20,815,2,1,1,2.0,7.0,206.0,,M,0.0,0,490
201500051572,15,2,19,1100,1,2,3,1.0,6.0,108.0,AVENUE DES CHAMPS ELYSEE,,,,750
200900051134,9,4,28,1305,1,2,7,8.0,1.0,48.0,16 PL DE LA FRATERNITE,M,4.0,0,930
200700073917,7,11,30,1400,1,1,1,1.0,1.0,221.0,,M,4681100.0,377600,580
200600028982,6,5,31,740,1,2,3,1.0,3.0,25.0,STALINGRAD (AV DE),,,,920
201000060695,10,2,21,2015,5,2,1,1.0,6.0,105.0,"90, BOULEVARD DE PORT RO",,,,750
201200051042,12,12,18,838,2,1,1,2.0,7.0,521.0,AUTOROUTE A6,,,,910
200600059869,6,10,19,1345,1,2,1,2.0,3.0,51.0,CD952,M,0.0,0,450
200600042293,6,7,20,1130,1,2,1,1.0,6.0,115.0,rue d'en bas,M,0.0,0,590
200800000579,8,1,5,2000,3,1,1,2.0,3.0,265.0,,M,5028300.0,371100,590
200500071158,5,11,4,1715,3,1,1,3.0,1.0,209.0,,M,4611300.0,587500,10
201300004560,13,2,24,1915,3,1,1,4.0,6.0,246.0,,,,,10
201500031221,15,4,20,1710,1,2,3,1.0,3.0,102.0,AVENUE  ALLEES PAULMY,M,4349134.0,-148157,640
201300036388,13,10,20,1530,1,2,1,1.0,6.0,123.0,"638, GENETS D'OR (CHEMIN",M,4313101.0,578535,830
201300031621,13,4,27,1430,1,2,1,1.0,6.0,113.0,"3, CHANTURGUE (RUE DES H",M,4581124.0,310680,630
200600003844,6,1,30,1815,5,2,1,1.0,6.0,52.0,"52, STRASBOURG (BD DE)",,,,940
200500055966,5,9,5,1230,1,1,9,1.0,2.0,51.0,,M,4811900.0,-157300,350
200700058848,7,9,14,857,1,1,1,1.0,2.0,216.0,AUTOROUTE A6,,,,910
200900052209,9,6,27,1745,1,1,1,1.0,3.0,81.0,,M,0.0,0,340
201000006205,10,7,25,1820,1,1,1,1.0,1.0,39.0,,M,4306500.0,188100,90
201600004089,16,3,22,2030,3,1,1,1.0,7.0,232.0,,M,4498827.0,163394,460
200700002418,7,1,18,1215,1,2,1,2.0,2.0,56.0,"105, BELFORT RUE DE <144",,,,250
201400052790,14,2,12,1915,5,2,1,1.0,7.0,108.0,VOIE GEORGES POMPIDOU,,,,750
200800064077,8,11,8,1825,5,2,6,2.0,7.0,4.0,RUE DES ERABLES,,,,620
200600046341,6,8,11,1405,1,1,1,1.0,6.0,23.0,Route de Vins,M,0.0,0,830
201600050507,16,2,14,20,3,1,1,3.0,6.0,55.0,A55-Sens Marseille*vers,,,,130
200500032139,5,5,30,838,1,1,1,1.0,4.0,55.0,A55-Sens Martigues vers,,,,130
201100051749,11,9,19,1815,1,2,1,1.0,6.0,74.0,AV SALVADOR ALLENDE,,,,940
201200031522,12,12,22,2105,5,1,3,3.0,1.0,463.0,"00, GOUSSEL FRANCOIS (RU",M,4910155.0,619498,570
201300034511,13,2,8,155,5,2,2,2.0,6.0,351.0,AV LUCIEN CORBEAUX,M,4948155.0,11641,760
201000050186,10,2,18,2035,5,2,1,2.0,2.0,7.0,"133, ""REPUBLIQUE (AVENUE",M,4893540.0,247438,930
200900065776,9,12,27,1000,1,1,1,9.0,6.0,101.0,,M,4.0,0,230
200600004068,6,1,24,530,5,1,1,1.0,3.0,66.0,AUTOROUTE A1,,,,930
201100058045,11,7,13,1040,1,2,7,2.0,3.0,101.0,"13, PLACE DU PONT NEUF",,,,750
201300038943,13,1,18,1530,1,2,2,1.0,3.0,23.0,"., CHEMIN VERT (RUE DU)",,,,920
201300044837,13,2,1,1745,2,2,3,1.0,3.0,63.0,R SALVADOR ALLENDE,M,4891520.0,220540,950
201600023587,16,1,10,610,5,2,1,3.0,6.0,119.0,BD ANDRE RICARD,M,4485836.0,-53882,330
201000014011,10,4,5,2015,1,2,2,1.0,1.0,321.0,ROUTE DE PARIS,M,4880120.0,190390,780
200700020972,7,4,21,930,1,1,6,1.0,6.0,108.0,RD 32,,,,130
201500011528,15,8,21,1215,1,1,1,1.0,6.0,340.0,,M,0.0,0,270
201000046169,10,3,29,1808,1,1,1,1.0,4.0,50.0,RN520 (COUZEIX),M,4589110.0,126054,870
201600059140,16,3,29,700,1,1,1,1.0,4.0,416.0,"16, DELISLES (ROUTE HUBE",R,,,974
201100062233,11,10,6,1115,1,2,1,1.0,7.0,116.0,AVENUE FOCH,,,,750
200900025136,9,8,12,30,3,1,1,1.0,6.0,531.0,,M,0.0,0,600
201400000141,14,3,26,815,1,2,1,1.0,3.0,139.0,2 rue Jean Moulin CAUDRY,M,0.0,0,590
201400012316,14,9,14,545,3,1,1,1.0,6.0,137.0,,M,4247253.0,286290,660
200600001642,6,1,13,1110,1,2,2,8.0,6.0,227.0,CD32B,,,,570
201200010123,12,9,9,1345,1,1,1,1.0,3.0,276.0,,M,0.0,0,370
200700002216,7,1,2,1500,1,2,1,1.0,6.0,55.0,MARCEL ACHILLE (BOULEVAR,,,,130
200900034246,9,3,21,2220,5,2,1,7.0,6.0,50.0,TIR RUE DU,,,,920
201500014382,15,2,18,810,1,2,1,1.0,6.0,55.0,"19, RUE D' ORANGE",M,4331288.0,538627,130
201600002948,16,5,11,1045,1,2,1,1.0,6.0,80.0,route des pyrenees,M,4376061.0,-31658,400
200500054331,5,9,17,2145,3,1,1,1.0,1.0,136.0,,M,0.0,0,140
201600005631,16,2,6,1000,1,1,1,1.0,7.0,219.0,,M,4580000.0,292400,630
201500048950,15,12,11,2110,5,2,1,1.0,3.0,387.0,GERLAND (DE),,,,690
201400010111,14,11,30,1840,5,2,1,2.0,6.0,155.0,"1, BERGER AV.AIME",,,,60
201500033047,15,6,24,1350,1,1,1,1.0,2.0,475.0,ROUTE NATIONALE 80,M,0.0,0,710
201100028134,11,11,30,1820,5,2,3,1.0,3.0,63.0,BD ANTOINE GAUTIER,,,,330
200800064008,8,11,6,1800,5,1,3,1.0,1.0,512.0,LACROIX (RUE BOULEVARD),,,,590
200800009702,8,2,15,1240,1,2,3,1.0,2.0,228.0,GALANTS COURT (RUE DES),,,,910
201000009719,10,6,20,1155,1,2,1,1.0,6.0,530.0,RUE DE VALLÉE DE L'AITRE,M,4804550.0,639784,880
200500003718,5,1,17,1956,5,2,9,2.0,3.0,99.0,"98, CHOUTEAU (BOULEVARD",,,,490
201400033459,14,11,2,1400,1,2,2,1.0,3.0,218.0,"0, INDUSTRIE (RUE DE L )",,,,670
201400057087,14,5,17,1915,1,2,1,1.0,6.0,120.0,"9, RUE DE BAGNOLET",,,,750
201600026546,16,9,2,1030,1,2,3,1.0,3.0,187.0,"0, BARON DU MARAIS (BOUL",M,4604226.0,406628,420
201300009699,13,6,14,1415,1,1,1,1.0,2.0,281.0,LA FRIELIERE,M,0.0,0,370
200700038616,7,6,30,1637,1,2,3,1.0,3.0,105.0,RUE DES ECOLES,,,,750
201500014763,15,7,8,1615,1,2,7,1.0,6.0,55.0,"17, HUILES (PLACE AUX)",M,4329299.0,537182,130
200900040943,9,12,15,845,1,2,1,1.0,6.0,111.0,"173, RUE DU FAUBOURG SAI",,,,750
200800028718,8,5,13,1845,1,2,1,1.0,1.0,351.0,rue de chaillouet,M,4844500.0,368200,100
200500079713,5,12,14,1350,1,2,1,1.0,6.0,112.0,MAJORAL ARNAUD (AV.),,,,40
200900015479,9,4,10,1630,1,1,2,1.0,3.0,130.0,,M,4.0,0,380
201100020172,11,6,16,1830,1,2,1,1.0,6.0,55.0,"71, CHE DU ROUCAS BLANC",,,,130
200500035691,5,6,9,1905,1,2,4,1.0,6.0,11.0,AV LEDRU ROLLIN R CO DEB,,,,750
200800056861,8,10,21,1236,1,2,1,1.0,4.0,69.0,"1, PAGNOL (BOULEVARD MAR",,,,60
201300019921,13,7,23,1318,1,2,3,3.0,2.0,33.0,DE GAULLE (AV DU GENERAL,M,4710306.0,240929,180
201000045024,10,12,11,1137,1,1,1,1.0,3.0,118.0,"0, BOULEVARD DE LA BAUME",,,,830
201000005680,10,9,14,715,2,2,1,1.0,1.0,29.0,3 rue des Sablières,M,0.0,0,790
201100055300,11,11,8,1305,1,1,1,8.0,2.0,2.0,AUTOROUTE A86,,,,920
200900046150,9,9,24,1125,1,2,1,1.0,7.0,28.0,"31A, GRASSET   AVENUE ED",,,,170
201600018409,16,1,7,930,1,1,3,2.0,3.0,195.0,,M,4775691.0,726774,680
200500003987,5,1,12,920,1,2,2,2.0,6.0,155.0,"1, REPUBLIQUE - PLACE",,,,590
200900032992,9,9,17,1000,1,2,1,8.0,1.0,540.0,V.C 152  route bois more,,,,710
201100011659,11,1,13,1645,1,1,1,1.0,7.0,128.0,,M,0.0,0,40