Num_Acc,an,mois,jour,hrmn,lum,agg,int,atm,col,com,adr,gps,lat,long,dep
201600014679,16,5,11,1915,1,2,1,1.0,3.0,55.0,"63, SAINT JEROME (AVENUE",M,4333134.0,541932,130
200700041510,7,7,2,1600,1,2,1,2.0,6.0,247.0,5 rue de la div. Leclerc,M,4856400.0,758700,670
200600010148,6,2,11,1240,1,2,1,1.0,1.0,201.0,MAIGNAN(AVENUE),,,,910
200700063879,7,10,13,1630,1,2,2,1.0,2.0,395.0,"1, LECLERC (AV. DU GENER",,,,540
201100000784,11,5,3,1410,1,1,1,1.0,6.0,548.0,,M,0.0,0,20
200600060131,6,10,5,1615,1,1,2,2.0,3.0,200.0,,M,4929700.0,-54300,140
200600047971,6,8,25,2202,5,2,2,1.0,6.0,32.0,RUE CHATEAUBRIAND,,,,330
201500014155,15,5,13,1930,1,2,1,1.0,4.0,55.0,"1, HENRI BARNIER (BOULEV",M,4337316.0,535507,130
201400012179,14,10,24,1945,3,1,1,1.0,1.0,231.0,26231,M,0.0,0,260
201200004613,12,2,24,1345,1,1,1,1.0,1.0,228.0,,M,0.0,0,690
200700020195,7,4,25,1530,1,1,9,1.0,5.0,31.0,,M,4338000.0,341100,340
201500049811,15,11,21,1250,1,1,1,2.0,7.0,29.0,RD383   7.640 A 11.044,,,,690
200700060711,7,10,10,1745,1,2,1,1.0,1.0,81.0,carrefour CD53 et CD53B,M,,,380
201400048211,14,7,18,1145,1,1,1,1.0,5.0,362.0,A13,,,,780
201300002526,13,4,19,1645,1,1,1,1.0,7.0,476.0,,M,0.0,0,330
200700062783,7,10,21,1730,1,2,1,1.0,6.0,278.0,"0, VAU-LOUIS (DU)",,,,220
200700027560,7,5,22,1920,1,2,1,1.0,6.0,55.0,"90, VISTE (AVENUE DE LA)",,,,130
201600050277,16,4,30,35,3,1,1,1.0,2.0,288.0,A43   13.029 A 15.971,,,,690
201100025747,11,4,12,1420,1,2,2,1.0,3.0,232.0,"48, ODET QUAI DE L'",M,4799268.0,-410863,290
200800043992,8,8,24,1940,1,2,3,2.0,3.0,21.0,"0, ROGER ONFRAY (RUE)",,,,800
201000034369,10,7,5,1911,1,2,1,1.0,7.0,7.0,"0, JUIN PLACE ET RUE",M,4744760.0,-56931,490
201500028923,15,12,8,1159,1,2,1,7.0,6.0,121.0,"03, LE BIHAN (RUE  MOISE",M,4773641.0,-338288,560
201300043992,13,11,19,1845,5,2,1,1.0,6.0,41.0,"1, REPUBLIQUE (PL DE LA)",,,,940
201100026388,11,12,2,1345,1,2,2,1.0,6.0,483.0,GAULLE (BOULEVARD CHARLE,M,4310923.0,72347,310
200900061675,9,4,24,1700,1,2,1,1.0,6.0,245.0,17 RUE DES AUBEPPINES,M,0.0,0,760
201000007266,10,5,24,1745,1,1,1,1.0,6.0,152.0,,M,0.0,0,10
201000014722,10,8,10,1100,1,1,1,1.0,3.0,319.0,,M,4827860.0,197770,280
201400050639,14,3,17,800,1,1,1,1.0,2.0,204.0,A450   1.740 A 5.100,,,,690
201000016594,10,4,29,1715,1,2,1,1.0,6.0,88.0,"12, DALPOZZO (RUE)",,,,60
200500045969,5,7,6,1040,1,2,3,1.0,3.0,20.0,R DU CHER R COUR DES NOU,,,,750
201200026291,12,10,9,2240,5,2,1,1.0,5.0,172.0,"1011, SORBES (RUE DE LAS",M,4361447.0,385176,340
201600052679,16,9,14,1605,1,2,1,1.0,6.0,109.0,"18, RUE PIERRE FONTAINE",M,4888150.0,233422,750
200900018400,9,1,14,815,1,1,1,2.0,3.0,3.0,AUTOROUTE A6A,M,4.0,0,940
200600037432,6,6,19,1555,1,1,1,2.0,7.0,320.0,Autoroute A 31,,,,540
201500016751,15,10,23,845,1,2,1,1.0,6.0,116.0,13 rue de la soie,M,4919497.0,72059,270
201000022614,10,12,6,830,1,2,3,1.0,6.0,55.0,"00, RUE DE LA REPUBLIQUE",,,,130
201400002379,14,9,14,30,3,1,1,1.0,3.0,284.0,MASSOTTE,M,4680168.0,-188107,850
201400001965,14,11,15,1215,1,2,1,1.0,2.0,18.0,13 rue Florent Papin,M,4754284.0,-11073,490
200900043986,9,10,6,2240,3,1,1,1.0,6.0,33.0,"0, CD 958",,,,820
200700074652,7,12,17,1730,3,1,6,1.0,2.0,395.0,,M,0.0,0,600
201200054049,12,5,5,1940,5,2,2,3.0,3.0,105.0,"21, RUE DES ECOLES",,,,750
200900025486,9,6,14,1355,1,2,1,1.0,6.0,555.0,"44, ALL HENRI SELLIER",,,,310
201600051345,16,5,31,2115,5,2,1,2.0,6.0,103.0,"65, RUE DE BRETAGNE",M,4886430.0,236017,750
200600008596,6,2,3,1330,1,2,1,1.0,2.0,234.0,ZAY (AVENUE JEAN ZAY),,,,450
200800038789,8,7,25,1740,1,2,1,1.0,3.0,291.0,JUIN 18  RUE,,,,170
201400054698,14,11,3,1800,5,2,1,2.0,6.0,113.0,BOULEVARD PERIPHERIQUE,,,,750
200500064379,5,10,27,1515,1,1,1,1.0,3.0,34.0,,M,0.0,0,360
201000066101,10,10,22,1539,1,2,3,1.0,3.0,120.0,RUE ALEXANDRE DUMAS,,,,750
201000035000,10,8,16,620,1,2,1,1.0,6.0,147.0,2 RUE DE LA GARE,M,4904300.0,-144220,500
201200016024,12,9,19,2045,2,2,2,1.0,6.0,55.0,"193, BD DE PONT DE VIVAU",,,,130
200900029744,9,4,25,1715,4,1,1,1.0,6.0,226.0,,M,0.0,0,350
201300033771,13,7,22,615,2,2,2,1.0,3.0,199.0,"0, RUE MARCEL SEMBAT",,,,690
201600052402,16,7,23,1730,1,2,7,1.0,3.0,108.0,PLACE DE LA CONCORDE,M,4886440.0,232029,750
200500054120,5,9,6,730,2,2,1,1.0,3.0,167.0,RUE DE SOISSONS,M,0.0,0,600
201100029657,11,3,6,1848,3,2,3,1.0,3.0,44.0,114 AVLEMOINE/RUESOUPIRS,M,4681960.0,169731,360
201500024891,15,6,17,1830,1,2,2,1.0,3.0,238.0,"00, ANTRAIN (D') DE 0 A",M,4811822.0,-167633,350
201200008938,12,12,2,230,3,1,6,1.0,6.0,3.0,,M,4355998.0,415312,300
200800001993,8,1,18,755,1,2,1,1.0,2.0,69.0,"86, MISTRAL (AVENUE ET P",,,,60
200800060650,8,10,14,1207,1,2,1,1.0,6.0,22.0,"97, VILLENEUVE ST GEORGE",,,,940
200600056176,6,9,23,1945,5,2,2,2.0,7.0,17.0,R A DE NEUVILLE BD PEREI,,,,750
200600011872,6,3,14,826,1,2,1,1.0,6.0,322.0,"23, HUGO ( RUE VICTOR)",,,,240
200500022712,5,4,7,2212,3,1,1,1.0,6.0,55.0,A7-Sens Lyon vers Marsei,,,,130
200800072746,8,12,22,840,1,2,2,1.0,3.0,549.0,"40, PIERRE SEMARD (RUE)",,,,910
200500012783,5,3,31,1745,1,1,1,1.0,3.0,148.0,,M,0.0,0,320
200800049013,8,9,6,1915,1,1,1,1.0,1.0,26.0,,M,4813400.0,33900,720
201400020732,14,5,24,1554,1,1,1,1.0,6.0,231.0,COMBE A LA SERPENT (DE L,,,,210
200700032907,7,6,4,1445,1,2,1,1.0,6.0,204.0,avenue de St Etienne,M,4543200.0,406800,420
201000014055,10,9,9,1515,1,1,1,2.0,4.0,200.0,,M,4854700.0,199100,910
201300047987,13,5,23,1725,1,2,1,1.0,6.0,33.0,"sans, 193 - RN",M,0.0,0,202
200900013781,9,1,15,1500,1,2,1,1.0,3.0,33.0,"SANS, AV DE LA LIBERATIO",,,,202
200500043839,5,7,19,1335,1,2,1,1.0,3.0,55.0,LIBERATION (BD),,,,130
201600058684,16,5,24,1137,1,2,3,1.0,2.0,302.0,"43, CESAIRE (CITE)",,,,973
201300010817,13,2,25,145,5,2,1,2.0,6.0,88.0,"259, FABRON (AV. DE) (A",,,,60
200800069554,8,12,26,2130,5,2,1,1.0,6.0,96.0,Rue raoul Blanc,M,0.0,0,830
200600077040,6,12,16,1202,1,2,1,1.0,6.0,121.0,"., NORMANDIE ( BD ET IMP",,,,560
200600006714,6,2,5,2015,5,2,1,1.0,6.0,195.0,la croix chadeyras,M,4583000.0,336800,630
201100060860,11,4,5,1311,1,2,4,1.0,3.0,113.0,"83, BOULEVARD DE L HOPIT",,,,750
200800014191,8,3,13,2140,3,2,3,2.0,3.0,17.0,GENERAL DE GAULLE (AV DU,,,,940
200900010254,9,2,18,900,1,1,1,1.0,1.0,54.0,,M,4.0,0,210
200600011464,6,3,1,910,1,2,1,1.0,3.0,55.0,"55, MARÉCHAL DE LATTRE (",,,,130
201600049017,16,1,31,1250,1,1,1,1.0,2.0,387.0,PASTEUR,,,,690
201000016339,10,2,9,1958,5,2,1,1.0,3.0,88.0,"352, STE MARGUERITE (AV.",,,,60
201400020617,14,11,4,1645,1,2,3,1.0,3.0,31.0,"142, QUEUILLE (AVENUE HE",M,4517770.0,152771,190
200700014117,7,3,21,1,3,1,9,1.0,6.0,117.0,CHEMIN DEPARTEMENTAL 20,,,,130
201000006480,10,10,15,1630,1,1,1,1.0,1.0,70.0,,M,4438400.0,147600,460
201400044508,14,7,3,1115,1,2,2,1.0,3.0,43.0,FONTAINEBLEAU / SALENGRO,M,4881460.0,236089,940
200700055849,7,9,2,1615,1,2,2,1.0,4.0,63.0,CRS ARISTIDE BRIAND,,,,330
200500004093,5,1,26,1530,1,2,5,1.0,3.0,512.0,NATIONS UNIES (AVENUE DE,,,,590
200700036035,7,6,21,1750,1,2,2,1.0,3.0,98.0,"02, GRANDE LANDE ( ROUTE",,,,560
201400056160,14,9,21,1355,1,2,1,1.0,6.0,117.0,"5, AVENUE DE CLICHY",,,,750
200800007138,8,2,6,1245,1,1,1,1.0,6.0,11.0,,M,4375400.0,483400,130
201500055478,15,3,17,1810,1,2,2,1.0,3.0,120.0,"0, RUE DES PYRENEES",,,,750
200600036069,6,6,24,1015,1,2,3,1.0,1.0,121.0,"0, DUNANT (AVENUE HENRY)",,,,820
200600070815,6,11,5,1312,1,1,1,5.0,4.0,521.0,AUTOROUTE A6,,,,910
200900014756,9,6,17,1210,1,2,2,1.0,3.0,191.0,RUE DU MARECHAL LECLERC,,,,790
200500077904,5,12,27,1555,1,1,1,2.0,7.0,340.0,24 sens LORIENT - RENNES,M,0.0,0,350
201100062721,11,10,23,1250,1,2,5,1.0,2.0,117.0,"32, AVENUE NIEL",,,,750
200800043797,8,8,29,1645,1,1,1,1.0,2.0,136.0,AUTOROUTE A10,,,,910
200700025129,7,4,24,1708,1,1,1,1.0,6.0,215.0,A7-Sens Marseille vers L,,,,130
200800021378,8,4,29,1240,1,2,1,3.0,6.0,54.0,CHARLES TILLON (route),,,,940
200900074137,9,10,18,1530,1,1,1,2.0,5.0,15.0,,A,0.0,0,971
201200014000,12,3,30,1220,1,2,4,1.0,3.0,5.0,RASTEGUE (COURS BARTHELE,M,4329270.0,556786,130
201300042721,13,10,7,1710,1,2,1,1.0,3.0,78.0,CLEMENCEAU (AVENUE GEORG,,,,930
200700075110,7,12,1,2145,3,1,1,1.0,6.0,127.0,,M,4619800.0,-50200,790
201100045001,11,4,1,725,2,2,1,1.0,3.0,434.0,"27, CORBEIL (ROUTE DE)",,,,910
200600034675,6,6,17,2350,5,2,3,1.0,3.0,445.0,"1, CRAONNE DE",,,,640
201400051907,14,6,18,1030,1,2,2,1.0,3.0,102.0,RUE DE PALESTRO,,,,750
201100007821,11,12,17,400,3,1,1,1.0,6.0,46.0,,M,4564770.0,405020,420
201100009919,11,11,10,2000,5,2,1,5.0,6.0,201.0,rue du G?n?ral de Gaulle,M,4777357.0,700026,680
201400035456,14,4,3,1840,1,1,1,1.0,1.0,276.0,CD N?436,,,,770
200900019199,9,4,22,2130,5,2,1,1.0,3.0,80.0,"157, FONTENAY (R DE)",M,4.0,0,940
200800008001,8,2,5,2015,4,2,6,1.0,3.0,58.0,"sans n, MORLIETTES ROUTE",,,,260
201600035199,16,12,2,2120,5,2,1,1.0,1.0,69.0,THOMAS (AVENUE AMBROISE),,,,830
201400013833,14,9,10,1655,1,2,3,1.0,2.0,43.0,"96, POMPIDOU (384)",M,4338751.0,521449,130
201600016466,16,7,5,1045,1,2,2,1.0,3.0,117.0,RABIN ( AVENUE YITZHAK ),M,4344851.0,524650,130
200500041400,5,7,10,1000,1,1,1,1.0,5.0,140.0,La Malaise,M,0.0,0,870
200700012246,7,3,18,215,3,1,1,9.0,6.0,26.0,,M,0.0,0,240
201600046888,16,6,20,1110,1,1,1,1.0,2.0,47.0,A13,,,,920
200700080044,7,12,12,600,2,2,1,9.0,7.0,252.0,"114, JULES CESAR (CHAUSS",,,,950
200600064966,6,10,13,1830,1,2,1,1.0,6.0,11.0,"0, GROSS(RUE AUGUSTE)",,,,940
201100049349,11,9,29,1625,1,2,1,1.0,2.0,62.0,ALL VICTOR HUGO,,,,930
201500027128,15,6,17,1810,1,2,1,1.0,3.0,208.0,5 BIS BD DURZY,M,4799507.0,273548,450
201100055255,11,10,14,2215,3,1,1,1.0,5.0,521.0,AUTOROUTE A6,,,,910
201600056112,16,1,7,1840,5,2,2,1.0,6.0,119.0,"16, RUE CAVENDISH",M,4888260.0,238033,750
200700008759,7,2,22,1900,5,2,1,1.0,6.0,261.0,"161, GIRAUDEAU (RUE)",,,,370
200800020005,8,4,18,952,1,2,1,2.0,7.0,7.0,ACADEMIE PLACE,,,,490
200600001575,6,1,3,2030,5,2,2,1.0,2.0,547.0,BRIAND (RUE ARISTIDE),,,,540
201300036809,13,11,15,2030,5,2,1,2.0,3.0,87.0,"81, VIOLETTE (RUE DE LA)",,,,840
201400018260,14,4,16,845,1,1,1,1.0,1.0,34.0,,M,4731200.0,594400,250
201300051794,13,6,30,1530,1,2,5,1.0,6.0,109.0,"10, PLACE D ANVERS",,,,750
200900069324,9,9,2,1620,1,2,1,1.0,1.0,1.0,207 BD FELIX FAURE,M,4.0,0,930
200900052166,9,6,14,1430,1,2,1,1.0,3.0,336.0,"59, BEREGOVOY (AVENUE PI",,,,340
200600064148,6,10,7,1515,1,2,1,1.0,3.0,126.0,"0, PACHA (CORNICHE MICHE",,,,830
201500043335,15,6,13,2105,1,2,1,1.0,3.0,68.0,"10, PARC (QU DU)",,,,940
200500044884,5,7,13,1130,1,2,1,1.0,6.0,109.0,"00, MADELEINE ( CHSE DE",,,,440
201400015818,14,11,2,1415,1,2,1,1.0,6.0,55.0,"09, AVE LOUIS MALOSSE",M,4330240.0,544963,130
200500031668,5,5,5,2350,5,2,2,1.0,3.0,197.0,"1, HAUTE (RUE)",,,,950
200600057673,6,9,1,2000,1,1,1,1.0,5.0,78.0,AUTOROUTE A104,,,,930
200800001248,8,1,31,745,1,1,1,1.0,1.0,112.0,,M,0.0,0,450
200600070743,6,11,21,130,5,1,1,1.0,7.0,494.0,AUTOROUTE A1,,,,600
200600035326,6,6,15,1745,1,2,1,1.0,3.0,17.0,2  BD GOUVION ST CYR,,,,750
201400031504,14,2,24,1200,1,1,6,1.0,2.0,159.0,Rd 1031,,,,600
200700049191,7,8,6,300,5,2,1,1.0,6.0,300.0,"22, VIELJEUX   RUE LEONC",,,,170
201500045506,15,5,30,730,1,1,1,1.0,7.0,5.0,AUTOROUTE A3,M,4894750.0,247586,930
200900012366,9,7,3,2040,1,2,5,1.0,6.0,113.0,"188, RUE DE TOLBIAC",,,,750
201500029053,15,9,18,2322,5,2,1,1.0,7.0,121.0,"0, CALVAIRE (RUE  DU )",M,4773651.0,-336541,560
201000028184,10,5,28,750,1,2,1,1.0,3.0,555.0,"., Rd Pt Firmin Pons",,,,310
201000020066,10,7,16,1530,1,2,2,1.0,3.0,5.0,SOLLANS (CHEMIN DES),,,,130
201300016757,13,12,16,2150,5,2,1,1.0,6.0,437.0,EMILE ZOLA (RUE),,,,140
201000010279,10,2,19,1700,2,2,1,1.0,6.0,192.0,PLACE DES FÊTES,M,4905340.0,359662,510
201200060747,12,8,14,430,3,1,1,8.0,6.0,18.0,,R,0.0,0,974
201000063259,10,7,28,1400,1,2,3,1.0,3.0,113.0,"37, BOULEVARD SAINT MARC",,,,750
201000014156,10,1,22,1735,1,1,1,1.0,6.0,592.0,,M,4903950.0,186860,950
200500056229,5,9,26,700,2,2,1,1.0,6.0,547.0,CD 15,M,0.0,0,310
201300053003,13,1,11,1135,1,2,2,1.0,6.0,113.0,"10, RUE DE TOLBIAC",,,,750
200700051676,7,8,26,750,2,1,1,1.0,7.0,339.0,RN 104,,,,910
201200028076,12,10,2,817,2,2,1,2.0,2.0,18.0,MAUNOURY (AVENUE DU MARE,,,,410
200700078858,7,12,20,2010,5,1,1,1.0,6.0,3.0,SPAY (RTE DE),,,,720
200700031892,7,5,9,1330,1,1,1,1.0,6.0,1.0,A51-Sens Marseille vers,,,,130
200900006663,9,1,28,1755,5,2,3,1.0,3.0,102.0,"13,  AVENUE DE MOUNEDE",M,4.0,-,640
201600046357,16,11,7,1600,1,1,1,2.0,4.0,678.0,ROUTE NATIONALE 184,,,,950
200800039760,8,7,17,1520,1,2,2,1.0,7.0,130.0,"SANS, BEARN ( RUE DU )",,,,530
200500041184,5,7,30,1515,1,1,2,1.0,3.0,483.0,,M,0.0,0,240
200600058348,6,10,20,1845,3,1,1,2.0,3.0,433.0,,M,0.0,0,760
201600057531,16,3,7,1300,1,2,1,1.0,6.0,218.0,Rue Nazareth,A,0.0,0,972
201300037478,13,3,30,2125,5,2,2,1.0,3.0,24.0,JOUBERT (RUE),M,4779547.0,357312,890
201000062282,10,2,22,1310,1,2,5,8.0,2.0,111.0,"10, PLACE DE LA REPUBLIQ",,,,750
200900055924,9,7,19,10,5,2,1,1.0,6.0,27.0,"79, NICE AVENUE DE (RN7)",,,,60
201400010949,14,3,15,2007,5,2,1,1.0,3.0,88.0,"88, TURIN (RTE DE)",,,,60
200600061818,6,10,3,1340,1,2,3,2.0,3.0,18.0,BASSES GRANGES (RUE DES),,,,410
201500004723,15,5,2,2235,5,2,1,2.0,6.0,738.0,"22, LOUIS ARAGON",M,4967596.0,329774,20
201500041362,15,7,11,1930,1,2,1,1.0,3.0,66.0,COURNEUVE (ROUTE),,,,930
201100025841,11,10,31,1505,1,1,1,2.0,7.0,232.0,"., VOIE EXPRESS QUIMPER",M,4801720.0,-408091,290
201400029557,14,10,14,1730,1,2,1,1.0,6.0,274.0,GOUNOD (RUE CHARLES),,,,540
200600059083,6,10,22,2015,3,2,1,1.0,6.0,88.0,Le petit bois N82,M,0.0,0,420
201500010793,15,5,18,1920,1,2,8,1.0,6.0,88.0,"205, MADELEINE (BD DE LA",,,,60
201100020408,11,7,15,1500,1,2,1,1.0,1.0,55.0,"51, AVE FRANCOIS MIGNET",,,,130
200900025775,9,6,15,1715,1,2,6,1.0,3.0,205.0,Place du 19.03.1962,M,4.0,0,950
201300007423,13,12,11,715,3,2,1,9.0,6.0,91.0,rue Principale,M,0.0,0,900
200500056543,5,8,31,2100,5,2,1,1.0,4.0,55.0,"35, RIVE NEUVE (QUAI)",,,,130
201000044830,10,12,13,750,2,2,1,8.0,3.0,632.0,"96, ROUEN (ROUTE DE)",,,,800
200500051692,5,8,1,1410,1,1,1,1.0,7.0,36.0,139 (RD),,,,540
200500052454,5,8,4,1015,1,2,2,1.0,6.0,10.0,BD DE STRASBOURG R DU CH,,,,750
201000068874,10,3,16,1555,1,1,1,1.0,3.0,9.0,TERRE ROUGE(RUE),,,,974
200600081538,6,5,3,1255,1,1,1,1.0,6.0,209.0,"1, AUTOROUTE (A1)",,,,972
201300019980,13,11,9,1900,5,2,1,2.0,4.0,33.0,CHAPPE (CHAUSSEE D,M,4709030.0,242162,180
201600014195,16,2,26,1100,1,2,1,1.0,3.0,55.0,"20, (AVENUE DE) CHATEAU",M,4333503.0,542064,130
200500052394,5,8,11,1240,1,2,1,1.0,3.0,4.0,62 R DU ROI DE SICILE,,,,750
200800042339,8,7,18,1555,1,2,1,1.0,6.0,114.0,"35, BOULEVARD BRUNE",,,,750
200500032527,5,6,14,1730,1,2,2,3.0,3.0,10.0,VOGUE (RUE MELCHIOR DE),,,,70
201200046851,12,11,9,920,1,2,1,5.0,7.0,76.0,"65, MAXIME GORKI (BD)",,,,940
200600043263,6,7,18,725,1,2,1,1.0,6.0,322.0,GRANDE RUE,M,0.0,0,10
200800012447,8,3,24,1815,1,2,1,1.0,6.0,288.0,"28, BRIAND  ARISTIDE (AV",,,,350
201500058069,15,12,1,1615,1,2,1,1.0,6.0,407.0,ROND POINT DE LA GLACIER,R,2093354.0,5529295,974
201600044300,16,5,16,1215,1,2,3,1.0,6.0,252.0,R DE LA SABLIERE,M,4898190.0,222930,950
201600058730,16,6,27,1254,1,2,1,1.0,2.0,302.0,"108, GALMOT (AVENUE)",,,,973
201400048904,14,9,2,1523,1,1,1,1.0,7.0,43.0,AUTOROUTE A6B,M,4881400.0,235493,940
201300021125,13,4,11,845,1,2,1,1.0,2.0,362.0,AVENUE DE VERDUN,M,4493930.0,490450,260
200600002923,6,1,17,1925,5,1,9,8.0,7.0,16.0,"10, GLANDELLE (ROUTE DE)",,,,770
200900056856,9,8,11,1910,1,2,1,1.0,3.0,373.0,MENDES FRANCE (SQUARE),,,,770
201500040075,15,2,18,1220,1,2,1,8.0,6.0,10.0,GUESDES (RUE JULES),,,,930
201400058334,14,1,16,730,1,1,1,1.0,3.0,28.0,,A,0.0,0,971
201000054287,10,8,17,1719,1,2,2,1.0,3.0,18.0,PERI (AVENUE GABRIEL),M,4894560.0,224960,950
201200049794,12,11,23,1500,1,1,1,2.0,7.0,27.0,AUTOROUTE A86,,,,930
201200014079,12,11,7,910,1,1,3,1.0,3.0,5.0,RD 43 C,M,4331720.0,559385,130
200700045765,7,7,27,1440,1,2,1,8.0,6.0,107.0,"11, QUAI ANATOLE FRANCE",,,,750
201000059782,10,3,9,730,2,1,1,1.0,5.0,71.0,A7-SENS MARSEILLE VERS L,M,4341120.0,528329,130
201600009050,16,4,8,900,1,1,1,1.0,1.0,212.0,,M,4393951.0,458531,300
201000059724,10,1,7,2015,3,1,1,2.0,2.0,210.0,A50-SENS MARSEILLE VERS,M,4328430.0,540589,130
200900011324,9,4,12,1145,1,2,1,1.0,3.0,373.0,646 RUE AUX FEBVRES,M,0.0,0,100
201100029332,11,6,9,1220,1,2,1,1.0,6.0,238.0,ROCADE OUEST PR13-100,M,4809870.0,-171421,350
201000065802,10,12,6,1430,1,2,1,2.0,7.0,119.0,RUE DE BELLEVILLE,,,,750
201300035451,13,12,2,755,1,2,1,1.0,6.0,350.0,"01, VERSAILLES (ROUTE DE",,,,780
201000043926,10,2,6,1430,1,2,1,1.0,2.0,490.0,D 30,M,4880180.0,196367,780
200600007359,6,2,23,1515,1,1,1,4.0,6.0,332.0,Autoroute A16,M,0.0,0,800
200700040500,7,7,31,1530,1,1,1,1.0,3.0,252.0,,M,4846500.0,624100,540
201100031771,11,11,14,1730,1,2,1,1.0,6.0,162.0,RUE DE LA GARE,,,,440
201100064106,11,7,1,2230,5,2,1,1.0,2.0,119.0,BOULEVARD PERIPHERIQUE E,,,,750
200500040209,5,6,26,2300,3,1,1,1.0,6.0,34.0,,M,0.0,0,300
200500083370,5,12,25,600,5,2,2,1.0,6.0,27.0,MITTERAND (AVENUE FRANCO,,,,910
201300011772,13,3,2,1130,1,1,9,1.0,6.0,23.0,,M,0.0,0,830
200800030204,8,6,4,1230,1,2,1,1.0,1.0,559.0,chemin du rif,M,4521500.0,540500,380
201600026291,16,2,1,1640,1,2,2,1.0,3.0,300.0,,M,4666935.0,554728,390
201400024443,14,8,10,1220,1,2,1,1.0,6.0,63.0,"56, ALL DE TOURNY",,,,330
201200023316,12,10,19,1630,1,2,3,8.0,3.0,151.0,", MADELEINE (VENELLE DE",M,4858146.0,-381877,290
200800001162,8,1,31,1945,5,2,1,1.0,2.0,227.0,Rue de la République,M,0.0,0,300
201200040756,12,12,19,830,2,2,1,2.0,6.0,114.0,allée Charles Motheau,,,,910
201400020506,14,10,13,1330,1,2,7,1.0,3.0,340.0,rue du bois chaland,M,0.0,0,910
200600033487,6,6,24,2225,5,2,1,1.0,6.0,555.0,"999, RUE PRADAL",,,,310
201400048576,14,3,5,1011,1,1,1,1.0,5.0,521.0,AUTOROUTE A6,,,,910
200900014717,9,5,12,745,1,2,2,1.0,3.0,21.0,PUIT BOUCHARD ET RD 347,M,4.0,-,490
200800016743,8,3,18,1515,1,2,1,1.0,3.0,133.0,AVENUE DES ALBERES,M,0.0,0,660
201000038406,10,7,2,1110,1,2,1,1.0,2.0,108.0,"208, PARIS",,,,620
201500027302,15,10,14,1800,1,1,2,1.0,1.0,1.0,RABELAIS (PLACE),,,,470
201000011810,10,3,7,1645,1,1,1,4.0,2.0,4.0,,M,4365310.0,466344,130
201100051973,11,8,24,1740,1,2,1,1.0,2.0,81.0,R ANDRE MALRAUX,M,4879590.0,239152,940
201400033815,14,5,16,1105,1,2,3,1.0,3.0,91.0,"39, DOCTEUR ROUX (DU) (",,,,690
200700018831,7,4,16,900,1,1,1,1.0,7.0,178.0,,M,0.0,0,850
200800028574,8,5,30,1700,1,2,1,1.0,3.0,188.0,,M,0.0,0,540
200500049657,5,8,25,900,1,1,1,1.0,1.0,289.0,,M,4339300.0,341500,340
201600031943,16,3,29,1850,1,2,3,1.0,3.0,440.0,"16, MAQUIS DE SOMBRUN (R",M,4324190.0,6178,650
201100030594,11,1,20,430,5,2,1,1.0,6.0,281.0,SAINT-SEVER (AV DE),,,,400
201600023113,16,9,17,1800,1,2,1,1.0,2.0,555.0,"161, AV DES MINIMES",,,,310
201300003119,13,12,30,1015,1,2,1,1.0,6.0,259.0,Route d'exideuil,M,4588334.0,62006,160
201000028033,10,3,7,640,5,1,1,1.0,6.0,555.0,VA007566 MONTAUDRAN A61,,,,310
201200030781,12,9,8,1335,1,2,3,1.0,6.0,395.0,SAINT NICOLAS (RUE 1 A 1,M,4868960.0,618488,540
201300019553,13,11,25,1645,1,2,2,1.0,3.0,306.0,"35, MARNE (DE LA) (ALLEE",M,4562708.0,-100975,170
200600004391,6,1,19,1700,1,1,1,1.0,3.0,55.0,A55-Sens Marseille vers,,,,130
201200001028,12,2,25,1545,1,1,1,1.0,5.0,93.0,Avenue des Potiers,M,4847428.0,-248046,220
200500001093,5,1,14,2015,5,1,1,5.0,6.0,578.0,,M,0.0,0,550
201400056510,14,9,10,1235,1,2,1,1.0,6.0,118.0,"69, RUE ORDENER",,,,750
201000065342,10,7,21,1915,1,2,2,2.0,3.0,118.0,RUE LEON,,,,750
200900019003,9,3,25,1135,1,2,3,2.0,6.0,17.0,REPUBLIQUE (AV DE LA),M,4.0,0,940
201200034760,12,9,12,1140,1,2,1,1.0,2.0,445.0,100 AV DU LOUP,,,,640
200900033833,9,9,26,1800,1,1,1,1.0,3.0,297.0,,M,4.0,0,320
201100020393,11,6,14,800,1,2,1,1.0,6.0,55.0,"00, BD DU CAPITAINE GEZE",,,,130
200500027850,5,5,15,855,1,1,1,1.0,5.0,338.0,"15, TROUVILLE (ROUTE DE)",,,,140
200500001182,5,1,9,1145,1,2,1,1.0,3.0,250.0,FAUBOURG DE REIMS,M,0.0,0,510
201500055226,15,5,20,1640,1,2,1,1.0,3.0,119.0,"9, RUE CURIAL",,,,750
200700068382,7,11,23,1730,2,2,2,1.0,3.0,33.0,"SANS, HAEGELEN (AVENUE M",,,,180
200800009636,8,2,20,1816,5,2,6,2.0,2.0,85.0,"45, FOCH (RUE DU MARECHA",,,,870