Num_Acc,an,mois,jour,hrmn,lum,agg,int,atm,col,com,adr,gps,lat,long,dep
201200045876,12,9,15,2250,5,2,1,1.0,6.0,78.0,BALLANGER (BD ROBERT),,,,930
200800041711,8,7,2,2217,2,1,1,1.0,3.0,161.0,AUTOROUTE A6,,,,910
201400007712,14,2,13,1900,5,2,1,2.0,3.0,15.0,Av. Pauline de Simiane,M,0.0,0,130
200500013267,5,3,20,1915,2,1,1,1.0,6.0,142.0,,M,4687100.0,412200,710
200700021711,7,4,11,735,1,2,1,1.0,6.0,261.0,"7bis, HEURTELOUP (BOULEV",,,,370
201000024220,10,8,17,1815,1,2,1,1.0,6.0,300.0,SALINES   RUE DU PONT DE,,,,170
200700003460,7,1,14,1735,5,2,1,1.0,1.0,486.0,"741, PASTEUR (RUE)",,,,590
200700002466,7,1,6,1155,1,2,1,1.0,6.0,681.0,EVREUX (PLACE D'),,,,270
200900033959,9,4,1,1020,1,2,1,1.0,7.0,97.0,GORD (RUE DU),,,,910
200700073955,7,11,10,1800,3,1,1,2.0,7.0,241.0,,M,0.0,0,890
201200031021,12,2,25,1128,1,1,1,1.0,7.0,162.0,"., QUEVEN (ROUTE DE)",,,,560
200800021411,8,4,25,1845,1,2,1,1.0,3.0,3.0,PAUL VAILLANT COUTURIER,,,,940
200500041670,5,7,29,2015,1,1,1,9.0,1.0,212.0,,M,4510500.0,440200,70
200900003589,9,2,20,1140,1,1,1,1.0,2.0,144.0,A57,,,,830
201600013511,16,2,3,700,5,1,1,1.0,1.0,5.0,"825, RN 96 (ROUTE NATION",M,4330931.0,557659,130
201600059291,16,1,7,2130,3,2,1,1.0,7.0,611.0,m'tsapere-Nationale 2 (r,Y,0.0,0,976
200800008769,8,2,6,811,2,2,6,1.0,6.0,98.0,"., BILLOUX ( AV. FRANCOI",,,,560
201400054382,14,12,7,1445,1,2,2,2.0,6.0,112.0,"60, BOULEVARD DE BERCY",,,,750
200700059514,7,9,29,1730,1,2,5,1.0,3.0,113.0,"60, RUE CHARLES MOUREU",,,,750
201200023049,12,5,2,430,3,1,1,8.0,2.0,247.0,,M,0.0,0,210
201500003267,15,9,26,630,2,1,1,1.0,1.0,86.0,,M,4573519.0,-53817,170
201200038582,12,9,30,1320,1,2,2,2.0,5.0,621.0,RN 10/RD 23,M,4877307.0,199237,780
201100033960,11,11,12,2045,5,2,1,1.0,3.0,395.0,"1, CHARLES III (RUE)",,,,540
201300034542,13,3,30,445,5,1,1,1.0,6.0,341.0,D6015,M,4951458.0,20112,760
201500038629,15,10,6,1155,1,2,1,1.0,6.0,48.0,"20, ABEL VACHER (RUE)",,,,920
201300030678,13,1,6,2005,5,2,1,1.0,6.0,599.0,GAMBETTA (BOULEVARD),,,,590
200500001781,5,1,13,2100,3,1,1,1.0,7.0,40.0,,M,4344600.0,555500,130
201100026573,11,4,14,1725,1,1,1,1.0,4.0,555.0,VA007313 LE CHAPITRE A64,,,,310
200900044703,9,5,6,1745,1,2,1,1.0,2.0,55.0,"314, BD DU REDON",,,,130
200700063693,7,10,17,1958,5,2,3,1.0,6.0,232.0,"1, SOURCE (RUE DE LA)",,,,450
200500043723,5,7,10,230,5,2,2,1.0,3.0,55.0,"45, ELZEAR ROUGIER (RUE)",,,,130
200700070803,7,11,21,1738,5,2,3,1.0,3.0,23.0,PORTE DE TRIVAUX (RUE DE,,,,920
201600005475,16,11,12,1230,1,2,1,1.0,3.0,110.0,,M,0.0,0,740
200700068113,7,11,17,2215,5,2,1,1.0,7.0,55.0,"265, BAILLE (BOULEVARD)",,,,130
201000020394,10,12,3,1250,1,2,1,2.0,6.0,55.0,"108, BD VAUBAN",,,,130
200500051947,5,8,15,1835,1,2,2,1.0,3.0,512.0,Pierre de ROUBAIX (rue),,,,590
200800046163,8,8,19,1945,1,2,1,1.0,6.0,6.0,,M,0.0,0,690
201100062856,11,3,5,240,5,2,5,1.0,3.0,118.0,"62, AVENUE DE CLICHY",,,,750
200500040249,5,3,30,1355,1,2,6,1.0,3.0,9.0,"1, ROOSEVELT (PL. F.D.)",,,,330
200600000625,6,1,16,1730,2,2,1,1.0,6.0,14.0,"48, DOUMER (AVENUE PAUL)",,,,150
200500060058,5,9,21,1308,1,2,2,1.0,3.0,4.0,R FRANCOIS MIRON R  PONT,,,,750
200700083471,7,8,4,1200,1,2,1,1.0,6.0,411.0,"54, RUISSEAU DES NOIRS (",,,,974
201400008544,14,5,1,1645,1,2,6,1.0,3.0,31.0,Chemin de la Renga,M,4336700.0,341700,340
200900003103,9,4,23,748,1,2,4,1.0,2.0,118.0,AVENUE DE LA PORTE DE CL,,,,750
201000028731,10,1,15,1935,5,2,1,1.0,2.0,119.0,AVE CARNOT,,,,330
201200011609,12,8,12,1800,1,2,1,1.0,6.0,88.0,"0, GUITRY (R. SACHA)",,,,60
200500017718,5,3,31,1450,1,2,6,1.0,3.0,59.0,CLARA (AV),,,,940
200500045851,5,7,13,30,5,2,2,1.0,1.0,16.0,ALL LONGCHAMP ALL REINE,,,,750
201200053662,12,5,25,1930,1,2,2,7.0,3.0,102.0,"114, RUE REAUMUR",,,,750
201100011345,11,8,13,1000,1,1,1,1.0,2.0,5.0,26005,M,4452000.0,478300,260
200600031675,6,6,26,1645,1,1,1,1.0,1.0,64.0,,M,0.0,0,840
201200021067,12,12,20,829,1,2,1,2.0,6.0,415.0,"1, CASTAGNARY ALLEE",,,,170
201600050635,16,4,29,1040,1,1,1,1.0,2.0,55.0,A7-Sens Marseille vers*L,,,,130
200500020116,5,4,12,810,1,2,1,1.0,2.0,221.0,DESCARTES (RUE),,,,570
200700026916,7,5,20,1130,1,2,1,8.0,6.0,637.0,BOULEVARD DE L OISE,M,0.0,0,950
200700023682,7,4,29,520,2,2,2,1.0,6.0,21.0,"0, HENRY DUNANT (RUE)",,,,800
201300022245,13,10,25,1720,1,2,1,1.0,6.0,7.0,"., SERRES (AVE OLIVIER D",,,,300
200600013426,6,3,6,1200,1,2,2,2.0,6.0,20.0,R DUPONT DE L EURE R ORF,,,,750
201300056407,13,5,15,945,1,2,1,1.0,2.0,117.0,PORTE DE CHAMPERRET,,,,750
200900065862,9,8,23,1940,1,2,1,1.0,3.0,22.0,"15-17, FOLIE (AV DE LA)",M,4.0,0,940
200900031975,9,9,9,1755,1,2,1,1.0,3.0,285.0,"23, GEORGES TOURNU (RUE)",,,,700
200500021719,5,4,12,2315,5,2,1,1.0,7.0,103.0,"01, Avenue Jeaun Mermoz",,,,910
201200010475,12,7,18,30,5,2,1,1.0,7.0,27.0,JUIN BOULEVARD MARECHAL,,,,60
200500011866,5,2,22,600,2,1,1,1.0,6.0,37.0,,M,0.0,0,130
201300035080,13,12,24,1025,1,2,1,2.0,6.0,288.0,ALMONT (BOULEVARD DE L'),,,,770
200700015451,7,3,12,1615,1,2,1,1.0,4.0,299.0,GUESDE (RUE JULES),,,,590
200800032796,8,6,27,1353,1,2,1,1.0,7.0,7.0,"0,  MAJOR ALLARD",,,,490
200500017152,5,3,23,1445,1,2,2,1.0,3.0,7.0,SAINT ROCH (Boulevard),,,,840
201100064359,11,1,16,1855,5,2,1,1.0,4.0,120.0,PORTE DE MONTREUIL,,,,750
200700060894,7,10,7,930,1,1,1,1.0,1.0,492.0,,M,4806700.0,701800,880
201600004548,16,6,26,1930,1,1,1,1.0,6.0,363.0,,M,0.0,0,10
201000031535,10,3,12,850,1,2,1,1.0,2.0,261.0,WAGNER (BOULEVARD RICHAR,M,4737440.0,70520,370
200500054634,5,9,13,1645,1,2,1,1.0,1.0,214.0,Undurein,M,4328500.0,-87600,640
201500005188,15,7,21,1215,1,2,4,1.0,3.0,235.0,PLACE DE LA MADELEINE,M,4541619.0,636245,730
201400019388,14,7,20,15,3,1,1,1.0,7.0,483.0,,M,0.0,0,570
201500031570,15,11,6,1436,1,2,1,1.0,1.0,348.0,BD CHARLES DE GAULLE,M,4330916.0,-40911,640
200600020047,6,4,23,315,5,2,1,1.0,6.0,167.0,RES GASTON CABANNES,,,,330
200700002210,7,1,20,1515,1,2,1,1.0,6.0,55.0,"139, DANIEL CASANOVA (BO",,,,130
201300000776,13,12,6,1830,5,2,6,1.0,3.0,275.0,Avenue de l'europe,M,0.0,0,270
200600010537,6,2,15,640,5,2,1,2.0,3.0,65.0,CHARLES LINDBERGH (AV),,,,940
201100053113,11,8,11,2150,4,1,1,1.0,3.0,22.0,A86,M,4877590.0,241376,940
201000017630,10,7,8,745,1,1,1,1.0,4.0,204.0,,M,0.0,0,800
200800072516,8,12,1,1820,5,2,1,1.0,3.0,137.0,"964, GASQUET (AVE JOSEPH",,,,830
201200011608,12,8,12,1720,1,2,1,1.0,1.0,88.0,"37, CARLONE (BD)",,,,60
201200014484,12,11,8,1800,5,2,9,1.0,3.0,55.0,"310, BD DE SAINT MARCEL",M,4328630.0,547395,130
201100012895,11,4,22,1745,1,1,1,1.0,3.0,256.0,,M,4418160.0,456933,300
201300003164,13,12,23,1915,3,1,1,6.0,5.0,315.0,,M,4613607.0,-93745,170
201000038142,10,9,30,1825,1,2,1,1.0,3.0,606.0,"71, WATTEAU (BOULEVARD)",,,,590
200700033541,7,6,8,2015,1,1,1,1.0,6.0,12.0,,M,0.0,0,300
201400030769,14,7,2,2300,5,2,9,1.0,7.0,350.0,DOREZ BARTHELEMY PLACE,,,,590
201300050662,13,7,5,115,5,2,2,1.0,3.0,104.0,PONT DE SULLY,,,,750
200500064979,5,10,18,1800,2,2,1,1.0,2.0,88.0,"34, SAINT-AUGUSTIN (AV.",,,,60
200600004966,6,1,29,1845,3,1,1,2.0,1.0,106.0,,M,4353900.0,176500,310
201100008858,11,2,10,1940,5,2,3,1.0,1.0,185.0,Rue de Rimard,,,,30
201500038065,15,8,14,23,5,2,3,2.0,3.0,25.0,"0, CHARLES DE GAULLE (BD",,,,920
200500042997,5,7,1,1045,1,2,1,1.0,6.0,278.0,RUE DE MULHOUSE,M,0.0,0,680
201500039690,15,10,11,1140,1,2,1,1.0,3.0,1.0,"113/115, FELIX FAURE (BL",,,,930
201000006651,10,1,4,1600,1,1,1,1.0,6.0,271.0,,M,4377900.0,167077,810
201400038415,14,11,4,910,1,2,1,2.0,3.0,201.0,GENERAL DE GAULLE(BOULEV,,,,910
201100019213,11,8,30,1620,1,2,1,1.0,7.0,55.0,"72, AVE DE LATTRE DE TAS",,,,130
200600009335,6,2,6,435,5,2,3,1.0,6.0,17.0,ECH CHAMPERRET AV PTE CH,,,,750
200500084944,5,2,2,1620,1,2,1,1.0,5.0,416.0,"29, HUBERT DE LISLE(BOUL",,,,974
200900064600,9,10,30,1745,1,1,1,1.0,2.0,532.0,RUE DU GOLF,M,4.0,-,500
201600010903,16,1,11,1415,1,2,2,1.0,3.0,88.0,"0, MOLIERE (R.)",M,4371296.0,725986,60
201400027767,14,9,4,1605,1,2,1,1.0,3.0,109.0,"51, BOULEVARD DE LA FRAT",,,,440
201100022429,11,2,26,1000,1,2,3,1.0,7.0,15.0,200 RUE DE PERIGUEUX,M,4564680.0,15170,160
200500049443,5,8,9,2130,2,1,1,1.0,7.0,188.0,,M,4726700.0,556500,390
201000052533,10,11,28,2130,5,2,1,1.0,7.0,18.0,"07, SEMINAIRE DE CONFLAN",,,,940
201000010749,10,8,20,1445,1,1,1,9.0,2.0,173.0,PRNON CONNU ZONE TRAVAUX,M,4704540.0,485095,210
200600014323,6,3,9,1020,1,2,2,2.0,2.0,194.0,JOHN KENNEDY (AVENUE),,,,860
201100003987,11,3,31,945,1,2,1,8.0,1.0,498.0,2 route du Lanot,M,0.0,0,330
201100034878,11,3,22,1855,1,2,1,1.0,6.0,8.0,"56, DRION (BOULEVARD)",,,,590
201100060525,11,7,1,1730,1,2,2,1.0,3.0,112.0,RUE DE CHARENTON,,,,750
200900030681,9,7,28,2050,1,1,1,1.0,2.0,474.0,AUTOROUTE A 62,,,,330
201400049616,14,3,22,1310,1,2,2,2.0,3.0,383.0,RUE PAUL BERT,,,,690
201200059237,12,9,17,618,5,2,7,1.0,3.0,120.0,"10, PLACE GAMBETTA",,,,750
201500050523,15,4,30,1745,1,2,7,2.0,7.0,101.0,"35, RUE DANIELLE CASANOV",,,,750
200800035738,8,6,19,755,1,2,1,1.0,1.0,119.0,ROUTE DES PETITS PONTS,,,,750
200900031627,9,8,20,815,1,1,1,1.0,7.0,261.0,,M,4.0,0,300
200900014872,9,5,22,1615,1,1,1,1.0,6.0,61.0,,M,0.0,0,300
201300022574,13,9,25,1415,1,1,3,1.0,3.0,446.0,,M,4609000.0,334600,630
200500075626,5,11,17,730,2,2,9,1.0,3.0,351.0,"1, ANDREI SAKAROV",,,,760
201100002336,11,2,28,1930,5,2,1,2.0,1.0,16.0,rue de la vieille chapel,M,0.0,0,560
201100008819,11,6,3,1830,1,2,1,1.0,1.0,137.0,x,M,4529800.0,418300,430
200800046055,8,8,20,1625,1,2,1,1.0,6.0,461.0,"0, PASTEUR (AVENUE)",,,,170
201400055084,14,3,2,1030,1,2,2,2.0,3.0,115.0,"105, RUE DE LOURMEL",,,,750
200700024183,7,4,17,1245,1,2,1,1.0,6.0,73.0,"83, DE LATTRE DE TASSIGN",,,,920
200600076189,6,12,29,1610,1,2,1,1.0,3.0,63.0,AVE MAL DE LATTRE TASSIG,,,,330
201400007234,14,1,4,1815,3,1,1,2.0,2.0,36.0,,M,4815765.0,309756,890
201500038248,15,1,13,1840,5,2,1,1.0,6.0,35.0,"74, R?publique ( bouleva",,,,920
201300046909,13,5,4,1650,1,1,1,1.0,7.0,51.0,N13,,,,920
200600047038,6,8,2,1830,1,1,1,1.0,6.0,4.0,BORD DE MER RN.98 LA SIE,,,,60
200700002732,7,1,16,750,2,2,2,1.0,3.0,281.0,AVE DE L'YSER,,,,330
200700004216,7,1,11,1740,2,2,1,1.0,6.0,17.0,L9281 R CHRIST DE PISAN,,,,750
200800037505,8,7,8,1930,1,2,1,1.0,3.0,83.0,rue Charles Pascal,M,4420300.0,473100,840
201600020757,16,5,26,730,1,2,2,1.0,3.0,231.0,"29, BOURROCHES (DES) (BO",M,4730713.0,501966,210
200500059093,5,9,3,1940,1,2,1,1.0,6.0,512.0,CASSEL (RUE DE),,,,590
201400002903,14,5,16,1645,1,1,1,1.0,6.0,405.0,,M,0.0,0,640
200700039392,7,7,22,1630,1,1,1,1.0,7.0,95.0,,M,4997400.0,344000,20
201000023476,10,1,15,1950,5,2,6,1.0,6.0,366.0,"1, SAINTE THERESE (AVENU",M,4914340.0,22936,140
201300005485,13,8,2,2045,1,1,1,1.0,7.0,362.0,,M,4592700.0,324500,630
200900045070,9,5,29,1930,1,1,1,1.0,2.0,12.0,A13,,,,920
201200035123,12,11,12,1845,2,2,1,1.0,4.0,440.0,"., LAFORGUE (AVENUE JULE",M,4322444.0,6594,650
201200051200,12,8,24,1255,1,2,1,1.0,6.0,33.0,"SANS, SEBASTIANI  - AVEN",,,,202
201400031946,14,10,17,2140,5,2,1,1.0,1.0,133.0,"sans, OUSSEKINE (R MALIK",M,5042541.0,291897,620
201200052518,12,3,28,1315,1,1,1,1.0,7.0,81.0,A6   448.490 A 449.450,,,,690
201500031438,15,6,4,920,1,2,5,1.0,6.0,445.0,AV PRESIDENT PIERRE ANGO,M,4331920.0,-36752,640
201000002552,10,10,11,1730,1,1,1,7.0,3.0,650.0,,M,4904300.0,-76400,140
200600064249,6,10,10,1900,1,1,3,1.0,3.0,87.0,"439, CAMARET (ROUTE DE)",,,,840
200900068019,9,11,10,2345,5,2,3,1.0,3.0,123.0,DE GAULLE GENERAL AVENUE,,,,60
200600077799,6,12,12,2030,5,2,1,3.0,2.0,7.0,30 AV LA MOTTE PICQUET,,,,750
201500014719,15,7,8,2100,1,2,1,6.0,7.0,55.0,"391, ROMAIN ROLLAND (BOU",M,4327058.0,540743,130
200500023115,5,4,9,300,5,2,1,1.0,7.0,101.0,ROUTE DE Bouguenais,M,4718700.0,-166300,440
201100018102,11,6,28,730,1,1,1,1.0,2.0,151.0,,M,0.0,0,670
201400042043,14,5,5,1010,1,2,1,1.0,6.0,13.0,"59, LECLERC (AVENU DE LA",,,,930
200700023485,7,4,15,1700,1,2,1,1.0,6.0,212.0,"18, BELGES. RUE DES",,,,760
201600033620,16,2,23,1335,1,2,1,1.0,1.0,351.0,R DEMIDOFF,M,4949727.0,12909,760
200600071757,6,11,1,1745,2,1,8,1.0,6.0,167.0,,M,4692800.0,19800,860
201000017058,10,9,26,1515,1,2,1,1.0,6.0,88.0,"149, FRANCE (R. DE) A PA",,,,60
200800009535,8,2,1,1500,1,2,1,1.0,6.0,137.0,"22, 15EME CORPS (AVE DU)",,,,830
200800043373,8,8,10,1830,1,2,3,1.0,3.0,50.0,PRESIDENT KENNEDY (RUE),,,,930
200500047162,5,7,1,1225,1,2,1,1.0,6.0,51.0,"2, LEVANT (BD)",,,,930
201300055259,13,2,12,1135,1,2,1,2.0,3.0,119.0,"167, AVENUE JEAN JAURES",,,,750
200500001633,5,1,12,645,3,1,1,8.0,6.0,54.0,,M,0.0,0,950
200900022822,9,3,14,2145,4,2,2,1.0,3.0,27.0,TUILIERES AVENUE DES,,,,60
200900012784,9,7,22,1315,1,2,1,1.0,6.0,120.0,PORTE DES LILAS,,,,750
200600082180,6,7,12,2015,5,2,1,1.0,6.0,209.0,"101, RELIGIEUSES (ROUTE",,,,972
200700064782,7,10,16,730,2,1,6,1.0,1.0,53.0,ACACIAS (RUE DES),,,,770
200600031546,6,6,11,1600,1,1,1,1.0,2.0,33.0,,M,4443400.0,629800,40
201600022233,16,12,13,1950,5,2,6,1.0,7.0,232.0,"., TREQUEFFELEC  ROND PO",M,4800322.0,-408418,290
201100056743,11,10,19,1535,1,1,1,8.0,6.0,237.0,RN88,M,4544272.0,446392,420
201000067915,10,4,3,1800,2,2,1,1.0,3.0,7.0,Rue Convoué,G,0.0,0,973
200500010659,5,2,11,1615,1,2,1,1.0,3.0,279.0,ROUTE NATIONALE,M,4819500.0,-285000,220
201400017640,14,8,18,2245,3,1,1,1.0,6.0,10.0,,M,0.0,0,830
200600060870,6,10,30,1810,5,2,2,1.0,3.0,103.0,BOULEVARDBRIAND -ARISTI,,,,130
201600041444,16,5,23,1100,1,2,1,3.0,3.0,66.0,"237, WILSON (AVENUE DU P",,,,930
200500072974,5,11,22,745,2,2,3,8.0,6.0,33.0,DORMOY (AVENUE MARX),,,,180
200800006240,8,2,1,1845,3,1,1,1.0,5.0,228.0,,M,4362700.0,-84400,400
200700051337,7,8,23,1341,1,2,2,2.0,3.0,2.0,"0, VERON (R)",,,,940
201600020490,16,12,3,1500,1,1,1,1.0,7.0,52.0,"N 171, PR 78+600",M,4734408.0,-208944,440
201600007450,16,5,30,130,3,1,1,3.0,6.0,136.0,,M,4824573.0,326636,890
201000037010,10,1,14,820,2,2,1,1.0,6.0,378.0,LILAS RUE DES,,,,590
200800070434,8,12,5,2150,5,2,1,2.0,6.0,202.0,"12, LAROMIGUIERE (BOULEV",,,,120
201400034322,14,12,30,15,5,2,1,1.0,6.0,282.0,"8 ter, RUE DE LA REPUBLI",,,,690
200500063426,5,10,28,2015,5,2,1,1.0,1.0,320.0,RN532,M,4506400.0,524400,260
201600043420,16,9,22,1427,1,2,1,1.0,6.0,58.0,"117, GENERAL DE GAULLE (",,,,940
201200049625,12,9,21,2030,5,1,1,2.0,4.0,64.0,AUTOROUTE A103,,,,930
201300010197,13,8,19,1750,1,2,1,1.0,3.0,27.0,PLAGE BOULEVARD DE LA,,,,60
201200047882,12,1,21,1405,1,2,1,1.0,6.0,18.0,AV  DU MARECHAL FOCH,M,4894390.0,225410,950
201000004364,10,4,26,1630,1,1,2,1.0,3.0,394.0,,M,0.0,0,330
201400018026,14,1,12,815,2,1,1,5.0,1.0,32.0,,M,0.0,0,20
201300006920,13,4,4,1400,1,1,1,7.0,7.0,162.0,,M,0.0,0,710
200700051170,7,8,27,1930,1,2,1,1.0,6.0,64.0,"01, MONT VALERIEN",,,,920
201500046036,15,11,14,2210,4,1,1,1.0,6.0,219.0,AUTOROUTE A115,,,,950
201000002109,10,7,15,145,3,1,1,8.0,6.0,16.0,,M,4832554.0,-395905,290
200800025913,8,5,28,1750,1,2,1,1.0,6.0,4.0,"61, VOLTAIRE ( BD )",,,,920
200900002001,9,3,27,1355,1,2,2,1.0,3.0,115.0,RUE DE SEVRES,,,,750
201000048298,10,5,28,1545,1,2,1,1.0,3.0,24.0,"144, MARTRE (RUE) DE (11",,,,920
200700052792,7,9,9,1930,1,1,2,1.0,3.0,491.0,,M,4971000.0,88900,760
201200060197,12,9,5,1901,1,2,1,1.0,3.0,115.0,PORTE DE SEVRES,,,,750
200800015704,8,3,1,130,3,1,1,1.0,7.0,196.0,,M,0.0,0,350
200500053836,5,8,24,745,2,1,1,1.0,3.0,328.0,ROUTE NATIONALE 352,,,,590
201500036456,15,4,21,1700,1,2,1,1.0,6.0,103.0,"06, PINS (RUE DES)",,,,910
201500026197,15,7,22,800,1,1,1,1.0,6.0,44.0,RD 88,M,4539622.0,432568,420
200500080781,5,12,13,1631,1,2,1,1.0,3.0,555.0,"14, RUE DE BAYARD",,,,310
201200018105,12,5,15,1630,1,2,1,1.0,6.0,197.0,rue du Docteur Coulon,M,0.0,0,180
201300028534,13,2,4,745,1,2,1,1.0,6.0,273.0,"9, MOZART (RUE)",M,4915780.0,588038,540
201000055630,10,4,30,1930,1,1,1,1.0,7.0,10.0,AUTOROUTE A3,M,4889960.0,246956,930
200800025949,8,5,17,1800,1,2,1,1.0,6.0,23.0,"3 bis, BAUDRY (ALLEE)",,,,920
200900020266,9,9,2,1800,1,2,5,1.0,2.0,108.0,RUE DE ROME,,,,750
201300025908,13,7,6,1827,1,2,2,1.0,3.0,261.0,RUE MARCEAU,,,,370
200900066463,9,8,10,1940,1,2,4,1.0,2.0,423.0,N9012/RD 127,M,4.0,0,780
200800066608,8,11,21,730,2,2,1,1.0,3.0,29.0,TONNER (AVENUE FRANCIS),,,,60
201000004018,10,4,29,2015,2,1,1,1.0,1.0,226.0,Thoire,M,0.0,0,850
201000020702,10,3,19,1420,1,2,1,1.0,2.0,55.0,"02, VSN QUAI DU PORT A L",,,,130
201100031717,11,9,29,1840,1,2,3,1.0,3.0,109.0,QUAI DE LA FOSSE,,,,440
201000050688,10,3,7,1920,5,2,1,6.0,2.0,31.0,"169, JOFFRE (AVENUE)",M,4896280.0,229202,930
201400057271,14,12,11,2255,5,2,1,1.0,3.0,120.0,"S23905, AVENUE BENOIT FR",,,,750
200800014142,8,3,7,640,5,2,2,1.0,3.0,77.0,"00, BONDY (AVENUE)",,,,930
201100011444,11,8,10,1015,1,1,1,1.0,3.0,96.0,,M,0.0,0,130
200700026405,7,5,16,2045,3,1,1,3.0,1.0,318.0,,M,0.0,0,250
201400023560,14,10,29,1045,1,2,1,1.0,6.0,555.0,"1, PL AGAPITO NADAL",,,,310
201400053888,14,11,18,1600,1,2,7,2.0,3.0,111.0,"17, PLACE DE LA NATION",,,,750
201400013649,14,7,13,1810,1,2,1,1.0,4.0,5.0,"1345, RN 96 (ROUTE NATIO",M,4331757.0,558253,130
201600053240,16,10,24,1550,1,2,1,1.0,6.0,111.0,"10, PLACE DE LA REPUBLIQ",M,4886750.0,236476,750
201600027290,16,1,29,1320,1,2,1,1.0,6.0,147.0,BD DE LAMBALLE,M,4792728.0,191994,450
201600030072,16,1,21,220,5,2,2,1.0,3.0,350.0,JACQUEMART GIELEE RUE,M,5063151.0,305969,590
200600030995,6,6,13,1745,1,1,1,1.0,2.0,422.0,Le FAUX de la RONZIERE,M,0.0,0,380
200800043395,8,8,28,1215,1,2,1,1.0,6.0,55.0,"58, CHARLES NODIER",,,,930
201100007174,11,4,22,1730,1,1,1,1.0,1.0,227.0,,M,0.0,0,70
200700069440,7,11,16,1215,1,2,1,1.0,3.0,448.0,"10, LAMARTINE (RUE)",,,,520
201500011814,15,9,6,1915,1,1,1,1.0,4.0,271.0,,M,0.0,0,860
201400021594,14,2,6,250,5,2,1,1.0,6.0,229.0,QUATORZE JUILLET (BOULEV,M,4900200.0,109400,270
201400003568,14,2,9,800,1,1,1,1.0,1.0,395.0,,M,0.0,0,310
200700067250,7,10,29,2020,5,2,7,2.0,3.0,117.0,BOULEVARD GOUVION SAINT,,,,750
201300005598,13,9,18,2015,3,1,1,9.0,6.0,258.0,,M,0.0,0,150
201300032848,13,10,22,1027,1,2,1,1.0,6.0,136.0,"60, REMPART-VILLENEUVE",M,4269932.0,288976,660
201200000965,12,5,7,1730,1,1,2,1.0,3.0,17.0,,M,4830774.0,-188112,350
201200062157,12,8,12,150,5,2,3,1.0,1.0,16.0,BARQUISSEAU (RUE),,,,974
200900037163,9,7,21,815,1,1,1,1.0,3.0,149.0,,M,0.0,0,290
201000062268,10,2,6,1745,1,2,1,2.0,6.0,111.0,"121, BOULEVARD DE CHARON",,,,750
201000028369,10,10,7,645,5,2,1,1.0,2.0,555.0,"121, RUE LOUIS PLANA",,,,310
201400033836,14,9,24,1520,1,2,1,2.0,1.0,91.0,"28, JEAN LIGONNET ( R )",,,,690
200700034714,7,6,14,1915,1,2,1,1.0,3.0,55.0,"110, LIEUTAUD (COURS)",,,,130
201600040506,16,11,23,1620,1,2,1,1.0,6.0,31.0,"6, DE LATTRE DE TASSIGNY",,,,930
200600020774,6,4,28,1145,1,2,1,1.0,6.0,41.0,"79, MEAULENS",,,,620
200600064880,6,10,15,1840,2,2,2,1.0,2.0,72.0,"02, MARCEL CACHIN (AVENU",,,,930
200500017261,5,3,27,1500,1,2,1,2.0,6.0,85.0,JOLIOT CURIE (RUE IRENE,,,,870
201000025397,10,5,12,1737,1,2,7,1.0,2.0,231.0,"5, TRANSVAAL (DU) (RUE)",M,4731540.0,504236,210
200800040686,8,7,4,1950,1,1,1,1.0,6.0,121.0,"0, VITARELLE (ROUTE DE L",,,,820
201600041963,16,11,30,1415,1,2,3,1.0,1.0,75.0,TASSIGNY/TASSIGNY,M,4872750.0,253101,940
201000000771,10,9,13,1100,1,1,9,1.0,6.0,263.0,,M,0.0,0,20
201300042166,13,5,14,910,1,2,2,1.0,3.0,77.0,"0, GIRARDOT (AVENUE DE)",,,,930
201000050440,10,10,4,2105,5,2,2,1.0,1.0,57.0,"119, JAURES (AV. JEAN) 1",,,,930
200900059671,9,11,12,1825,5,2,2,1.0,3.0,474.0,10 RUE DE LA LIBERATION,M,4.0,0,510
200500036535,5,6,24,1705,1,2,1,1.0,2.0,48.0,TRIVAUX (AVENUE DE) N° 9,,,,920
201200021705,12,2,1,615,3,1,1,1.0,1.0,404.0,,M,5100767.0,254918,590
201400023389,14,8,12,1910,1,2,1,1.0,2.0,555.0,"999, PONT SAINT MICHEL",,,,310
200600065633,6,10,11,1930,2,2,1,1.0,6.0,388.0,"113, AVENUE DES FRERES L",,,,690
200500022209,5,4,27,1635,1,2,1,1.0,3.0,28.0,"0, LECLERC.(RUE DU GENER",,,,940
201000067357,10,2,12,800,1,2,1,1.0,3.0,17.0,rn 5,A,0.0,0,972
201000045142,10,3,10,55,5,2,1,1.0,7.0,129.0,"000, AUDIBERT (RUE ET CH",,,,830
201300020499,13,6,14,1350,1,2,6,1.0,6.0,113.0,,M,4875129.0,-345894,220
201500054695,15,10,7,900,1,2,7,1.0,3.0,117.0,"30, BOULEVARD DE COURCEL",,,,750
200600015084,6,3,23,750,1,1,1,1.0,7.0,1.0,AUTOROUTE A86,,,,930