Num_Acc,an,mois,jour,hrmn,lum,agg,int,atm,col,com,adr,gps,lat,long,dep
201600050419,16,10,1,1035,1,1,1,2.0,2.0,126.0,A50,,,,830
200600007119,6,2,15,1400,1,2,1,1.0,3.0,87.0,RD71,M,4233400.0,949700,202
201300005591,13,10,14,1600,1,1,1,1.0,7.0,267.0,,M,4494100.0,240500,150
200500009224,5,2,16,2110,5,2,1,1.0,6.0,152.0,"218, LECLERC(AVENUE DU G",,,,770
200900054252,9,8,23,1000,1,2,2,1.0,3.0,172.0,CHASSEURS (RUE DES),M,4.0,0,340
201600028488,16,11,27,1530,1,1,3,1.0,3.0,454.0,RUE DE LOUVOIS/BRETELLE,M,4923130.0,403428,510
200700073448,7,11,13,915,1,1,1,5.0,3.0,1.0,,M,4580000.0,113000,870
200600070063,6,11,14,1730,5,2,2,1.0,3.0,50.0,VAILLANT COUTURIER PAUL,,,,920
200900063183,9,12,26,1200,1,2,3,7.0,3.0,358.0,LOUVOIS (AVENUE DE),,,,780
200900028512,9,3,17,1230,1,2,1,1.0,1.0,657.0,EDELWEISS (RUE DES),,,,910
200700028606,7,5,3,1610,1,1,2,1.0,2.0,184.0,POINT DU JOUR (ROUTE DU),,,,440
200900072736,9,3,15,1430,1,1,1,1.0,7.0,15.0,,R,0.0,0,974
201400028247,14,10,19,1110,1,2,2,1.0,1.0,323.0,LYES (RUE DE),,,,470
201400055466,14,3,15,15,5,2,4,1.0,3.0,116.0,ROUTE DES TRIBUNES,,,,750
201300006660,13,5,5,1300,1,1,1,1.0,6.0,142.0,,M,0.0,0,100
201600053208,16,10,1,2320,5,2,3,1.0,3.0,111.0,"124, AVENUE DE LA REPUBL",M,4886320.0,238559,750
201100066219,11,4,26,2125,5,2,3,1.0,3.0,2.0,HEDER (AVENUE LEOPOLD),,,,973
201000002077,10,7,5,1000,1,1,1,1.0,6.0,260.0,,M,4843688.0,-466900,290
201100043308,11,3,26,1015,1,2,1,1.0,6.0,137.0,"372, MOULIN (AVE JEAN)",,,,830
200700060079,7,10,29,245,3,1,1,1.0,1.0,66.0,,M,0.0,0,270
201000038042,10,12,18,1500,1,2,1,4.0,1.0,14.0,"88, BEAULIEUX (RUE DU SO",,,,590
201600050957,16,10,29,1100,1,1,1,1.0,7.0,71.0,A7-Sens Marseille vers L,M,0.0,0,130
200500080044,5,12,4,140,5,2,2,1.0,7.0,55.0,PLOMBIERES (RUE DE),,,,130
200700046145,7,7,19,2350,5,2,1,1.0,6.0,117.0,"127, RUE DE ROME",,,,750
201000066975,10,7,12,1730,5,2,1,1.0,4.0,117.0,PORTE DE CHAMPERRET,,,,750
200700009412,7,2,5,815,1,2,1,8.0,6.0,483.0,"16, THION DE LA CHAUME R",,,,640
200800041379,8,7,31,2230,5,2,1,1.0,1.0,44.0,"22, PASTEUR (R)",,,,940
200600064888,6,10,29,2035,5,2,1,1.0,2.0,59.0,"125, LENINE (AVENUE) N°3",,,,930
200700067694,7,11,30,1030,1,2,1,1.0,6.0,69.0,"x, BUANDERIE (PLACE DE L",,,,60
200900072829,9,1,10,1747,2,2,1,1.0,1.0,9.0,"7, REVEREND PERE PINCHON",,,,972
200900045136,9,10,1,833,1,2,1,1.0,6.0,85.0,"0, CHURCHILL WINSTON (PL",,,,870
201100052666,11,2,14,1540,1,2,1,1.0,6.0,4.0,MEZZAVIA ROUTE DE,,,,201
201200001081,12,9,14,1115,1,1,3,1.0,1.0,56.0,LA HAUTE RIVIERE,M,4837350.0,-199252,220
200700064495,7,10,10,1445,1,2,3,1.0,6.0,224.0,"98, COLMAR (AVENUE DE)",,,,680
200700032071,7,6,25,1900,1,1,1,8.0,1.0,659.0,,M,0.0,0,600
200700032313,7,6,14,215,3,1,1,1.0,6.0,131.0,,M,0.0,0,440
201100053363,11,2,3,1415,1,1,1,2.0,7.0,256.0,AUTOROUTE A115,,,,950
201200004160,12,10,30,1900,3,1,1,1.0,4.0,149.0,,M,4390900.0,27501,320
200800019214,8,4,7,905,1,1,1,1.0,3.0,39.0,ROUTE NATIONALE 568,,,,130
201600023740,16,3,18,2040,5,2,1,1.0,3.0,119.0,"21, RUE CAMILLE PELLETAN",M,4486150.0,-52007,330
201200044021,12,11,25,1435,1,2,1,1.0,6.0,5.0,EUGENE DELACROIX (RUE),,,,930
200800050762,8,9,4,938,1,2,1,1.0,7.0,7.0,"0, LIZE",,,,490
201100001415,11,1,16,1145,1,2,2,7.0,3.0,5.0,CARREFOUR RD69/RD82,M,4916230.0,124811,270
200700050765,7,8,11,1100,1,2,1,1.0,7.0,401.0,"8, ALBERT JOLY (QUAI)",,,,780
200900011634,9,5,9,1545,1,2,2,3.0,6.0,338.0,R VIEUX BOURG/R J MERMOZ,M,4.0,0,450
201200034090,12,7,26,957,1,2,6,1.0,6.0,113.0,BREZET (ROND-POINT DU),M,4578815.0,313948,630
201600053273,16,12,1,1853,5,2,1,1.0,6.0,111.0,"11, RUE DU FAUBOURG SAIN",M,4885300.0,237082,750
201000019310,10,9,14,1115,1,2,1,1.0,6.0,69.0,"3, GAMBETTA SQUARE -PAIR",,,,110
201100065173,11,6,23,1745,1,2,1,1.0,1.0,24.0,rue Azincourt,A,0.0,0,971
200900057114,9,8,9,1430,1,2,1,1.0,2.0,214.0,MARCHE D'IN (AVENUE),,,,130
200700039305,7,5,19,1830,1,2,4,1.0,6.0,158.0,"0, GLATIGNY (RUE DE)",,,,780
200700027015,7,5,18,1845,1,2,1,1.0,6.0,10.0,CD 35,M,4390600.0,474500,130
200900008964,9,6,10,1715,1,2,3,2.0,6.0,110.0,RUE DU FAUBOURG SAINT MA,,,,750
201100055796,11,1,26,1340,1,2,1,1.0,3.0,383.0,"109, AVENUE LACASSAGNE",,,,690
201600013782,16,3,26,1710,1,1,1,1.0,3.0,43.0,MEDITERRANEE  AVENUE DE,M,4338468.0,521335,130
200600062530,6,10,23,1655,1,2,1,1.0,6.0,65.0,"226, MARTEL HENRI( BOULE",,,,620
200500085999,5,7,13,1030,1,1,1,1.0,6.0,410.0,,R,0.0,0,974
201300050744,13,1,10,1605,1,2,2,2.0,2.0,105.0,"26, BOULEVARD SAINT GERM",,,,750
201400005330,14,11,12,1330,1,1,1,1.0,1.0,255.0,,M,0.0,0,740
201100032851,11,12,7,725,2,2,1,2.0,3.0,99.0,"4, RD160",M,4706029.0,-85107,490
200600034201,6,6,24,1515,1,2,2,1.0,3.0,395.0,PROUVE (RUE VICTOR),,,,540
201200055903,12,12,15,2159,5,2,3,2.0,2.0,111.0,"51, AVENUE PARMENTIER",,,,750
201200040808,12,9,21,1540,1,1,1,2.0,3.0,174.0,PAPETERIE(RUE),,,,910
200600035174,6,6,9,2020,1,2,3,1.0,6.0,11.0,R FONTAINE AU ROI AV PAR,,,,750
200500003634,5,1,27,220,5,2,3,1.0,6.0,147.0,"21, SAINT MESMIN (ROUTE",,,,450
201300052026,13,5,26,2020,1,2,3,1.0,6.0,110.0,"199, RUE SAINT MAUR",,,,750
201600031348,16,5,2,940,1,2,1,1.0,2.0,102.0,AVENUE DU QUATORZE AVRIL,M,4350358.0,-146755,640
201200039239,12,9,24,920,1,2,1,1.0,6.0,61.0,"384, AVENUE VICTOR HUGO",,,,830
201000023628,10,12,12,1800,2,1,1,8.0,6.0,745.0,,M,0.0,0,760
201200039935,12,11,27,1135,1,2,2,1.0,6.0,194.0,"., PROVENCE (RUE DE)",,,,860
200900027101,9,10,18,350,5,2,2,1.0,3.0,109.0,"2, BOULEVARD MONTMARTRE",,,,750
201200009556,12,12,6,1745,2,1,1,2.0,2.0,249.0,D988,M,0.0,0,910
201400049230,14,8,27,1415,1,2,1,1.0,2.0,120.0,"SANS, TOUTES RUES",M,0.0,0,202
201100041449,11,3,11,1550,1,2,1,1.0,1.0,40.0,DEPARTEMENTALE 142,,,,770
201600014855,16,6,4,445,2,2,1,1.0,6.0,209.0,"112, SAINTE MARGUERITE (",M,4326792.0,540735,130
200900044550,9,5,25,830,1,2,1,1.0,3.0,119.0,RD41E ROUTE DE CASSIS,M,4.0,0,130
201200055843,12,11,2,2010,5,2,1,9.0,7.0,111.0,"103, BOULEVARD DE CHARON",,,,750
200700070117,7,11,12,1055,1,2,1,1.0,6.0,290.0,RUE MARECHAL LECLERC,,,,690
200800006406,8,2,17,1415,1,1,1,1.0,3.0,156.0,,M,0.0,0,650
201300029883,13,11,10,1010,1,2,1,1.0,1.0,203.0,POUILLE LUCIEN (RUE),,,,590
200500072368,5,11,15,850,1,2,1,2.0,6.0,123.0,"856, PUGETS ROUTE DES",,,,60
200800060474,8,10,2,1900,2,2,1,2.0,2.0,48.0,"34, COTE DU NORD (RUE DE",,,,930
201200060350,12,11,12,1800,5,2,1,1.0,3.0,112.0,ECHANGEUR BERCY,,,,750
201400038533,14,7,31,1415,1,2,1,1.0,6.0,521.0,GRIGNY (ROUTE DE),,,,910
201300007502,13,8,21,1915,2,1,1,1.0,6.0,9.0,,M,0.0,0,130
200500066337,5,10,3,2003,1,2,3,1.0,3.0,261.0,SAPAILLE (RUE DE),,,,370
201100065486,11,9,10,1830,2,2,1,1.0,6.0,22.0,186 rue du docteur Ignac,R,0.0,0,974
200800055565,8,10,20,700,1,1,1,1.0,6.0,299.0,,M,0.0,0,90
200800062212,8,10,25,1540,1,2,1,1.0,3.0,112.0,PORTE DE VINCENNES,,,,750
201200050075,12,4,12,1144,1,1,1,1.0,6.0,646.0,RN12,,,,780
201600008704,16,11,2,1530,1,1,1,1.0,6.0,145.0,,M,4368360.0,415290,340
201200016275,12,9,28,2145,5,2,1,1.0,6.0,55.0,"107, AVE DE LA VISTE",M,,,130
201600009194,16,6,23,1930,1,2,1,1.0,6.0,8.0,49 route Nationle,M,4254308.0,304875,660
201100055598,11,5,14,1850,1,2,1,8.0,6.0,382.0,"0, RUE FERRANDIERE",,,,690
201400003065,14,12,16,1815,3,1,1,1.0,1.0,252.0,,M,4702286.0,14300,860
200900008761,9,6,3,1130,1,2,1,1.0,2.0,110.0,"227, RUE LA FAYETTE",,,,750
200900070760,9,12,3,1510,1,2,1,1.0,6.0,174.0,"84, DUNANT ( BD HENRI)",,,,910
200600078074,6,12,22,1515,1,2,2,1.0,6.0,19.0,AV AMBROISE RENDU R DE P,,,,750
201100049933,11,11,25,915,1,2,1,1.0,6.0,2.0,R VAILLANT COUTURIER,,,,940
200800019166,8,4,29,1800,1,2,1,1.0,6.0,55.0,"13, RAYMOND TEISSERE (RU",,,,130
200700008936,7,2,2,722,2,2,1,1.0,7.0,7.0,"0, MUSSES CHEMIN",,,,490
201500002954,15,1,1,1700,1,2,1,1.0,6.0,213.0,RD 918,M,4334500.0,-145000,640
200700021022,7,4,19,1119,1,2,6,1.0,3.0,299.0,"172990065, BRIAND BOULEV",,,,170
201000012088,10,6,24,2015,1,1,1,1.0,1.0,15.0,,M,4383300.0,733500,60
200900045440,9,7,15,1740,1,2,2,1.0,3.0,549.0,JACQUES DUCLOS (AVENUE),,,,910
200700020452,7,4,17,1710,1,2,2,1.0,3.0,30.0,"112, SADI CARNOT (BOULEV",,,,60
201500051094,15,6,30,1950,1,2,1,1.0,3.0,105.0,"17, BOULEVARD SAINT GERM",,,,750
200700049985,7,8,23,1755,1,1,1,8.0,1.0,156.0,ST MICHEL (CHEMIN DE LA,,,,460
200900029863,9,4,8,1650,1,2,1,1.0,1.0,34.0,"3, RUE PIERRE BRUNIER",,,,690
200600046620,6,8,27,1615,1,2,1,1.0,6.0,155.0,Chemin St Pierre,M,0.0,0,450
201000008331,10,8,21,1600,1,1,1,1.0,1.0,143.0,,M,4522200.0,695600,730
200500036315,5,6,10,1145,1,2,1,1.0,6.0,479.0,"0, FONTAINEBLEAU (BOULEV",,,,910
201300039188,13,6,2,1730,1,2,2,1.0,3.0,25.0,"103, C.DE G.<> 64 A 128",,,,920
200500047555,5,7,28,1520,1,1,9,2.0,3.0,48.0,AUTOROUTE A3,,,,930
201300044458,13,12,22,1135,1,2,1,2.0,5.0,78.0,AV DU 8 MAI 1945,M,4872650.0,244474,940
200900020423,9,9,8,1830,1,2,3,1.0,6.0,118.0,"36, RUE STEPHENSON",,,,750
201600020433,16,10,25,1045,1,1,1,1.0,2.0,54.0,,M,4548800.0,324700,630
200600001571,6,1,2,1415,1,2,2,1.0,3.0,395.0,"1, FOCH (AVENUE 2 A 16/1",,,,540
201100038184,11,10,13,1425,1,2,1,1.0,3.0,445.0,18 RUE CLAVERIE,M,4330450.0,-39108,640
201300041639,13,2,26,1920,5,2,1,1.0,3.0,63.0,"1, LENINE AVENUE",,,,930
200600037231,6,6,18,1358,1,1,1,1.0,6.0,217.0,A13,,,,780
201300006696,13,10,24,1645,1,1,1,1.0,5.0,259.0,,M,0.0,0,100
201300014446,13,3,17,1800,2,2,1,1.0,4.0,55.0,"145, RUE ALPHONSE DAUDET",M,4332211.0,541241,130
200900007797,9,3,15,1900,1,2,2,1.0,3.0,299.0,"172990316, REPUBLIQUE RU",,,,170
201500028932,15,4,20,945,1,2,6,7.0,3.0,98.0,"0, TRUDAINE (RUE  DANIEL",M,4777736.0,-333890,560
201200021347,12,11,18,310,5,2,2,8.0,6.0,33.0,JURANVILLE (BOULEVARD),M,4708230.0,238914,180
201600023657,16,2,11,1813,5,1,2,2.0,1.0,63.0,BD ALBERT1ER/R.PR DAGUIN,M,4481290.0,-56138,330
201300005113,13,8,3,30,3,1,1,1.0,7.0,214.0,,M,4566714.0,427514,420
201100064362,11,1,17,1550,1,2,1,1.0,2.0,113.0,PORTE D IVRY,,,,750
201300038399,13,12,17,800,2,2,2,1.0,6.0,432.0,BRIAND (AVENUE ARISTIDE),,,,910
201400044827,14,1,31,1445,1,2,2,1.0,3.0,41.0,"49, P VAILLANT C/R LENIN",M,4881810.0,239797,940
200700081560,7,2,10,1545,1,1,1,2.0,6.0,118.0,,A,0.0,0,971
201100025180,11,6,28,855,1,2,1,1.0,6.0,85.0,"sans, CHASLES (BOULEVARD",M,4844263.0,148739,280
201200002493,12,7,27,1345,1,1,1,2.0,1.0,100.0,LE PETIT BOIS,M,4669122.0,-187772,850
201600002224,16,4,17,1845,1,1,4,1.0,3.0,172.0,,M,4809700.0,60000,720
201100039496,11,4,19,800,1,2,3,1.0,6.0,34.0,"00, RUE PASTEUR",,,,690
201600024661,16,5,7,1230,1,2,1,1.0,2.0,198.0,"SANS, D66  VOIE RAPIDE",M,4355820.0,396399,340
201000068694,10,10,1,1415,1,1,1,1.0,2.0,2.0,BADUEL (ROND POINT DE),,,,973
200600056240,6,9,28,1022,1,2,2,1.0,3.0,11.0,R J PIERRE TIMBAUD R DE,,,,750
200800022422,8,4,1,300,5,1,1,1.0,7.0,631.0,AUTOROUTE A1,,,,600
201300049691,13,5,15,1430,1,1,1,1.0,2.0,137.0,A50,,,,830
201300034142,13,11,27,1820,5,2,1,1.0,6.0,76.0,pierre DELIRY,M,4679337.0,485315,710
201100014343,11,8,28,1030,1,1,1,1.0,3.0,224.0,,M,0.0,0,370
200500060229,5,9,29,2330,5,2,2,1.0,7.0,3.0,R SAINT MARTIN R DE TURB,,,,750
200600042408,6,7,8,2315,5,1,6,2.0,6.0,151.0,RN 31,M,0.0,0,600
201600004222,16,10,15,1730,1,1,2,1.0,3.0,408.0,RN2,M,4954150.0,359613,20
200500026072,5,5,29,1345,1,2,2,1.0,3.0,76.0,rue charles de gaulle,M,4808300.0,498300,520
200900033003,9,9,21,1810,1,1,1,1.0,1.0,445.0,OSLON (ROUTE D'),,,,710
201100035917,11,5,5,1250,1,2,2,1.0,2.0,646.0,FLANDRE (AVENUE DE),,,,590
200500044582,5,7,12,1730,1,1,4,1.0,1.0,32.0,"IGNORE, VOIE EXPRESS EST",,,,340
200700039063,7,6,29,1430,1,2,1,2.0,2.0,118.0,"50, RUE STEPHENSON",,,,750
200900052776,9,7,13,1415,1,1,1,2.0,1.0,4.0,,M,4.0,0,130
201500049724,15,8,8,1030,1,1,1,1.0,3.0,297.0,A7   15.770 A 20.110,,,,690
200700067472,7,10,8,1655,1,2,1,1.0,2.0,113.0,PORTE D ITALIE,,,,750
200700036209,7,6,1,2005,1,2,1,8.0,6.0,650.0,GUESDE (RUE JULES),,,,590
201100003389,11,4,23,1000,1,1,1,1.0,6.0,228.0,,M,4749617.0,9294,490
200500049683,5,8,3,1715,1,1,1,1.0,6.0,39.0,,M,4345800.0,365400,340
200500069935,5,10,6,1012,1,1,1,1.0,2.0,286.0,RD 310,,,,910
200700003038,7,1,13,1215,1,2,1,1.0,3.0,218.0,"000000002, NIEPCE NICEPH",,,,420
200700018677,7,4,7,1315,1,2,1,1.0,1.0,752.0,avenue clémenceau,M,4908400.0,-65800,140
200900061781,9,5,22,2355,5,2,1,1.0,6.0,305.0,"77 Bis, MARCEL LE MIGNOT",,,,760
201600003521,16,2,4,1030,1,1,1,1.0,6.0,31.0,,M,4555670.0,112523,870
201100041263,11,10,20,1515,1,2,1,1.0,1.0,139.0,GENERAL DE GAULLE (AVENU,,,,770
201500031193,15,12,9,745,2,2,2,1.0,3.0,300.0,CHATELGUYON-GUYON (AVENU,M,4589760.0,310670,630
200700027089,7,5,18,1745,1,2,1,1.0,1.0,4.0,LITS MILITAIRES RUE DES,,,,60
201600042345,16,11,15,605,5,2,1,2.0,1.0,59.0,ARDOUIN (AV),,,,940
201100001454,11,4,25,1415,1,1,3,1.0,3.0,506.0,,M,4923370.0,91663,270
201200017679,12,2,29,1500,1,1,1,1.0,1.0,391.0,,M,0.0,0,280
201300014007,13,1,9,1400,1,2,1,1.0,6.0,55.0,"140, CHE DE LA COLLINE S",M,4325269.0,542022,130
201600036717,16,1,13,740,3,1,1,1.0,6.0,433.0,RUE DE LA LIBERATION,M,4842354.0,222579,910
200900027198,9,10,20,915,1,2,1,1.0,3.0,112.0,"62, BOULEVARD DIDEROT",,,,750
201200032918,12,12,3,1155,1,2,1,1.0,3.0,512.0,EPEULE  (RUE DE L'),,,,590
200800056555,8,10,20,1945,3,1,1,1.0,3.0,601.0,,M,0.0,0,600
200500056407,5,5,30,1630,1,2,1,1.0,6.0,55.0,MENDES FRANCE (PARKING),,,,130
201600042033,16,5,9,420,5,2,1,8.0,6.0,44.0,AV DU GENERAL LECLERC,M,4874560.0,251111,940
200800004027,8,1,10,1755,5,2,1,1.0,7.0,306.0,DE LATTRE DE TASSIGNY (B,,,,710
201200057325,12,11,17,220,5,2,1,1.0,3.0,115.0,"104, RUE CAMBRONNE",,,,750
200500071601,5,11,24,1315,1,1,1,1.0,6.0,379.0,,M,0.0,0,710
201300040573,13,3,29,830,1,2,1,1.0,2.0,46.0,"., CLOS MONTHOLON (PLACE",,,,920
201100037044,11,10,10,1330,1,2,1,1.0,3.0,510.0,"., JACOB (R FRANCOIS)",,,,620
201500028113,15,3,7,1820,1,2,1,1.0,2.0,108.0,AVE WINSTON CHURCHILL,M,4894246.0,439001,510
201000064309,10,5,4,2240,5,2,5,1.0,2.0,116.0,AVENUE DE VERSAILLES,,,,750
200500067576,5,10,27,1655,1,1,1,1.0,1.0,290.0,PETITES MAUGUETTES (DES),,,,690
201500038756,15,11,19,1650,2,2,3,2.0,7.0,20.0,"6, MERMOZ RUE JEAN",,,,920
201100045017,11,8,18,510,5,2,3,1.0,3.0,434.0,"16, JEAN MOULIN (AVENUE)",,,,910
200900029242,9,3,3,1230,1,2,2,1.0,2.0,29.0,"1, AVENUE PIERRE BROSSOL",,,,690
200800071000,8,12,9,1533,1,2,1,3.0,2.0,189.0,"10, TRIAIRE SERGENT (BOU",M,4383132.0,438628,300
201500040573,15,11,20,2220,5,2,1,8.0,3.0,32.0,"182, MONTFERMEIL   (ALLE",,,,930
201500021285,15,4,16,1030,1,2,1,1.0,6.0,49.0,60 rue Philippe PICARD,M,4614219.0,389104,420
200800060646,8,10,29,305,4,2,3,1.0,3.0,19.0,BORDES (R DES),,,,940
201300025156,13,3,12,1350,1,2,3,8.0,2.0,281.0,RD 177,M,4806738.0,-171443,350
201000033796,10,6,11,1600,1,2,1,1.0,1.0,338.0,7 IMPASSE FRERES LUMIERE,M,4797408.0,271914,450
201500039501,15,10,2,2120,5,2,1,1.0,7.0,75.0,"40, LYCEE (BOULEVARD DU)",,,,920
201300012608,13,3,30,545,4,1,3,2.0,3.0,37.0,,M,0.0,0,130
201500013322,15,11,20,1730,5,2,1,1.0,3.0,70.0,287**VOLTAIRE (BOULEVARD,M,4328211.0,552629,130
200800069534,8,12,18,1845,5,2,6,1.0,1.0,44.0,bvd honore teisseire,M,0.0,0,60
200700037257,7,6,6,1045,1,1,1,1.0,7.0,433.0,RN 191,,,,910
201200025087,12,5,20,400,5,2,3,1.0,7.0,63.0,RUE DE LACANAU CAUD,,,,330
201200057975,12,2,24,1430,1,2,1,1.0,7.0,117.0,"4, AVENUE PAUL ADAM",,,,750
201600048952,16,12,7,1100,1,1,1,1.0,4.0,350.0,AUTOROUTE A25,M,5061688.0,308036,590
201200003752,12,4,17,1800,1,1,1,2.0,7.0,145.0,,M,0.0,0,230
201400047113,14,4,9,1325,1,1,1,1.0,6.0,64.0,AUTOROUTE A86,M,4888360.0,247155,930
200800003849,8,1,31,1210,1,2,1,1.0,6.0,445.0,"198, JEAN MERMOZ",,,,640
201500045879,15,9,25,945,1,1,1,1.0,7.0,5.0,AUTOROUTE A3,M,4893820.0,247979,930
201600006656,16,12,10,1945,3,1,1,2.0,7.0,487.0,,M,0.0,0,670
201100043554,11,4,4,758,1,2,1,1.0,6.0,7.0,SAINT RUF (Avenue),,,,840
200900021913,9,5,8,1830,1,1,1,1.0,3.0,118.0,,M,4.0,0,380
200900069555,9,11,27,810,1,2,2,1.0,6.0,45.0,LIBERTE / SALEZ,M,4.0,0,930
201400036374,14,7,7,1715,1,2,1,1.0,2.0,21.0,"2, LONGUEVILLE (PLACE)",M,4988829.0,229447,800
201200014800,12,2,21,1137,1,2,1,1.0,6.0,55.0,"19, RUE DES CONVALESCENT",M,,,130
201400010071,14,8,2,1700,1,2,3,1.0,3.0,4.0,WILSON BD,,,,60
201200020596,12,1,3,1744,1,2,1,1.0,6.0,300.0,"3, SAINT-DOMINIQUE   RUE",,,,170
201400046700,14,8,30,250,5,1,1,1.0,6.0,28.0,A86 INT,M,4879770.0,244417,940
200800070964,8,12,12,1800,3,2,1,1.0,7.0,7.0,CARNOT (AVE),,,,300
201400027225,14,8,31,1800,1,2,1,1.0,6.0,187.0,"0, BOURGOGNE (RUE DE)",M,4603897.0,407768,420
201000051391,10,10,27,1520,1,2,1,1.0,6.0,53.0,"4, BERGERIES (RUE DES)",,,,930
201200052931,12,11,6,1430,1,2,1,1.0,6.0,389.0,"321, RUE DOYEN GEORGES C",,,,690
200800017483,8,4,6,800,1,1,1,1.0,1.0,152.0,,M,4379700.0,380300,340
201400039214,14,4,29,2015,1,2,1,2.0,7.0,12.0,"116, REINE (ROUTE DE LA)",,,,920
201000013582,10,10,23,2200,3,1,1,1.0,1.0,164.0,,M,0.0,0,660
201400017791,14,6,7,1345,1,2,1,1.0,3.0,364.0,rue de la liberation,M,0.0,0,720
200600019980,6,4,27,955,1,1,1,3.0,7.0,13.0,VIC (ROUTE DE),,,,320
200600010831,6,2,24,1420,1,2,1,1.0,2.0,33.0,"SANS, COLLE - RUE DU",,,,202
200900068029,9,11,27,1650,1,2,1,1.0,6.0,123.0,"242, PUGETS AVENUE DES",,,,60
201000052585,10,5,8,1635,1,2,5,1.0,4.0,19.0,"00, ARISTIDE BRIAND (R)",M,4879910.0,253367,940
200800045645,8,8,9,1220,1,2,2,1.0,3.0,88.0,"1, ANGLAIS PLAGE (N°1 AU",,,,60
200500072810,5,11,23,1230,1,2,1,2.0,2.0,55.0,POMPIDOU (PROM.),,,,130
200800047452,8,8,9,2230,3,1,1,1.0,5.0,278.0,,M,4767700.0,609800,700
201100052947,11,4,7,100,3,1,1,1.0,6.0,121.0,A104,,,,770
201400045811,14,11,6,800,1,2,1,1.0,3.0,63.0,AV GABRIEL PERI,M,4892930.0,221370,950
200500039353,5,6,7,1345,1,1,1,1.0,1.0,271.0,,M,4705600.0,651900,250
200800043170,8,8,22,1600,1,2,3,2.0,1.0,114.0,"91, RUE DE LA TOMBE ISSO",,,,750
201200017406,12,4,30,1830,1,1,1,2.0,1.0,433.0,0,M,4817425.0,551101,520
200600057122,6,9,10,1820,1,2,1,1.0,3.0,50.0,CLEMENCEAU GEORGES AVENU,,,,920
200600010972,6,2,11,750,2,1,1,1.0,7.0,256.0,RN346,,,,690
201100036090,11,12,9,1700,2,2,1,1.0,3.0,646.0,GRAND COTTIGNIES (AVENUE,,,,590
200800001948,8,1,18,750,2,1,1,1.0,1.0,27.0,GAUDE AVENUE DE LA,,,,60
201400018652,14,11,28,900,1,2,3,1.0,3.0,176.0,Place cochard,M,4762487.0,-71877,490
201500020701,15,8,21,1850,1,2,3,1.0,6.0,462.0,"78, BESANCON (DU 72TER A",M,4691609.0,634483,250
201200031817,12,9,4,930,1,2,1,1.0,6.0,632.0,"38, MATTEOTI",,,,590
201600021968,16,12,16,1705,5,2,1,2.0,6.0,19.0,"., ARZEL FRANCOIS",M,4837576.0,-452862,290
200700057043,7,9,13,2110,5,2,1,1.0,3.0,113.0,"4, FLAMINA (RUE DE)",,,,630
201400055697,14,9,14,520,5,2,1,1.0,2.0,116.0,ALLEE DE LONGCHAMP,,,,750
201600055023,16,6,23,1215,1,2,1,1.0,3.0,116.0,RUE DE BOULAINVILLIERS,M,4885220.0,227679,750
200900009310,9,6,24,1845,1,2,1,1.0,6.0,114.0,"54, AVENUE RENE COTY",,,,750
200500073606,5,11,9,925,1,2,1,1.0,2.0,55.0,"63, PARC (RUE DU)",,,,350
201000057154,10,3,23,1953,4,1,1,1.0,7.0,689.0,AUTOROUTE A6B,,,,910
200700054115,7,9,21,1145,1,2,1,1.0,3.0,31.0,avenue du 8 mai 1945,M,0.0,0,340
201600044963,16,8,17,200,5,1,1,1.0,2.0,18.0,A4,M,4881760.0,241364,940
201100055008,11,6,7,145,5,1,1,1.0,7.0,13.0,AUTOROUTE A6B,,,,750
200700006642,7,2,9,1245,1,2,1,8.0,6.0,13.0,Route de Sérignac,M,4389400.0,99100,820
200500074136,5,11,6,1340,1,2,1,1.0,1.0,528.0,GENERAL BIGEARD (AVENUE),,,,540
201400043638,14,8,30,1005,1,2,4,1.0,3.0,78.0,BALLANGER (BD ROBERT),,,,930
200500012960,5,3,19,345,3,1,6,9.0,7.0,172.0,,M,0.0,0,440
201400054394,14,12,16,1705,5,2,4,1.0,6.0,112.0,"47, AVENUE DU GENERAL MI",,,,750
200600036215,6,6,9,840,1,2,1,1.0,6.0,85.0,"120, LOUYAT (AVENUE DE)",,,,870
201100022801,11,6,7,1343,1,2,1,1.0,1.0,300.0,DEFLANDRE   RUE MARCEL,,,,170
201300044600,13,7,27,2340,3,2,1,1.0,6.0,81.0,"48, GERMAIN DEFRESNE (R)",,,,940
200900019509,9,7,28,1800,1,1,1,1.0,1.0,63.0,,M,0.0,0,830
200700046651,7,8,20,1545,1,1,1,3.0,5.0,316.0,,M,4826900.0,-302300,220
200700048838,7,8,29,2011,2,2,2,1.0,3.0,88.0,"0, VOIE ROMAINE (AV. DE",,,,60
201200030267,12,8,17,1100,1,2,1,1.0,1.0,218.0,AVENUE MARECHAL LECLERC,M,4883790.0,-158624,500