Num_Acc,an,mois,jour,hrmn,lum,agg,int,atm,col,com,adr,gps,lat,long,dep
200500062714,5,10,2,1400,1,1,1,1.0,3.0,162.0,,M,0.0,0,290
201600032049,16,6,8,950,1,1,1,1.0,2.0,136.0,SAINT CHARLES (ROCADE),M,4268784.0,285341,660
200600067482,6,11,30,1530,1,2,2,8.0,3.0,232.0,LABARRE (RUE PAULIN),,,,450
201100014808,11,6,24,2010,1,2,1,1.0,6.0,27.0,"63 BIS, CHENES AVENUE DE",,,,60
200600015030,6,3,30,1430,1,1,1,2.0,3.0,28.0,A86,,,,940
200600062136,6,10,27,1345,1,2,2,1.0,3.0,454.0,GAMBETTA (RUE) DU N°1 AU,,,,510
200600047305,6,8,13,750,1,2,1,1.0,6.0,69.0,"1, PONT DE LA PAIX",,,,110
201000043041,10,10,8,1220,1,2,1,1.0,3.0,540.0,"01, MONT RIBOUDET. AVENU",,,,760
201000026859,10,6,7,835,1,2,1,1.0,4.0,134.0,LECLERC (AVENUE DU GENER,M,4874030.0,137807,280
201400011540,14,4,15,1730,1,2,1,1.0,3.0,515.0,Bld de l'universit?,M,4731600.0,510000,210
200700062743,7,10,17,1439,1,2,7,1.0,3.0,231.0,REPUBLIQUE (DE LA) (PLAC,,,,210
201300036917,13,1,26,1210,1,2,1,1.0,7.0,194.0,"49, CHARLES DE GAULLE (P",,,,860
200600081371,6,4,20,1720,1,2,1,3.0,6.0,411.0,"29, BOIS DE NEFLES (RUE",,,,974
201600001484,16,4,15,1130,1,1,2,1.0,3.0,723.0,,M,4923510.0,9681,140
201600053706,16,11,29,2025,5,2,4,1.0,3.0,112.0,QUAI DE LA RAPEE,M,4884640.0,236685,750
201400028131,14,5,31,1505,1,2,1,1.0,6.0,234.0,22 AV PRESIDENT KENNEDY,M,4783902.0,193586,450
200500064735,5,10,23,445,5,2,1,8.0,6.0,691.0,"132, GAMBETTA DE 31/40 A",,,,20
201200042984,12,1,3,1810,5,2,1,2.0,2.0,51.0,"11, JACQUES DULUD (RUE)",,,,920
201500033394,15,1,10,1840,3,1,1,1.0,6.0,305.0,CH DE LA FORGE,M,4951428.0,24295,760
201100050840,11,5,25,1740,1,2,3,1.0,6.0,3.0,RASPAIL / CARON,M,4880100.0,233161,940
200900036186,9,5,4,1515,1,2,3,8.0,3.0,69.0,"78, PAOUTE (ROUTE ET TRA",,,,60
200800009660,8,2,5,1608,1,2,1,1.0,6.0,10.0,"1, ALTKIRCH (AVENUE)",,,,900
200700027176,7,5,18,1610,1,2,1,1.0,1.0,69.0,"147, KENNEDY (BOULEVARD",,,,60
201600021600,16,5,26,1715,1,2,3,1.0,3.0,70.0,VARENNES (RUE DE LA),M,4846493.0,151169,280
200800056841,8,10,1,800,1,2,1,1.0,7.0,69.0,"x, CANNES (ROUTE DE)  -R",,,,60
201500027680,15,11,25,1922,3,1,1,1.0,7.0,267.0,BD de la CHANTERIE,M,4748480.0,-48976,490
201100063800,11,10,28,150,5,2,2,1.0,3.0,120.0,"233, RUE DES PYRENEES",,,,750
201200054326,12,11,27,620,5,2,1,2.0,2.0,106.0,"110, QUAI DE CONTI",,,,750
201200024150,12,3,20,1800,1,2,3,1.0,3.0,555.0,"999, RUE PAUL BERT",,,,310
200600038021,6,7,12,1245,1,2,3,1.0,5.0,55.0,JULES ISAAC (RUE),,,,130
201400003951,14,8,5,1030,1,1,1,1.0,6.0,134.0,,M,4455031.0,123700,460
200800008282,8,2,14,1051,1,2,1,1.0,2.0,281.0,"7, RUE FERDINAND DE LESS",,,,330
201600010030,16,11,18,1000,1,1,1,1.0,3.0,259.0,,M,4822204.0,140369,280
200700018779,7,4,3,1730,1,1,1,1.0,6.0,244.0,,M,0.0,0,490
201400013393,14,10,11,1720,1,2,1,1.0,2.0,176.0,Rue Jo?l Pilon,,,,120
201300056654,13,10,4,1345,1,2,1,1.0,4.0,117.0,PORTE DE CHAMPERRET,,,,750
200500080470,5,12,13,1345,1,2,3,1.0,2.0,275.0,"rd982, LECLERC (AVENUE D",,,,190
201600020331,16,11,15,1730,2,1,2,9.0,6.0,239.0,le dilly,M,4836142.0,-209761,220
201000024811,10,12,28,858,1,2,1,9.0,6.0,205.0,"356, BERRY-BOUY (ROUTE D",M,4709480.0,235162,180
201100043959,11,2,17,1432,1,2,1,1.0,4.0,85.0,"0, EUROPE (CARREFOUR DE",,,,870
200800054439,8,9,9,2245,5,2,1,1.0,6.0,63.0,VOLTAIRE (QUAI),,,,950
200500077700,5,12,23,1345,1,1,1,1.0,6.0,318.0,,M,5088500.0,257500,590
200900007707,9,2,5,1500,1,2,1,1.0,2.0,44.0,45 BOULEVARD DE BRYAS,M,4.0,0,360
200700021176,7,4,22,1222,1,2,1,1.0,3.0,53.0,MITTERAND (AVENUE FRANCO,,,,240
200800015515,8,2,7,1230,1,2,1,1.0,2.0,108.0,PORTES DE LA FORET - QUA,,,,760
201100031778,11,11,18,1340,1,2,6,1.0,7.0,109.0,RUE LEON JOST,,,,440
201300016025,13,11,16,1535,1,1,1,1.0,3.0,55.0,"115, AVE ROGER SALENGRO",M,4331498.0,537023,130
200700060463,7,10,6,1530,1,1,1,1.0,1.0,310.0,,M,4616200.0,-30500,790
201600045608,16,4,15,1830,1,1,1,1.0,4.0,36.0,AUTOROUTE A15,,,,920
201400038638,14,12,19,1650,1,2,6,2.0,6.0,345.0,"14, PASTEUR (RUE)",,,,910
200500082353,5,12,29,1450,1,2,1,4.0,6.0,15.0,280 R DE VAUGIRARD,,,,750
201200060875,12,11,25,930,1,1,9,1.0,6.0,16.0,,M,0.0,0,976
201300027531,13,7,2,1130,1,2,1,1.0,6.0,234.0,19 R DE LA REPUBLIQUE,M,4790441.0,190442,450
200700068306,7,11,16,1555,1,2,3,1.0,7.0,299.0,TROISIEME R.I.C.,,,,170
200900072825,9,1,7,1530,1,2,1,1.0,3.0,9.0,"03, ARTS ET METIERS (RUE",,,,972
201300042225,13,12,19,935,1,2,1,1.0,6.0,77.0,"113, NEUILLY (RUE DE)",,,,930
200500035652,5,6,29,1655,1,2,2,1.0,7.0,16.0,R DAUMIER R CLAUDE TERRA,,,,750
201300005563,13,12,1,15,3,1,1,8.0,1.0,185.0,,M,4629800.0,265300,30
200500044458,5,7,30,1550,1,2,1,1.0,3.0,555.0,NARBONNE (ROUTE DE),,,,310
201600007644,16,7,16,1300,1,1,1,1.0,7.0,320.0,,M,4678876.0,627551,250
201400035483,14,2,26,905,1,2,1,8.0,6.0,288.0,"57, ARISTIDE BRIAND  (BO",,,,770
201500025392,15,4,8,955,1,2,1,1.0,6.0,261.0,1 PLACE JEAN CARPEAUX,,,,370
200900067096,9,9,9,1925,1,1,1,1.0,6.0,395.0,"47, BROT (RUE MARCEL)",,,,540
201000037877,10,11,5,1215,1,2,2,1.0,3.0,512.0,GUESDE (RUE JULES),,,,590
201600030470,16,1,11,1405,1,2,3,2.0,2.0,599.0,GUERRE (RUE FIN DE LA),,,,590
201100040333,11,5,18,1730,1,2,1,1.0,7.0,3.0,ARGENTON (RUE D'),,,,720
200800065683,8,11,23,2140,4,2,1,2.0,6.0,521.0,"., JOLIOT CURIE (AVENUE",,,,910
200800055084,8,10,31,1530,1,1,1,1.0,3.0,621.0,,M,0.0,0,760
201500028053,15,7,24,1950,1,2,2,2.0,3.0,532.0,RUE TOMBELAINE,M,4878830.0,-156548,500
201100035351,11,4,5,2100,5,2,1,1.0,7.0,350.0,"357, HUGO VICTOR  BVD N°",,,,590
200700003795,7,1,16,1355,1,2,1,1.0,2.0,136.0,DESNOYE (BOULEVARD DR. J,,,,660
200500001500,5,1,8,600,5,2,1,1.0,6.0,142.0,AVENUE DE FUMEL,M,0.0,0,340
200800028819,8,5,4,1515,1,2,1,1.0,1.0,172.0,,M,4713400.0,580400,390
201400044364,14,3,5,1650,1,2,5,1.0,3.0,33.0,"224, REPUBLIQUE / RUISSE",M,4885250.0,246553,940
200800059138,8,10,25,1830,2,2,1,1.0,5.0,445.0,"203 bis, PAIX",,,,640
200900056537,9,10,2,1610,1,2,3,1.0,3.0,26.0,ARISTIDE BRIAND,,,,920
201100044496,11,10,16,2000,5,2,1,1.0,6.0,99.0,"87, TURENNE (RUE DE)",,,,900
201200004566,12,3,8,1200,1,1,3,1.0,3.0,173.0,,M,4588600.0,456100,690
200600080975,6,3,18,1905,5,2,1,1.0,7.0,209.0,"10, FRANCOIS REBOULD (BO",,,,972
201200016320,12,10,27,1440,1,2,1,1.0,2.0,55.0,"18, RUE BRETEUIL",M,,,130
201400008700,14,1,17,1745,2,1,1,8.0,1.0,91.0,,M,4377495.0,414980,300
201200031684,12,10,27,1530,1,2,2,1.0,3.0,194.0,"sans, JEAN DESVEAUX",,,,580
201100050194,11,11,18,600,5,2,2,1.0,3.0,17.0,STALINGRAD / ALLIES,,,,940
200700069761,7,11,30,1935,5,2,3,3.0,1.0,526.0,RTE DE ROUBAIX,,,,590
201000009577,10,6,13,830,1,1,1,1.0,3.0,10.0,,M,0.0,0,550
200700028745,7,5,3,1745,1,2,1,1.0,6.0,448.0,"123, ALSACE LORRAINE (AV",,,,520
201400058205,14,2,15,1545,1,2,1,1.0,6.0,24.0,RN4 Face espace Cartesia,A,0.0,0,972
200800050383,8,9,28,240,5,2,1,1.0,7.0,102.0,"58, SOULT (AVENUE MARECH",,,,640
200800020416,8,4,5,330,5,2,3,1.0,2.0,102.0,SOULT (AVENUE MARECHAL),,,,640
201600049994,16,9,6,1655,1,1,1,1.0,4.0,218.0,Autoroute A.35,,,,670
201400031130,14,10,19,1000,1,2,2,1.0,3.0,339.0,"41, LECLERC (RUE DU MARE",,,,590
200600002998,6,1,6,1655,1,2,1,2.0,7.0,551.0,"Ignoré, GAMBETTA (AVENUE",,,,780
201200050241,12,7,26,1035,1,1,1,1.0,3.0,418.0,A14,,,,780
201500052039,15,10,14,1945,2,2,7,3.0,7.0,109.0,"1, RUE AUBER",,,,750
200800054325,8,9,26,1610,1,2,9,1.0,6.0,16.0,MARX DORMOY (R),,,,940
201300039171,13,4,4,830,1,2,2,9.0,3.0,25.0,"0, VALMY (BD DE)",,,,920
200500047339,5,7,5,1030,1,2,2,1.0,3.0,77.0,"0, SADI CARNOT (AV)",,,,940
200800015806,8,3,23,1515,1,1,1,4.0,7.0,402.0,,M,0.0,0,500
201600057287,16,7,2,2115,2,2,1,8.0,3.0,119.0,PORTE D AUBERVILLIERS,M,4890060.0,237300,750
201400017210,14,9,29,2045,3,1,1,1.0,6.0,162.0,lieu-dit Gubian,M,0.0,0,40
201500011191,15,12,8,2000,5,2,1,1.0,6.0,88.0,"0, CALIFORNIE (AV.) (DU",M,4368925.0,724073,60
200700005542,7,1,6,1030,1,2,1,2.0,6.0,78.0,PARIS (R DE),,,,940
201200035161,12,1,30,1240,1,2,1,1.0,5.0,136.0,SALANQUE (AVENUE DE),M,4272652.0,289692,660
200900069137,9,8,7,1305,1,2,2,1.0,3.0,64.0,RHIN / STRASBOURG,M,4.0,0,930
201400059178,14,1,20,1725,1,2,1,1.0,3.0,2.0,BADUEL (ROND POINT DE),G,0.0,0,973
200800042007,8,7,17,1123,1,2,1,1.0,2.0,101.0,PLACE DE LA CONCORDE,,,,750
201500048513,15,3,7,1810,1,2,1,1.0,6.0,386.0,BOULEVARD JULES FAVRE,,,,690
201400036283,14,2,15,1034,1,2,6,1.0,7.0,674.0,AVENUE DEFENSE PASSIVE,M,4991234.0,233837,800
200600017939,6,4,1,1445,1,2,1,3.0,1.0,256.0,rue de Genève,M,0.0,0,740
201400048934,14,9,21,352,3,1,1,1.0,6.0,235.0,RN 104,,,,910
200500000106,5,1,9,230,5,1,2,1.0,6.0,143.0,,,,,600
201000035139,10,4,30,1145,1,2,1,1.0,3.0,454.0,RUE de TINQUEUX,,,,510
200700044580,7,7,12,900,1,2,1,1.0,6.0,549.0,"1, FOSSE AUX LEUX (RUE D",,,,910
200700014547,7,3,22,820,1,2,1,1.0,7.0,555.0,"999, AV DU GENERAL EISEN",,,,310
200600071798,6,11,13,745,2,2,1,1.0,6.0,421.0,45 rue Victor Hugo,M,0.0,0,170
201100050428,11,10,28,1645,1,2,7,1.0,6.0,54.0,SAINT-EXUPERY,,,,940
201500014441,15,2,26,1750,1,2,1,1.0,2.0,55.0,BD JEAN MOULIN,,,,130
200500031262,5,5,17,2000,1,2,1,1.0,6.0,50.0,VAILLANT COUTURIER PAUL,,,,920
200700059414,7,9,14,2345,5,2,1,1.0,3.0,111.0,"68, BOULEVARD VOLTAIRE",,,,750
201200001382,12,7,13,600,2,1,1,1.0,7.0,17.0,,M,0.0,0,560
200600076327,6,12,5,1815,3,2,1,1.0,1.0,32.0,DOMAINE DE LA GALINIERE,,,,340
200500008873,5,2,10,1100,1,2,4,1.0,3.0,14.0,AV OBSERVATOIRE R HENRI,,,,750
200600067793,6,11,14,635,5,2,1,2.0,6.0,221.0,"68, NATIONALE (RUE)",,,,570
200900000423,9,1,11,1725,2,2,5,1.0,6.0,114.0,"1, PLACE DU VINGT CINQ A",,,,750
200800063041,8,11,6,1600,1,1,1,1.0,6.0,437.0,,M,0.0,0,610
200500065853,5,10,10,903,1,1,6,1.0,3.0,189.0,"., ALLENDE SALVADOR (RUE",,,,300
201600028631,16,9,12,1805,1,2,1,1.0,1.0,329.0,"46bis, RUE SAINT LEOPOLD",M,4859048.0,647646,540
200500000114,5,1,18,1800,3,1,1,3.0,3.0,573.0,,M,0.0,0,600
201200035828,12,12,13,850,1,2,2,8.0,3.0,482.0,"0, LANDSBERG (RUE DU)",,,,670
201500044098,15,5,22,620,1,2,1,1.0,7.0,252.0,CHAUSSEE JULES CESAR,M,4900160.0,222060,950
201000010143,10,2,17,600,2,1,1,9.0,7.0,74.0,,M,4749226.0,724798,680
201100034029,11,5,7,1505,1,2,1,1.0,2.0,528.0,BOULEVARD  DE   L' EUROP,,,,540
201100003134,11,3,3,930,1,1,1,1.0,2.0,131.0,,M,0.0,0,440
201600034635,16,6,19,34,3,1,1,1.0,6.0,486.0,D 910,M,4870745.0,186944,780
201000018952,10,3,13,805,1,2,1,1.0,1.0,387.0,"26, JEANNETTE (RUE)",M,4828252.0,408967,100
201100002530,11,4,17,1230,1,2,1,1.0,3.0,99.0,09 route de St Come,M,4931100.0,-125200,500
201600050512,16,2,16,1053,1,1,1,1.0,7.0,55.0,Tunnel Joliette*Marseill,,,,130
201100016376,11,11,14,1240,1,2,1,1.0,6.0,88.0,"156, NAPOLEON III (BD)",,,,60
200600057174,6,9,11,1740,1,2,1,1.0,6.0,75.0,"96, JEAN BLEUZEN (RUE)",,,,920
200500028606,5,5,27,1530,1,2,1,1.0,6.0,150.0,"48, NATIONALE (ROUTE) CO",,,,390
201500013209,15,5,13,2020,1,2,1,1.0,2.0,5.0,"., CD 2 (CAMP MAJOR)",M,4328806.0,552269,130
200600003772,6,1,11,930,1,2,1,1.0,6.0,54.0,ADRIEN RAYNAL (AV),,,,940
201300017983,13,5,19,1315,1,2,1,1.0,6.0,154.0,CD 62 E2,M,4354910.0,398281,340
201600053300,16,1,5,1520,1,2,1,1.0,3.0,112.0,"191, RUE DE BERCY",M,4884390.0,237319,750
200900010538,9,2,17,1350,1,2,1,1.0,3.0,672.0,"0, VERDUN (RUE DE)",,,,570
200600015657,6,3,6,430,5,2,6,1.0,6.0,26.0,Route du Moulin Boisseau,M,0.0,0,440
200700050055,7,8,24,1628,1,2,1,1.0,2.0,121.0,"15, DEBERNARDI (AVENUE)",,,,520
201500046044,15,11,14,1630,1,1,1,1.0,2.0,5.0,AUTOROUTE A3,,,,930
200500012628,5,3,21,1615,1,2,1,1.0,1.0,177.0,10 Rue des Clos,M,4669000.0,24700,860
200800063784,8,11,19,1404,1,2,1,1.0,2.0,121.0,"., FRANCE ( AVE ANATOLE",,,,560
201200016544,12,11,18,1800,2,2,9,1.0,3.0,55.0,BD PIERRE MENARD,,,,130
201300020652,13,10,20,1630,1,1,2,1.0,3.0,215.0,RUE DE MERLET,M,4848961.0,-281686,220
201600017454,16,4,9,615,3,1,1,2.0,7.0,329.0,RD 817,M,4329700.0,-28400,640
201000062638,10,1,23,1950,5,2,1,1.0,3.0,112.0,QUAI DE BERCY,,,,750
201000044508,10,1,8,1535,1,2,1,8.0,3.0,21.0,"17c, WATTEAU (RUE)",,,,800
200800014266,8,3,20,2005,5,2,3,1.0,3.0,73.0,LEON MARCHAND (AV),,,,940
201200034209,12,10,19,1958,1,2,1,1.0,3.0,113.0,BLATIN (RUE),M,4577649.0,307497,630
200800051290,8,9,26,1000,1,2,1,1.0,6.0,482.0,"0, FRANÇOIS MITTERRAND (",,,,670
200700030055,7,5,31,2015,5,2,1,1.0,7.0,19.0,12 R BOTZARIS,,,,750
201100065355,11,3,30,1345,1,2,1,1.0,1.0,11.0,1800 rte Christophe COLO,G,0.0,0,973
200500016295,5,3,5,1640,1,2,1,2.0,7.0,1.0,PL DU CARROUSEL,,,,750
201300000694,13,7,7,1845,1,1,1,1.0,7.0,238.0,,M,0.0,0,270
201400033620,14,4,26,2220,5,2,1,3.0,6.0,224.0,"31, BRIAND (AVENUE ARIST",M,4774922.0,732638,680
201100010390,11,11,26,530,3,1,1,5.0,7.0,390.0,,M,4728390.0,497268,210
200500086847,5,10,9,1200,1,2,3,1.0,3.0,407.0,"17, 20 DECEMBRE 1948(AVE",,,,974
201200019997,12,9,1,1400,1,1,1,2.0,5.0,150.0,,M,0.0,0,202
200800033812,8,6,17,1400,1,2,1,1.0,3.0,21.0,"00, MAIGNAN LARIVIERE (B",,,,800
201000062932,10,9,8,2100,5,2,5,1.0,3.0,112.0,QUAI DE BERCY,,,,750
201100039645,11,7,8,2220,5,2,3,1.0,3.0,256.0,"0, GARIBALDI",,,,690
201100032354,11,2,24,915,1,2,1,1.0,2.0,246.0,"0, LAMARTINE",M,4743543.0,-48608,490
201000039894,10,12,10,1230,1,2,1,1.0,3.0,445.0,RUE MARCA/RUE DES PONTS,M,4329460.0,-37718,640
200600019639,6,4,20,1226,1,2,2,1.0,3.0,231.0,"21, MONTALEMBERT (RUE)",,,,210
201000009350,10,6,9,915,1,2,1,1.0,6.0,683.0,N°16/18 ROUTE DE METZ,M,0.0,0,570
200700080491,7,12,15,510,5,1,1,1.0,2.0,382.0,A7   0.000 A 2.278,,,,690
200600000047,6,1,25,1850,5,2,2,1.0,6.0,112.0,MISTRAL (AVENUE F.),,,,40
200800063328,8,11,29,115,3,1,1,1.0,6.0,106.0,,M,4352800.0,175300,310
200900069783,9,11,26,620,5,2,2,1.0,3.0,292.0,D. 404 (ROUTE),,,,770
200700078490,7,12,10,1150,1,2,2,3.0,3.0,41.0,"0, BEAUFORT",,,,620
200800021446,8,4,18,1325,1,2,1,1.0,6.0,46.0,"40 bis, VICTOR HUGO (R)",,,,940
201100005958,11,7,3,600,2,1,1,1.0,6.0,570.0,,M,4346180.0,181900,310
200500053525,5,8,28,1800,1,1,1,1.0,3.0,28.0,"0, MECHES.(RUE DES)",,,,940
201400001301,14,12,31,700,3,1,1,8.0,1.0,76.0,,M,0.0,0,140
201500050902,15,4,22,1845,1,2,7,1.0,3.0,104.0,"03, PLACE DE LA BASTILLE",,,,750
201300050671,13,7,31,920,1,2,2,1.0,2.0,104.0,"1, QUAI AUX FLEURS",,,,750
200700050866,7,8,21,1435,1,2,6,1.0,3.0,129.0,"000, MER (AVENUE DE LA)",,,,830
200800022254,8,4,26,1750,1,2,2,1.0,3.0,118.0,"10, BOULEVARD NEY",,,,750
201500036054,15,9,26,1902,1,2,1,1.0,4.0,114.0,CARNOT (AVENUE PRESIDENT,M,4582690.0,129164,870
200500083228,5,12,17,2240,5,2,1,1.0,3.0,191.0,"0, DON QUICHOTTE BOULEVA",,,,850
201400036286,14,2,19,410,5,2,1,1.0,7.0,725.0,ROUTE DE NORMANDIE,,,,800
201500029051,15,9,14,750,2,1,1,6.0,5.0,121.0,"0, RN 465",M,4775078.0,-338718,560
200600068898,6,11,18,150,5,2,3,2.0,6.0,20.0,AV GAMBETTA R DES MURIER,,,,750
200800054997,8,10,10,1700,1,1,1,1.0,3.0,136.0,,M,4994600.0,269000,800
200700038853,7,6,21,1553,1,2,1,1.0,6.0,113.0,"154, AVENUE D ITALIE",,,,750
201600003652,16,3,22,1600,1,1,3,1.0,3.0,182.0,D820/CH LESPINASSE,M,4367278.0,140974,310
201600046970,16,8,16,940,1,1,1,1.0,1.0,29.0,A13Y,,,,780
200900019175,9,4,17,1130,1,2,3,1.0,2.0,81.0,"ANGLE, PRESIDENT SALVADO",M,4.0,0,940
200800050211,8,9,1,1315,1,2,3,1.0,3.0,413.0,"SANS, FUSILLES (R DES)",,,,620
201600055209,16,10,26,1300,1,2,2,1.0,2.0,116.0,"39, AVENUE MARCEAU",M,4886850.0,229887,750
201400024579,14,9,24,1315,1,2,2,1.0,3.0,318.0,AVE DU PRESIDENT JF KENN,,,,330
201600032542,16,7,29,1655,1,2,1,1.0,6.0,482.0,"15, GRAVIERE (RUE DE LA)",M,4856066.0,776215,670
201600057761,16,5,21,630,1,2,1,1.0,6.0,304.0,RUE CALI,G,0.0,0,973
200600040876,6,7,26,645,2,2,1,1.0,3.0,65.0,REY (RUE DU),,,,810
201600028572,16,8,23,1810,1,2,1,1.0,6.0,28.0,METZ (RUE DE),M,0.0,0,540
201100001910,11,9,20,1615,1,1,1,1.0,1.0,198.0,,M,4876600.0,-348400,220
201600038225,16,3,14,1825,1,2,1,1.0,6.0,36.0,"0, GENEAL DE GAULLE (AVE",,,,920
201600057284,16,6,30,1020,1,2,1,1.0,4.0,119.0,PORTE DE LA VILLETTE,M,4890030.0,237882,750
201400015326,14,8,18,1630,1,2,2,1.0,3.0,55.0,"50, RUE DE RUFFI",M,4331161.0,537131,130
201100008284,11,9,15,2100,5,2,1,1.0,6.0,263.0,avenue de bonnatrait,M,4633600.0,638000,740
201300035032,13,12,24,1715,3,1,1,3.0,1.0,186.0,d301 de chantoiseau /gra,,,,770
201400030209,14,9,20,1800,1,2,1,1.0,3.0,368.0,"52, REPUBLIQUE (RUE DE L",M,4934038.0,604077,570
200900001749,9,3,15,36,5,2,1,1.0,3.0,112.0,"97, BOULEVARD DIDEROT",,,,750
201400018693,14,8,5,1800,1,1,1,1.0,1.0,296.0,,M,4855060.0,77624,610
201200038991,12,10,18,1010,1,2,2,2.0,3.0,21.0,CHAUSSEE SAINT PIERRE,M,4990370.0,230719,800
201600052130,16,11,22,1820,5,2,4,1.0,3.0,107.0,"11 BIS, BOULEVARD RASPAI",M,4885480.0,232598,750
200700044066,7,7,11,2200,5,2,1,1.0,3.0,12.0,LEMAN (AVENUE DU),,,,740
201600019539,16,11,13,2120,3,1,1,2.0,6.0,315.0,CD 104F PK 3+300,M,4874040.0,720944,570
200900064893,9,10,25,340,5,2,2,8.0,2.0,238.0,CHï¿½TEAUGIRON/MOUï¿½ZY,M,4.0,-,350
201100036839,11,11,22,1130,1,2,1,1.0,6.0,548.0,"1675, DE GAULLE (av.du G",,,,620
201000014964,10,8,3,1445,1,1,1,1.0,1.0,170.0,,M,4758800.0,59666,370
201600054187,16,4,17,2200,4,2,2,1.0,2.0,114.0,"76, BOULEVARD SAINT JACQ",M,4883330.0,233615,750
201200010791,12,2,18,1240,1,2,1,1.0,1.0,69.0,"x, MISTRAL (AVENUE ET PL",,,,60
200500018596,5,4,18,2010,2,2,1,1.0,4.0,88.0,"99, ANGLAIS (DU N° 45 AU",,,,60
201000053280,10,6,30,1535,1,2,2,1.0,2.0,38.0,HAMEAU (R DU),M,4877100.0,232877,940
200900049839,9,12,31,1130,1,2,3,1.0,5.0,79.0,ROUSSEAU (AVENUE HECTOR),,,,590
200900016146,9,8,19,1835,1,2,2,1.0,3.0,114.0,"83, BOULEVARD ARAGO",,,,750
200600080237,6,12,4,610,3,1,1,2.0,5.0,216.0,A55-Sens Marseille vers,,,,130
201000024464,10,11,9,1019,1,2,1,8.0,6.0,306.0,"0, REPUBLIQUE (DE LA) (B",,,,170
200700004911,7,1,16,755,5,2,3,1.0,3.0,194.0,BRETAGNE (AVENUE DE),,,,850
201300054045,13,3,11,1120,1,2,1,1.0,2.0,116.0,"173, AVENUE VICTOR HUGO",,,,750
200600013816,6,3,24,1415,1,2,3,2.0,3.0,13.0,AV DES GOBELINS VLA DES,,,,750
200700047629,7,8,5,2245,5,1,1,1.0,3.0,424.0,,M,4840800.0,715600,670
201500027886,15,6,9,1300,1,2,6,1.0,3.0,602.0,BD DE L'EST/R J MOULIN,M,4963550.0,-156667,500
201300020598,13,7,24,1450,1,2,1,1.0,6.0,278.0,"5, SAINT-FRANCOIS",M,4851175.0,-275933,220
201500012734,15,6,3,1628,1,2,1,1.0,6.0,69.0,BOUFFET HENRY,M,4321026.0,230482,110
201400021693,14,9,3,1815,1,1,6,1.0,3.0,458.0,Voie Nouvelle,M,0.0,0,910
200900033343,9,6,15,1130,1,2,1,3.0,6.0,227.0,"., KIND (RUE DE L'INGENI",,,,570
201400037331,14,5,5,1855,1,2,2,1.0,3.0,194.0,11 NOVEMBRE (AVENUE DU),,,,860
200600039117,6,7,6,5,5,2,1,1.0,2.0,129.0,"0, LAVIEILLE (RUE FRANCO",,,,500
200900062063,9,7,18,1845,1,2,1,2.0,3.0,704.0,rue de la vierge,M,0.0,0,760
201200035112,12,10,22,1830,2,2,1,1.0,6.0,440.0,"18, ARAGO (RUE)",M,4323104.0,8655,650
200500034079,5,6,15,1315,1,2,1,1.0,3.0,602.0,EST (BOULEVARD DE L'),,,,500
201500031426,15,3,9,1210,1,2,3,1.0,6.0,445.0,RUE HENRI FAISANS,M,4330056.0,-36034,640
200900037541,9,10,30,1505,1,2,1,1.0,6.0,232.0,"., COLBERT JEAN BAPTISTE",,,,290
201200050012,12,3,6,850,1,1,1,1.0,3.0,47.0,A13,,,,920
201200027000,12,4,20,745,1,2,3,1.0,3.0,288.0,"0, GAMBETTA (BOULEVARD)",M,4864926.0,-199158,350
200900021602,9,6,5,1630,1,2,1,1.0,6.0,322.0,"007, MONTAIGNE (BOULEVAR",,,,240
200800039806,8,7,8,1720,1,2,3,1.0,3.0,121.0,"., ROBIN (RUE  FRANCOIS",,,,560
200600040919,6,7,2,1810,1,2,1,1.0,7.0,137.0,REPUBLIQUE (AVE DE LA),,,,830
200600078242,6,12,1,920,1,2,1,1.0,6.0,14.0,122 AV DU MAINE,,,,750
201400026392,14,6,7,1645,1,2,1,1.0,2.0,261.0,64 RUE DANIEL MAYER,,,,370
201100014738,11,3,14,1000,1,2,1,1.0,6.0,123.0,"323, LECLERC GENERAL AVE",,,,60
201500012926,15,1,30,615,3,1,1,3.0,4.0,457.0,,M,0.0,0,310
200900058741,9,11,20,1120,1,2,1,1.0,6.0,32.0,"4 bis, MOULIN JEAN (AV)",M,4.0,0,340
200700046480,7,8,21,1800,1,1,1,1.0,7.0,36.0,,M,5046400.0,223800,620
201000064099,10,11,22,1920,5,2,2,1.0,3.0,115.0,"134, AVENUE EMILE ZOLA",,,,750
201500000908,15,4,24,2115,3,1,1,2.0,1.0,33.0,,M,4792139.0,-174271,350
201000031928,10,12,1,2320,5,2,1,8.0,3.0,233.0,DUCLOS (AVENUE JACQUES),,,,370
200700073265,7,11,30,945,1,2,1,1.0,1.0,26.0,44 route de cholet,M,4750500.0,-80100,490